scenario,replicate,parameter,truth,estimate,error,abs_error,sq_error
brownian,0,drift,0.15,0.2745515776489839,0.12455157764898392,0.12455157764898392,0.01551309549485087
brownian,0,sigma,0.3,0.1856185754375441,-0.1143814245624559,0.1143814245624559,0.01308311028493679
ou,0,theta,0.8,1.1411090763642588,0.3411090763642588,0.3411090763642588,0.11635540197807774
ou,0,mu,0.2,0.26540628588946324,0.06540628588946323,0.06540628588946323,0.004277982233854197
ou,0,sigma,0.25,0.2168369052315365,-0.03316309476846349,0.03316309476846349,0.0010997908546220906
shifted_ou,0,theta,0.7,3.798960070404782,3.0989600704047824,3.0989600704047824,9.603553517963213
shifted_ou,0,mu0,0.1,0.17605872875219067,0.07605872875219066,0.07605872875219066,0.0057849302193993144
shifted_ou,0,delta,0.6,0.14536021837154484,-0.45463978162845514,0.45463978162845514,0.20669733103916937
shifted_ou,0,sigma,0.2,0.23868174477706305,0.03868174477706304,0.03868174477706304,0.001496277378997844
brownian,1,drift,0.15,0.10593885281227229,-0.0440611471877277,0.0440611471877277,0.001941384691498605
brownian,1,sigma,0.3,0.2558087610499092,-0.044191238950090805,0.044191238950090805,0.0019528655999440227
ou,1,theta,0.8,0.932944224580692,0.132944224580692,0.132944224580692,0.017674166849361468
ou,1,mu,0.2,-0.017461179769146167,-0.21746117976914617,0.21746117976914617,0.047289364706588906
ou,1,sigma,0.25,0.21269721100198893,-0.037302788998011066,0.037302788998011066,0.0013914980670301355
shifted_ou,1,theta,0.7,0.5190337554417919,-0.1809662445582081,0.1809662445582081,0.03274878166950118
shifted_ou,1,mu0,0.1,-0.027600893890897395,-0.1276008938908974,0.1276008938908974,0.016281988121756057
shifted_ou,1,delta,0.6,0.6293400976809013,0.02934009768090129,0.02934009768090129,0.0008608413319248292
shifted_ou,1,sigma,0.2,0.1599562503793866,-0.04004374962061341,0.04004374962061341,0.0016035018836783768
brownian,2,drift,0.15,0.22306051166522792,0.07306051166522792,0.07306051166522792,0.0053378383647849055
brownian,2,sigma,0.3,0.2774793701520284,-0.022520629847971596,0.022520629847971596,0.0005071787687493492
ou,2,theta,0.8,2.048748221311785,1.248748221311785,1.248748221311785,1.559372120229347
ou,2,mu,0.2,0.026790419524428198,-0.1732095804755718,0.1732095804755718,0.030001558768523586
ou,2,sigma,0.25,0.21210276140299703,-0.037897238597002975,0.037897238597002975,0.001436200693278172
shifted_ou,2,theta,0.7,1.962610174839118,1.262610174839118,1.262610174839118,1.5941844536072682
shifted_ou,2,mu0,0.1,0.16749644984113887,0.06749644984113887,0.06749644984113887,0.004555770741157375
shifted_ou,2,delta,0.6,0.43595694888213865,-0.16404305111786133,0.16404305111786133,0.026910122620057264
shifted_ou,2,sigma,0.2,0.25579075298918486,0.055790752989184844,0.055790752989184844,0.0031126081191002377
brownian,3,drift,0.15,0.035890356902107096,-0.1141096430978929,0.1141096430978929,0.013021010647928497
brownian,3,sigma,0.3,0.2553857183276839,-0.04461428167231607,0.04461428167231607,0.0019904341291367574
ou,3,theta,0.8,0.904952016100548,0.10495201610054794,0.10495201610054794,0.011014925683569675
ou,3,mu,0.2,-0.01389579276416969,-0.2138957927641697,0.2138957927641697,0.04575141016221263
ou,3,sigma,0.25,0.2601829231800745,0.010182923180074521,0.010182923180074521,0.000103691924491299
shifted_ou,3,theta,0.7,0.9880570206581342,0.2880570206581342,0.2880570206581342,0.08297684715044076
shifted_ou,3,mu0,0.1,0.17581193877359966,0.07581193877359965,0.07581193877359965,0.005747450060612023
shifted_ou,3,delta,0.6,0.4109817754337103,-0.1890182245662897,0.1890182245662897,0.035727889218192324
shifted_ou,3,sigma,0.2,0.17598335776384702,-0.02401664223615299,0.02401664223615299,0.0005767991042993678
brownian,4,drift,0.15,0.04958210882952361,-0.10041789117047639,0.10041789117047639,0.01008375286712564
brownian,4,sigma,0.3,0.2512646703434753,-0.04873532965652466,0.04873532965652466,0.0023751323567301323
ou,4,theta,0.8,0.674186712561528,-0.1258132874384721,0.1258132874384721,0.0158289832960756
ou,4,mu,0.2,0.15423722152363611,-0.0457627784763639,0.0457627784763639,0.0020942318938767545
ou,4,sigma,0.25,0.18193491864702346,-0.06806508135297654,0.06806508135297654,0.004632855299587314
shifted_ou,4,theta,0.7,2.0714528389391877,1.3714528389391878,1.3714528389391878,1.8808828894343577
shifted_ou,4,mu0,0.1,-0.10212921818137534,-0.20212921818137536,0.20212921818137536,0.04085622084261404
shifted_ou,4,delta,0.6,0.25300158894634966,-0.3469984110536503,0.3469984110536503,0.12040789727375807
shifted_ou,4,sigma,0.2,0.2496786417011052,0.0496786417011052,0.0496786417011052,0.0024679674412667885
brownian,5,drift,0.15,0.14002438626784,-0.009975613732159994,0.009975613732159994,9.951286933325903e-05
brownian,5,sigma,0.3,0.32217510888833145,0.022175108888331463,0.022175108888331463,0.0004917354542093571
ou,5,theta,0.8,1.093601136326425,0.29360113632642504,0.29360113632642504,0.08620162725216803
ou,5,mu,0.2,0.16189312187661573,-0.038106878123384286,0.038106878123384286,0.0014521341603104638
ou,5,sigma,0.25,0.24375535907071105,-0.006244640929288947,0.006244640929288947,3.899554033575073e-05
shifted_ou,5,theta,0.7,0.8906390796282645,0.19063907962826454,0.19063907962826454,0.03634325868151179
shifted_ou,5,mu0,0.1,0.25129335278017667,0.15129335278017667,0.15129335278017667,0.022889678595466992
shifted_ou,5,delta,0.6,0.69525859003114,0.09525859003114001,0.09525859003114001,0.009074198974720808
shifted_ou,5,sigma,0.2,0.2030988158106206,0.0030988158106205754,0.0030988158106205754,9.602659428152054e-06
brownian,6,drift,0.15,0.194610973804444,0.04461097380444401,0.04461097380444401,0.0019901389837807897
brownian,6,sigma,0.3,0.29092695352194176,-0.009073046478058233,0.009073046478058233,8.232017239300491e-05
ou,6,theta,0.8,1.4026672267382927,0.6026672267382926,0.6026672267382926,0.3632077861844246
ou,6,mu,0.2,0.14464095416423067,-0.05535904583576934,0.05535904583576934,0.0030646239558468104
ou,6,sigma,0.25,0.2394125708328225,-0.010587429167177503,0.010587429167177503,0.00011209365637000093
shifted_ou,6,theta,0.7,1.403710566780134,0.703710566780134,0.703710566780134,0.4952085617980174
shifted_ou,6,mu0,0.1,0.06121577438595065,-0.03878422561404936,0.03878422561404936,0.0015042161564814823
shifted_ou,6,delta,0.6,0.45181066699482314,-0.14818933300517684,0.14818933300517684,0.02196007841651919
shifted_ou,6,sigma,0.2,0.18954172324553548,-0.010458276754464535,0.010458276754464535,0.00010937555267297325
brownian,7,drift,0.15,0.35598919124507183,0.20598919124507184,0.20598919124507184,0.04243154690979878
brownian,7,sigma,0.3,0.19305960913542572,-0.10694039086457427,0.10694039086457427,0.01143624719826792
ou,7,theta,0.8,0.2563542104490328,-0.5436457895509672,0.5436457895509672,0.29555074449649454
ou,7,mu,0.2,-0.5870321680768823,-0.7870321680768824,0.7870321680768824,0.6194196335877981
ou,7,sigma,0.25,0.19682435582158309,-0.053175644178416914,0.053175644178416914,0.0028276491337896046
shifted_ou,7,theta,0.7,1.2729101300432397,0.5729101300432398,0.5729101300432398,0.3282260171061619
shifted_ou,7,mu0,0.1,-0.09348328888884574,-0.19348328888884575,0.19348328888884575,0.03743578307924454
shifted_ou,7,delta,0.6,0.8377631434752485,0.23776314347524852,0.23776314347524852,0.05653131239523161
shifted_ou,7,sigma,0.2,0.18189894873572574,-0.018101051264274276,0.018101051264274276,0.0003276480568718854
brownian,8,drift,0.15,0.3505453444272363,0.2005453444272363,0.2005453444272363,0.04021843517143883
brownian,8,sigma,0.3,0.3893372017030364,0.08933720170303638,0.08933720170303638,0.007981135608129008
ou,8,theta,0.8,2.1971066266862747,1.3971066266862746,1.3971066266862746,1.9519069263307014
ou,8,mu,0.2,0.32396051691595074,0.12396051691595072,0.12396051691595072,0.015366209754069706
ou,8,sigma,0.25,0.3236115116150327,0.07361151161503271,0.07361151161503271,0.005418654642250095
shifted_ou,8,theta,0.7,0.5267030597448938,-0.1732969402551061,0.1732969402551061,0.030031829501781817
shifted_ou,8,mu0,0.1,-0.022176749556609712,-0.12217674955660972,0.12217674955660972,0.014927158132218532
shifted_ou,8,delta,0.6,0.8679157494689288,0.2679157494689288,0.2679157494689288,0.07177884881349783
shifted_ou,8,sigma,0.2,0.1491883053306913,-0.05081169466930871,0.05081169466930871,0.002581828315167055
brownian,9,drift,0.15,0.26276426498193717,0.11276426498193717,0.11276426498193717,0.012715779456916543
brownian,9,sigma,0.3,0.3234312207723315,0.023431220772331507,0.023431220772331507,0.0005490221068817395
ou,9,theta,0.8,1.2525139010519284,0.45251390105192835,0.45251390105192835,0.2047688306452344
ou,9,mu,0.2,0.1440734034185244,-0.05592659658147561,0.05592659658147561,0.0031277842051871197
ou,9,sigma,0.25,0.24997812900385985,-2.1870996140149757e-05,2.1870996140149757e-05,4.783404721624456e-10
shifted_ou,9,theta,0.7,0.056120982490665335,-0.6438790175093346,0.6438790175093346,0.41458018918878603
shifted_ou,9,mu0,0.1,1.332319738678812,1.2323197386788118,1.2323197386788118,1.518611938337415
shifted_ou,9,delta,0.6,3.1871743245957416,2.5871743245957415,2.5871743245957415,6.693470985847431
shifted_ou,9,sigma,0.2,0.12109506108998747,-0.07890493891001255,0.07890493891001255,0.006225989384392811
brownian,10,drift,0.15,0.24937712014645985,0.09937712014645986,0.09937712014645986,0.009875812008603917
brownian,10,sigma,0.3,0.3037582909838428,0.003758290983842838,0.003758290983842838,1.4124751119234366e-05
ou,10,theta,0.8,0.9592327521765448,0.15923275217654476,0.15923275217654476,0.02535506936571692
ou,10,mu,0.2,0.176350161785064,-0.02364983821493602,0.02364983821493602,0.0005593148475926482
ou,10,sigma,0.25,0.31702359171954053,0.06702359171954053,0.06702359171954053,0.004492161846987662
shifted_ou,10,theta,0.7,1.2152445026218601,0.5152445026218602,0.5152445026218602,0.26547689748204806
shifted_ou,10,mu0,0.1,0.2684031855283152,0.1684031855283152,0.1684031855283152,0.028359632896084154
shifted_ou,10,delta,0.6,0.37972613832231933,-0.22027386167768065,0.22027386167768065,0.048520574138397984
shifted_ou,10,sigma,0.2,0.23312030435633938,0.033120304356339364,0.033120304356339364,0.0010969545606565522
brownian,11,drift,0.15,0.15892957461272014,0.008929574612720148,0.008929574612720148,7.973730276413618e-05
brownian,11,sigma,0.3,0.32119997024405844,0.021199970244058453,0.021199970244058453,0.0004494387383489638
ou,11,theta,0.8,0.7554962745646621,-0.04450372543533798,0.04450372543533798,0.001980581577623949
ou,11,mu,0.2,0.31192385443651555,0.11192385443651554,0.11192385443651554,0.012526949191926318
ou,11,sigma,0.25,0.19565009000028266,-0.05434990999971734,0.05434990999971734,0.0029539127169773746
shifted_ou,11,theta,0.7,0.5875912094984608,-0.11240879050153918,0.11240879050153918,0.012635736182018924
shifted_ou,11,mu0,0.1,-0.11112585017476607,-0.2111258501747661,0.2111258501747661,0.04457412461201778
shifted_ou,11,delta,0.6,1.2443666516114589,0.6443666516114589,0.6443666516114589,0.41520838170896324
shifted_ou,11,sigma,0.2,0.1378553237832575,-0.06214467621674252,0.06214467621674252,0.003861960782083764
brownian,12,drift,0.15,0.29854877420992454,0.14854877420992454,0.14854877420992454,0.022066738319271143
brownian,12,sigma,0.3,0.27402033128503617,-0.02597966871496382,0.02597966871496382,0.0006749431865392699
ou,12,theta,0.8,1.196003991479955,0.3960039914799549,0.3960039914799549,0.1568191612680562
ou,12,mu,0.2,0.29874802792457267,0.09874802792457266,0.09874802792457266,0.009751173018992181
ou,12,sigma,0.25,0.3121475724048237,0.062147572404823714,0.062147572404823714,0.003862320755812806
shifted_ou,12,theta,0.7,0.5128593941234884,-0.1871406058765116,0.1871406058765116,0.03502160636782785
shifted_ou,12,mu0,0.1,-0.11378225489009455,-0.21378225489009456,0.21378225489009456,0.04570285250589336
shifted_ou,12,delta,0.6,0.8922648251135937,0.29226482511359375,0.29226482511359375,0.08541872799867954
shifted_ou,12,sigma,0.2,0.15396898302076123,-0.04603101697923878,0.04603101697923878,0.002118854524142969
brownian,13,drift,0.15,0.3417182165710007,0.19171821657100072,0.19171821657100072,0.03675587456516513
brownian,13,sigma,0.3,0.26921647843745,-0.030783521562549987,0.030783521562549987,0.00094762519979198
ou,13,theta,0.8,0.7797923307359018,-0.020207669264098227,0.020207669264098227,0.00040834989708718016
ou,13,mu,0.2,0.1869102162159322,-0.013089783784067804,0.013089783784067804,0.00017134243951364445
ou,13,sigma,0.25,0.2701823362427017,0.020182336242701715,0.020182336242701715,0.00040732669621347116
shifted_ou,13,theta,0.7,2.3599877245388994,1.6599877245388994,1.6599877245388994,2.7555592456198332
shifted_ou,13,mu0,0.1,-0.00790800517231,-0.10790800517231,0.10790800517231,0.011644137580267283
shifted_ou,13,delta,0.6,0.7702182581297201,0.17021825812972013,0.17021825812972013,0.028974255400716034
shifted_ou,13,sigma,0.2,0.1698282195732032,-0.0301717804267968,0.0301717804267968,0.0009103363341228385
brownian,14,drift,0.15,0.016237157275147497,-0.1337628427248525,0.1337628427248525,0.017892498093833628
brownian,14,sigma,0.3,0.2724034329152106,-0.027596567084789414,0.027596567084789414,0.0007615705148652825
ou,14,theta,0.8,0.836346893851566,0.036346893851565976,0.036346893851565976,0.0013210966926570046
ou,14,mu,0.2,0.42491206369072415,0.22491206369072414,0.22491206369072414,0.05058543639362035
ou,14,sigma,0.25,0.18168103494039448,-0.06831896505960552,0.06831896505960552,0.0046674809868156005
shifted_ou,14,theta,0.7,2.405807311773524,1.7058073117735242,1.7058073117735242,2.909778584900017
shifted_ou,14,mu0,0.1,0.07687948555652951,-0.02312051444347049,0.02312051444347049,0.0005345581881307275
shifted_ou,14,delta,0.6,0.14469641234531658,-0.4553035876546834,0.4553035876546834,0.20730135693122595
shifted_ou,14,sigma,0.2,0.15548809428935914,-0.04451190571064087,0.04451190571064087,0.001981309749992983
brownian,15,drift,0.15,0.08261772204066438,-0.06738227795933562,0.06738227795933562,0.004540371382989166
brownian,15,sigma,0.3,0.30929394059565535,0.009293940595655359,0.009293940595655359,8.637733179557069e-05
ou,15,theta,0.8,1.0291171047898455,0.22911710478984548,0.22911710478984548,0.05249464770728104
ou,15,mu,0.2,0.2667531349339246,0.0667531349339246,0.0667531349339246,0.004455981023506745
ou,15,sigma,0.25,0.2906342658688416,0.04063426586884161,0.04063426586884161,0.0016511435626997064
shifted_ou,15,theta,0.7,0.5373678185861945,-0.16263218141380542,0.16263218141380542,0.02644922643141292
shifted_ou,15,mu0,0.1,0.2036965080257465,0.10369650802574648,0.10369650802574648,0.010752965776733705
shifted_ou,15,delta,0.6,0.5946818065375867,-0.005318193462413245,0.005318193462413245,2.8283181703654984e-05
shifted_ou,15,sigma,0.2,0.14627545618352103,-0.05372454381647898,0.05372454381647898,0.00288632660828877
brownian,16,drift,0.15,0.3372134694193575,0.1872134694193575,0.1872134694193575,0.0350488831320327
brownian,16,sigma,0.3,0.3496671881448103,0.049667188144810304,0.049667188144810304,0.002466829578211985
ou,16,theta,0.8,0.9174334754962549,0.11743347549625482,0.11743347549625482,0.013790621167129482
ou,16,mu,0.2,0.25626965231468946,0.056269652314689445,0.056269652314689445,0.0031662737716160352
ou,16,sigma,0.25,0.19312654981058747,-0.05687345018941253,0.05687345018941253,0.0032345893364475885
shifted_ou,16,theta,0.7,1.1858416795796236,0.48584167957962365,0.48584167957962365,0.2360421376167497
shifted_ou,16,mu0,0.1,0.24600228175699224,0.14600228175699223,0.14600228175699223,0.021316666278248145
shifted_ou,16,delta,0.6,0.5785039886526456,-0.02149601134735435,0.02149601134735435,0.00046207850384558693
shifted_ou,16,sigma,0.2,0.1905871446966746,-0.009412855303325418,0.009412855303325418,8.860184496134144e-05
brownian,17,drift,0.15,0.2431600925826757,0.09316009258267571,0.09316009258267571,0.00867880285001271
brownian,17,sigma,0.3,0.29994306556778827,-5.6934432211719344e-05,5.6934432211719344e-05,3.241529571270865e-09
ou,17,theta,0.8,1.3666668476664476,0.5666668476664476,0.5666668476664476,0.3211113162442289
ou,17,mu,0.2,0.22955040560737566,0.02955040560737565,0.02955040560737565,0.0008732264715604184
ou,17,sigma,0.25,0.25741351628065473,0.0074135162806547306,0.0074135162806547306,5.496022364353275e-05
shifted_ou,17,theta,0.7,1.6671161152055527,0.9671161152055527,0.9671161152055527,0.93531358029028
shifted_ou,17,mu0,0.1,0.1744063599845874,0.07440635998458739,0.07440635998458739,0.005536306406156008
shifted_ou,17,delta,0.6,0.39691797925623545,-0.20308202074376452,0.20308202074376452,0.041242307149370806
shifted_ou,17,sigma,0.2,0.16005232434964414,-0.03994767565035587,0.03994767565035587,0.0015958167898660351
brownian,18,drift,0.15,0.06644929259317313,-0.08355070740682687,0.08355070740682687,0.0069807207081811935
brownian,18,sigma,0.3,0.251131110473282,-0.048868889526717973,0.048868889526717973,0.002388168363574566
ou,18,theta,0.8,1.8022269882390027,1.0022269882390027,1.0022269882390027,1.004458935954622
ou,18,mu,0.2,0.4962112767205812,0.2962112767205812,0.2962112767205812,0.08774112045643671
ou,18,sigma,0.25,0.3163300120444309,0.0663300120444309,0.0663300120444309,0.0043996704978143475
shifted_ou,18,theta,0.7,1.8961954587833185,1.1961954587833186,1.1961954587833186,1.430883575613834
shifted_ou,18,mu0,0.1,0.03935768737714084,-0.060642312622859164,0.060642312622859164,0.003677490080248584
shifted_ou,18,delta,0.6,0.518345798143343,-0.08165420185665695,0.08165420185665695,0.006667408680847679
shifted_ou,18,sigma,0.2,0.24575949507055567,0.045759495070555656,0.045759495070555656,0.0020939313891122076
brownian,19,drift,0.15,0.1307904020853821,-0.019209597914617904,0.019209597914617904,0.00036900865204129253
brownian,19,sigma,0.3,0.2747031874227178,-0.02529681257728217,0.02529681257728217,0.0006399287265701413
ou,19,theta,0.8,0.8360170500304894,0.036017050030489384,0.036017050030489384,0.0012972278928987753
ou,19,mu,0.2,0.13458447209089097,-0.06541552790910904,0.06541552790910904,0.0042791912916274235
ou,19,sigma,0.25,0.19239064018913457,-0.05760935981086543,0.05760935981086543,0.003318838337817757
shifted_ou,19,theta,0.7,1.4060349675424606,0.7060349675424606,0.7060349675424606,0.49848537539268345
shifted_ou,19,mu0,0.1,0.34211669840640324,0.24211669840640324,0.24211669840640324,0.058620495647217226
shifted_ou,19,delta,0.6,0.264793531601822,-0.33520646839817797,0.33520646839817797,0.11236337645597869
shifted_ou,19,sigma,0.2,0.17471974696697468,-0.025280253033025335,0.025280253033025335,0.0006390911934137867
brownian,20,drift,0.15,0.1724215151318859,0.022421515131885894,0.022421515131885894,0.0005027243408093882
brownian,20,sigma,0.3,0.3837987996290753,0.08379879962907533,0.08379879962907533,0.007022238819273915
ou,20,theta,0.8,0.9763156172618559,0.17631561726185585,0.17631561726185585,0.03108719689042924
ou,20,mu,0.2,0.13571207855533213,-0.06428792144466788,0.06428792144466788,0.004132936843675788
ou,20,sigma,0.25,0.1974522458640222,-0.05254775413597779,0.05254775413597779,0.0027612664647351706
shifted_ou,20,theta,0.7,3.094862246097685,2.394862246097685,2.394862246097685,5.7353651777840495
shifted_ou,20,mu0,0.1,0.03373334751947794,-0.06626665248052208,0.06626665248052208,0.004391269230974283
shifted_ou,20,delta,0.6,0.3205098775257703,-0.27949012247422966,0.27949012247422966,0.0781147285606599
shifted_ou,20,sigma,0.2,0.21678938239878043,0.016789382398780417,0.016789382398780417,0.0002818833613324777
brownian,21,drift,0.15,0.34175326513148147,0.19175326513148147,0.19175326513148147,0.03676931468858423
brownian,21,sigma,0.3,0.25005291626846293,-0.049947083731537056,0.049947083731537056,0.0024947111732851737
ou,21,theta,0.8,0.6645843737923524,-0.1354156262076477,0.1354156262076477,0.01833739182120936
ou,21,mu,0.2,0.2756159491720244,0.07561594917202441,0.07561594917202441,0.005717771769186179
ou,21,sigma,0.25,0.2054012100260996,-0.044598789973900405,0.044598789973900405,0.001989052067136079
shifted_ou,21,theta,0.7,2.1564621561755564,1.4564621561755564,1.4564621561755564,2.121282012371551
shifted_ou,21,mu0,0.1,0.00365272401910657,-0.09634727598089343,0.09634727598089343,0.009282797588938444
shifted_ou,21,delta,0.6,0.6102687219433779,0.010268721943377912,0.010268721943377912,0.00010544665035041104
shifted_ou,21,sigma,0.2,0.19683101580732235,-0.003168984192677665,0.003168984192677665,1.0042460813440913e-05
brownian,22,drift,0.15,-0.03281708359497385,-0.18281708359497384,0.18281708359497384,0.03342208605417165
brownian,22,sigma,0.3,0.29171507931869883,-0.008284920681301156,0.008284920681301156,6.86399106954516e-05
ou,22,theta,0.8,2.1269932567087424,1.3269932567087424,1.3269932567087424,1.760911103350474
ou,22,mu,0.2,0.21564663305847218,0.015646633058472165,0.015646633058472165,0.00024481712606647403
ou,22,sigma,0.25,0.30555950932056,0.055559509320559974,0.055559509320559974,0.0030868590759413907
shifted_ou,22,theta,0.7,0.48217194581500455,-0.2178280541849954,0.2178280541849954,0.04744906119002129
shifted_ou,22,mu0,0.1,0.21976902954954813,0.11976902954954813,0.11976902954954813,0.014344620439240533
shifted_ou,22,delta,0.6,0.5588076103248154,-0.04119238967518457,0.04119238967518457,0.0016968129671522524
shifted_ou,22,sigma,0.2,0.16782942591845237,-0.03217057408154764,0.03217057408154764,0.0010349458367363445
brownian,23,drift,0.15,0.17342397410726937,0.023423974107269374,0.023423974107269374,0.0005486825629780261
brownian,23,sigma,0.3,0.2777668311700106,-0.02223316882998938,0.02223316882998938,0.0004943137962228113
ou,23,theta,0.8,1.1099927332660378,0.3099927332660377,0.3099927332660377,0.0960954946777488
ou,23,mu,0.2,0.5547292074422511,0.35472920744225106,0.35472920744225106,0.1258328106126076
ou,23,sigma,0.25,0.29879221742296963,0.04879221742296963,0.04879221742296963,0.002380680481050341
shifted_ou,23,theta,0.7,5.923746751715528,5.223746751715527,5.223746751715527,27.287530126058524
shifted_ou,23,mu0,0.1,0.12340442875944391,0.0234044287594439,0.0234044287594439,0.0005477672855558848
shifted_ou,23,delta,0.6,0.11365107082041362,-0.4863489291795864,0.4863489291795864,0.23653528091413034
shifted_ou,23,sigma,0.2,0.2976260787743953,0.09762607877439528,0.09762607877439528,0.009530851256864432
brownian,24,drift,0.15,0.01982645542703935,-0.13017354457296065,0.13017354457296065,0.016945151706688574
brownian,24,sigma,0.3,0.21475054935223828,-0.08524945064776171,0.08524945064776171,0.00726746883574516
ou,24,theta,0.8,1.6694418400389575,0.8694418400389574,0.8694418400389574,0.755929113210328
ou,24,mu,0.2,0.2239670906045628,0.023967090604562785,0.023967090604562785,0.0005744214320473217
ou,24,sigma,0.25,0.22128159594935343,-0.028718404050646573,0.028718404050646573,0.0008247467312161935
shifted_ou,24,theta,0.7,1.1443243243793961,0.4443243243793962,0.4443243243793962,0.19742410523520687
shifted_ou,24,mu0,0.1,0.05382783203836486,-0.04617216796163515,0.04617216796163515,0.002131869094277447
shifted_ou,24,delta,0.6,0.8265757865576939,0.22657578655769395,0.22657578655769395,0.05133658705423769
shifted_ou,24,sigma,0.2,0.12899549083226558,-0.07100450916773443,0.07100450916773443,0.005041640322150883
brownian,25,drift,0.15,0.129304072732019,-0.020695927267981,0.020695927267981,0.0004283214054815596
brownian,25,sigma,0.3,0.2718023541411481,-0.028197645858851872,0.028197645858851872,0.0007951072319812261
ou,25,theta,0.8,1.9056104852853613,1.1056104852853612,1.1056104852853612,1.222374545172932
ou,25,mu,0.2,0.32124581359545784,0.12124581359545783,0.12124581359545783,0.014700547314424507
ou,25,sigma,0.25,0.2390570420431633,-0.010942957956836696,0.010942957956836696,0.00011974832884509557
shifted_ou,25,theta,0.7,0.9232294123528609,0.22322941235286098,0.22322941235286098,0.04983137053940364
shifted_ou,25,mu0,0.1,0.12758128952023914,0.02758128952023914,0.02758128952023914,0.0007607275315992533
shifted_ou,25,delta,0.6,0.6516853203211819,0.05168532032118189,0.05168532032118189,0.002671372336703178
shifted_ou,25,sigma,0.2,0.2251374704529693,0.025137470452969296,0.025137470452969296,0.0006318924207739044
brownian,26,drift,0.15,-0.03832561632531256,-0.18832561632531256,0.18832561632531256,0.03546653776430883
brownian,26,sigma,0.3,0.29136303979322803,-0.00863696020677196,0.00863696020677196,7.459708161336234e-05
ou,26,theta,0.8,0.6486471477179232,-0.15135285228207684,0.15135285228207684,0.022907685893920175
ou,26,mu,0.2,0.10182631778137266,-0.09817368221862735,0.09817368221862735,0.009638071880364028
ou,26,sigma,0.25,0.24049455063577843,-0.009505449364221569,0.009505449364221569,9.035356761578023e-05
shifted_ou,26,theta,0.7,2.3474582000049815,1.6474582000049816,1.6474582000049816,2.714118520763654
shifted_ou,26,mu0,0.1,-0.09201975425648176,-0.19201975425648177,0.19201975425648177,0.03687158602471965
shifted_ou,26,delta,0.6,0.5674918813854646,-0.0325081186145354,0.0325081186145354,0.0010567777758567027
shifted_ou,26,sigma,0.2,0.19351233457857392,-0.006487665421426092,0.006487665421426092,4.2089802620367795e-05
brownian,27,drift,0.15,-0.03035310760020211,-0.1803531076002021,0.1803531076002021,0.032527243421050074
brownian,27,sigma,0.3,0.288483951431716,-0.011516048568283976,0.011516048568283976,0.00013261937462707543
ou,27,theta,0.8,0.9452793742847359,0.1452793742847358,0.1452793742847358,0.021106096592564356
ou,27,mu,0.2,0.10749122362544543,-0.09250877637455458,0.09250877637455458,0.008557873706317349
ou,27,sigma,0.25,0.3009850789858588,0.0509850789858588,0.0509850789858588,0.0025994782791942607
shifted_ou,27,theta,0.7,0.9965113966873491,0.29651139668734916,0.29651139668734916,0.08791900836548254
shifted_ou,27,mu0,0.1,-0.026079683705064537,-0.12607968370506453,0.12607968370506453,0.015896086643169115
shifted_ou,27,delta,0.6,0.5955601738430538,-0.004439826156946158,0.004439826156946158,1.9712056303903292e-05
shifted_ou,27,sigma,0.2,0.1963184799023637,-0.0036815200976363094,0.0036815200976363094,1.3553590229300062e-05
brownian,28,drift,0.15,0.23475270369473872,0.08475270369473872,0.08475270369473872,0.007183020783568179
brownian,28,sigma,0.3,0.2454016487217907,-0.05459835127820928,0.05459835127820928,0.0029809799622987367
ou,28,theta,0.8,0.8824430536782962,0.08244305367829619,0.08244305367829619,0.006796857099802426
ou,28,mu,0.2,0.3347236563364957,0.1347236563364957,0.1347236563364957,0.018150463576674197
ou,28,sigma,0.25,0.2629645043873196,0.012964504387319609,0.012964504387319609,0.00016807837400882939
shifted_ou,28,theta,0.7,4.579721929118753,3.8797219291187526,3.8797219291187526,15.052242247284935
shifted_ou,28,mu0,0.1,0.16578522591771125,0.06578522591771124,0.06578522591771124,0.004327695949044307
shifted_ou,28,delta,0.6,0.1974564695305902,-0.40254353046940977,0.40254353046940977,0.16204129392277664
shifted_ou,28,sigma,0.2,0.27602700760245186,0.07602700760245185,0.07602700760245185,0.0057801058849832705
brownian,29,drift,0.15,-0.013977760950815021,-0.163977760950815,0.163977760950815,0.026888706086442633
brownian,29,sigma,0.3,0.2884364024073885,-0.011563597592611496,0.011563597592611496,0.0001337167892838504
ou,29,theta,0.8,0.9760818920304248,0.1760818920304248,0.1760818920304248,0.031004832701014173
ou,29,mu,0.2,0.2944046963984788,0.09440469639847882,0.09440469639847882,0.008912246702088959
ou,29,sigma,0.25,0.2797592331043736,0.029759233104373617,0.029759233104373617,0.0008856119549604466
shifted_ou,29,theta,0.7,2.1122640596075177,1.4122640596075178,1.4122640596075178,1.9944897740591065
shifted_ou,29,mu0,0.1,-0.03476525976320378,-0.13476525976320378,0.13476525976320378,0.01816167523904379
shifted_ou,29,delta,0.6,0.5314624784685472,-0.06853752153145276,0.06853752153145276,0.004697391857674351
shifted_ou,29,sigma,0.2,0.16090816221072643,-0.03909183778927358,0.03909183778927358,0.001528171781742878
brownian,30,drift,0.15,0.12413259692450414,-0.025867403075495857,0.025867403075495857,0.0006691225418701725
brownian,30,sigma,0.3,0.3462269882045948,0.04622698820459481,0.04622698820459481,0.002136934438467748
ou,30,theta,0.8,0.9888648689711864,0.18886486897118637,0.18886486897118637,0.0356699387315034
ou,30,mu,0.2,0.36320176177251406,0.16320176177251405,0.16320176177251405,0.02663481504565243
ou,30,sigma,0.25,0.23426984354008423,-0.015730156459915767,0.015730156459915767,0.00024743782225342977
shifted_ou,30,theta,0.7,1.030350556250636,0.33035055625063614,0.33035055625063614,0.1091314900151047
shifted_ou,30,mu0,0.1,0.23356490165513633,0.13356490165513632,0.13356490165513632,0.017839582954146237
shifted_ou,30,delta,0.6,0.32555566555697135,-0.2744443344430286,0.2744443344430286,0.07531969270787695
shifted_ou,30,sigma,0.2,0.16716312057035784,-0.03283687942964217,0.03283687942964217,0.001078260650676857
brownian,31,drift,0.15,0.10949772771967203,-0.04050227228032796,0.04050227228032796,0.0016404340598698227
brownian,31,sigma,0.3,0.3625857813047877,0.0625857813047877,0.0625857813047877,0.0039169800215307134
ou,31,theta,0.8,1.1296943638542625,0.32969436385426243,0.32969436385426243,0.10869837355726679
ou,31,mu,0.2,0.34466098088039127,0.14466098088039125,0.14466098088039125,0.020926799389276923
ou,31,sigma,0.25,0.20501600274966386,-0.04498399725033614,0.04498399725033614,0.002023560008618249
shifted_ou,31,theta,0.7,4.130191653322757,3.4301916533227566,3.4301916533227566,11.766214778525105
shifted_ou,31,mu0,0.1,0.06800931141018304,-0.03199068858981696,0.03199068858981696,0.001023404156450645
shifted_ou,31,delta,0.6,0.43026300119288996,-0.16973699880711002,0.16973699880711002,0.028810648764044867
shifted_ou,31,sigma,0.2,0.16421187338531612,-0.03578812661468389,0.03578812661468389,0.0012807900065886454
brownian,32,drift,0.15,0.1604062938204638,0.010406293820463819,0.010406293820463819,0.00010829095107782347
brownian,32,sigma,0.3,0.22855983270680835,-0.07144016729319164,0.07144016729319164,0.005103697502879208
ou,32,theta,0.8,1.5608032879214875,0.7608032879214874,0.7608032879214874,0.5788216429121457
ou,32,mu,0.2,0.24214769345513198,0.042147693455131974,0.042147693455131974,0.0017764280635877746
ou,32,sigma,0.25,0.22715069324140472,-0.022849306758595284,0.022849306758595284,0.0005220908193483881
shifted_ou,32,theta,0.7,2.2266234375661673,1.5266234375661674,1.5266234375661674,2.3305791201263415
shifted_ou,32,mu0,0.1,0.11823472653769197,0.018234726537691967,0.018234726537691967,0.0003325052519044077
shifted_ou,32,delta,0.6,0.23128787964044936,-0.3687121203595506,0.3687121203595506,0.1359486277000357
shifted_ou,32,sigma,0.2,0.25526288346686593,0.05526288346686592,0.05526288346686592,0.0030539862890724026
brownian,33,drift,0.15,0.21179640906212147,0.06179640906212147,0.06179640906212147,0.003818796172973049
brownian,33,sigma,0.3,0.32200334800803004,0.022003348008030055,0.022003348008030055,0.0004841473235624802
ou,33,theta,0.8,0.6655881831674962,-0.1344118168325038,0.1344118168325038,0.018066536504214553
ou,33,mu,0.2,0.3389316641314079,0.1389316641314079,0.1389316641314079,0.01930200729832233
ou,33,sigma,0.25,0.15823866741015286,-0.09176133258984714,0.09176133258984714,0.008420142158664544
shifted_ou,33,theta,0.7,0.20891230878898426,-0.4910876912110157,0.4910876912110157,0.2411671204589659
shifted_ou,33,mu0,0.1,0.06689832829972713,-0.03310167170027288,0.03310167170027288,0.0010957206693526466
shifted_ou,33,delta,0.6,1.743405744936101,1.1434057449361008,1.1434057449361008,1.3073766975528796
shifted_ou,33,sigma,0.2,0.17265565343953498,-0.027344346560465027,0.027344346560465027,0.0007477132888188155
brownian,34,drift,0.15,0.08751589559637228,-0.06248410440362771,0.06248410440362771,0.003904263303123448
brownian,34,sigma,0.3,0.38295402512714033,0.08295402512714034,0.08295402512714034,0.006881370284794231
ou,34,theta,0.8,1.1948694713070265,0.39486947130702643,0.39486947130702643,0.15592189937029058
ou,34,mu,0.2,0.14767139639884916,-0.05232860360115085,0.05232860360115085,0.002738282754846378
ou,34,sigma,0.25,0.284001225984617,0.03400122598461702,0.03400122598461702,0.0011560833684569958
shifted_ou,34,theta,0.7,3.6283782670148006,2.928378267014801,2.928378267014801,8.575399274724608
shifted_ou,34,mu0,0.1,0.007540736563861587,-0.09245926343613842,0.09245926343613842,0.008548715395153242
shifted_ou,34,delta,0.6,0.2748453947270472,-0.32515460527295276,0.32515460527295276,0.10572551733020971
shifted_ou,34,sigma,0.2,0.31217700014873445,0.11217700014873444,0.11217700014873444,0.012583679362369166
brownian,35,drift,0.15,0.09717490264702404,-0.052825097352975955,0.052825097352975955,0.0027904909103513872
brownian,35,sigma,0.3,0.32487772966878264,0.024877729668782655,0.024877729668782655,0.0006189014334730288
ou,35,theta,0.8,0.5086488815797511,-0.29135111842024897,0.29135111842024897,0.08488547420472993
ou,35,mu,0.2,0.17145804875544038,-0.028541951244559632,0.028541951244559632,0.0008146429808468191
ou,35,sigma,0.25,0.25290223356757074,0.0029022335675707445,0.0029022335675707445,8.422959680734411e-06
shifted_ou,35,theta,0.7,1.4547546032925023,0.7547546032925023,0.7547546032925023,0.5696545111912226
shifted_ou,35,mu0,0.1,0.010740090297353632,-0.08925990970264637,0.08925990970264637,0.007967331480124584
shifted_ou,35,delta,0.6,0.7042273306741985,0.10422733067419854,0.10422733067419854,0.010863336459468728
shifted_ou,35,sigma,0.2,0.18672632469607028,-0.013273675303929727,0.013273675303929727,0.00017619045607415393
brownian,36,drift,0.15,0.17342288217514867,0.02342288217514868,0.02342288217514868,0.0005486314093908978
brownian,36,sigma,0.3,0.31285758452529633,0.01285758452529634,0.01285758452529634,0.00016531747982513988
ou,36,theta,0.8,1.1080948385838876,0.30809483858388753,0.30809483858388753,0.09492242956203172
ou,36,mu,0.2,0.32279613201526314,0.12279613201526313,0.12279613201526313,0.01507889003790993
ou,36,sigma,0.25,0.2236095160332067,-0.026390483966793304,0.026390483966793304,0.0006964576440015744
shifted_ou,36,theta,0.7,2.31051616673936,1.61051616673936,1.61051616673936,2.593762323328842
shifted_ou,36,mu0,0.1,0.04235613565809631,-0.057643864341903696,0.057643864341903696,0.0033228150962677965
shifted_ou,36,delta,0.6,0.4794433033633433,-0.12055669663665669,0.12055669663665669,0.01453391710394287
shifted_ou,36,sigma,0.2,0.19254853725747756,-0.007451462742522452,0.007451462742522452,5.5524297003200224e-05
brownian,37,drift,0.15,-0.10390095942022956,-0.25390095942022955,0.25390095942022955,0.06446569719451306
brownian,37,sigma,0.3,0.27990713624503283,-0.02009286375496716,0.02009286375496716,0.000403723173875673
ou,37,theta,0.8,1.6397334481531425,0.8397334481531424,0.8397334481531424,0.7051522639471663
ou,37,mu,0.2,0.3796187838037516,0.17961878380375157,0.17961878380375157,0.03226290749513885
ou,37,sigma,0.25,0.1639463694211811,-0.0860536305788189,0.0860536305788189,0.007405227335795836
shifted_ou,37,theta,0.7,2.7311658645922963,2.031165864592296,2.031165864592296,4.12563476948497
shifted_ou,37,mu0,0.1,0.0068138884497944965,-0.09318611155020551,0.09318611155020551,0.008683651385847344
shifted_ou,37,delta,0.6,0.512329820602239,-0.087670179397761,0.087670179397761,0.007686060355635598
shifted_ou,37,sigma,0.2,0.2598079155218375,0.05980791552183751,0.05980791552183751,0.0035769867590672516
brownian,38,drift,0.15,0.3858075863634593,0.2358075863634593,0.2358075863634593,0.055605217786560315
brownian,38,sigma,0.3,0.3013254637261322,0.0013254637261322366,0.0013254637261322366,1.7568540892923529e-06
ou,38,theta,0.8,0.7397678452225289,-0.060232154777471125,0.060232154777471125,0.003627912469137238
ou,38,mu,0.2,0.3305365896873961,0.13053658968739607,0.13053658968739607,0.017039801247215595
ou,38,sigma,0.25,0.28776657078330964,0.03776657078330964,0.03776657078330964,0.0014263138687307373
shifted_ou,38,theta,0.7,0.2333896676280489,-0.46661033237195104,0.46661033237195104,0.21772520227626263
shifted_ou,38,mu0,0.1,-0.061981557605804094,-0.1619815576058041,0.1619815576058041,0.02623802500440243
shifted_ou,38,delta,0.6,1.5275448857742626,0.9275448857742626,0.9275448857742626,0.8603395151259899
shifted_ou,38,sigma,0.2,0.16217213048405252,-0.03782786951594749,0.03782786951594749,0.0014309477121155496
brownian,39,drift,0.15,0.1180107917948368,-0.0319892082051632,0.0319892082051632,0.0010233094415932804
brownian,39,sigma,0.3,0.1948341108164647,-0.10516588918353528,0.10516588918353528,0.011059864247763623
ou,39,theta,0.8,0.9312771959228251,0.13127719592282505,0.13127719592282505,0.017233702169359794
ou,39,mu,0.2,0.3013685599698085,0.10136855996980848,0.10136855996980848,0.010275584950352658
ou,39,sigma,0.25,0.27216268290182294,0.02216268290182294,0.02216268290182294,0.0004911845134067548
shifted_ou,39,theta,0.7,3.0768308612396162,2.3768308612396165,2.3768308612396165,5.649324942941057
shifted_ou,39,mu0,0.1,0.03895832807489959,-0.06104167192510042,0.06104167192510042,0.0037260857114115925
shifted_ou,39,delta,0.6,0.35522834250090796,-0.24477165749909202,0.24477165749909202,0.05991316431485281
shifted_ou,39,sigma,0.2,0.2634689895906905,0.06346898959069047,0.06346898959069047,0.004028312639663176
brownian,40,drift,0.15,0.02757356781396088,-0.12242643218603912,0.12242643218603912,0.014988231297802834
brownian,40,sigma,0.3,0.22579021072350713,-0.07420978927649285,0.07420978927649285,0.005507092824461474
ou,40,theta,0.8,1.1991914743004621,0.3991914743004621,0.3991914743004621,0.15935383315417648
ou,40,mu,0.2,0.43499662151976926,0.23499662151976924,0.23499662151976924,0.055223412125705675
ou,40,sigma,0.25,0.1965536498091193,-0.053446350190880704,0.053446350190880704,0.002856512348726254
shifted_ou,40,theta,0.7,2.040598605149543,1.340598605149543,1.340598605149543,1.7972046201289005
shifted_ou,40,mu0,0.1,0.26352339199757646,0.16352339199757646,0.16352339199757646,0.026739899730393053
shifted_ou,40,delta,0.6,0.1591982231469155,-0.44080177685308447,0.44080177685308447,0.19430620647683647
shifted_ou,40,sigma,0.2,0.24117619474227342,0.04117619474227341,0.04117619474227341,0.0016954790134536242
brownian,41,drift,0.15,0.20212590178783618,0.05212590178783619,0.05212590178783619,0.002717109637195144
brownian,41,sigma,0.3,0.35570608913940377,0.05570608913940378,0.05570608913940378,0.0031031683672072
ou,41,theta,0.8,1.4797426944742806,0.6797426944742806,0.6797426944742806,0.4620501306911552
ou,41,mu,0.2,0.1932805403123914,-0.00671945968760862,0.00671945968760862,4.5151138493397335e-05
ou,41,sigma,0.25,0.2283387240073561,-0.02166127599264389,0.02166127599264389,0.0004692108776294906
shifted_ou,41,theta,0.7,1.221659352438658,0.5216593524386581,0.5216593524386581,0.27212847998672013
shifted_ou,41,mu0,0.1,0.006259382649712931,-0.09374061735028708,0.09374061735028708,0.008787303341212943
shifted_ou,41,delta,0.6,0.5576170383999232,-0.04238296160007682,0.04238296160007682,0.0017963154339935862
shifted_ou,41,sigma,0.2,0.20978729311466057,0.009787293114660561,0.009787293114660561,9.579110651228203e-05
brownian,42,drift,0.15,0.31879865656860323,0.16879865656860324,0.16879865656860324,0.028492986459365263
brownian,42,sigma,0.3,0.273073725997681,-0.026926274002319006,0.026926274002319006,0.0007250242316479604
ou,42,theta,0.8,0.7500311226873708,-0.04996887731262922,0.04996887731262922,0.0024968886998845913
ou,42,mu,0.2,0.2999682871591829,0.09996828715918288,0.09996828715918288,0.009993658437540848
ou,42,sigma,0.25,0.23780543453223185,-0.012194565467768148,0.012194565467768148,0.00014870742694768338
shifted_ou,42,theta,0.7,1.8363874854351712,1.1363874854351712,1.1363874854351712,1.2913765170536715
shifted_ou,42,mu0,0.1,0.25858384126676265,0.15858384126676264,0.15858384126676264,0.02514883471092177
shifted_ou,42,delta,0.6,0.3736667502393853,-0.2263332497606147,0.2263332497606147,0.05122673994720079
shifted_ou,42,sigma,0.2,0.2122392985473462,0.012239298547346178,0.012239298547346178,0.00014980042893107025
brownian,43,drift,0.15,0.20748643863850713,0.05748643863850714,0.05748643863850714,0.003304690627338846
brownian,43,sigma,0.3,0.2841602974691212,-0.015839702530878796,0.015839702530878796,0.0002508961762667282
ou,43,theta,0.8,0.4951949913071903,-0.30480500869280974,0.30480500869280974,0.09290609332422382
ou,43,mu,0.2,-0.407620634067322,-0.607620634067322,0.607620634067322,0.36920283494437445
ou,43,sigma,0.25,0.1880305340582349,-0.06196946594176511,0.06196946594176511,0.0038402147091075862
shifted_ou,43,theta,0.7,1.51715859727205,0.8171585972720501,0.8171585972720501,0.6677481730956245
shifted_ou,43,mu0,0.1,-0.018632231171870742,-0.11863223117187074,0.11863223117187074,0.01407360627281618
shifted_ou,43,delta,0.6,0.4158269778730039,-0.1841730221269961,0.1841730221269961,0.033919702079391
shifted_ou,43,sigma,0.2,0.25899488804686666,0.058994888046866645,0.058994888046866645,0.003480396815662329
brownian,44,drift,0.15,0.46912330153111403,0.319123301531114,0.319123301531114,0.10183968158011832
brownian,44,sigma,0.3,0.2651993742646118,-0.03480062573538817,0.03480062573538817,0.0012110835515745614
ou,44,theta,0.8,1.132656370421034,0.3326563704210339,0.3326563704210339,0.11066026078169612
ou,44,mu,0.2,0.15716175500560853,-0.04283824499439148,0.04283824499439148,0.001835115234199507
ou,44,sigma,0.25,0.22709500135075741,-0.022904998649242586,0.022904998649242586,0.0005246389631218047
shifted_ou,44,theta,0.7,0.4437852293596372,-0.25621477064036274,0.25621477064036274,0.06564600869429368
shifted_ou,44,mu0,0.1,-0.0725669154944437,-0.1725669154944437,0.1725669154944437,0.02977934032326647
shifted_ou,44,delta,0.6,1.3602321001901188,0.7602321001901188,0.7602321001901188,0.5779528461594788
shifted_ou,44,sigma,0.2,0.2177373411238081,0.017737341123808092,0.017737341123808092,0.00031461327014233373
brownian,45,drift,0.15,0.2712925064457204,0.1212925064457204,0.1212925064457204,0.014711872119885125
brownian,45,sigma,0.3,0.33820823677092815,0.03820823677092816,0.03820823677092816,0.0014598693571433068
ou,45,theta,0.8,1.3442320491496589,0.5442320491496588,0.5442320491496588,0.2961885233216367
ou,45,mu,0.2,0.3095715256402259,0.10957152564022588,0.10957152564022588,0.012005919231126677
ou,45,sigma,0.25,0.20304698505443372,-0.04695301494556628,0.04695301494556628,0.0022045856124785703
shifted_ou,45,theta,0.7,1.3450081272291716,0.6450081272291717,0.6450081272291717,0.4160354841916833
shifted_ou,45,mu0,0.1,0.34479941051453206,0.24479941051453205,0.24479941051453205,0.05992675138826239
shifted_ou,45,delta,0.6,0.3499940387189648,-0.2500059612810352,0.2500059612810352,0.06250298067605446
shifted_ou,45,sigma,0.2,0.21140273592761166,0.011402735927611651,0.011402735927611651,0.00013002238663484554
brownian,46,drift,0.15,0.13259355633467212,-0.01740644366532787,0.01740644366532787,0.00030298428107423275
brownian,46,sigma,0.3,0.2634833698895932,-0.03651663011040679,0.03651663011040679,0.0013334642746202678
ou,46,theta,0.8,1.8390176159779115,1.0390176159779114,1.0390176159779114,1.0795576063124226
ou,46,mu,0.2,0.20665549566901728,0.0066554956690172695,0.0066554956690172695,4.4295622600307635e-05
ou,46,sigma,0.25,0.27328676442536354,0.023286764425363538,0.023286764425363538,0.0005422733974023768
shifted_ou,46,theta,0.7,1.7008521697877588,1.0008521697877588,1.0008521697877588,1.0017050657688649
shifted_ou,46,mu0,0.1,0.05144929009224009,-0.04855070990775991,0.04855070990775991,0.0023571714325474565
shifted_ou,46,delta,0.6,0.6023422586827376,0.00234225868273763,0.00234225868273763,5.486175736859818e-06
shifted_ou,46,sigma,0.2,0.21815690678659466,0.01815690678659465,0.01815690678659465,0.0003296732640570869
brownian,47,drift,0.15,0.13224199307777315,-0.017758006922226843,0.017758006922226843,0.0003153468098498565
brownian,47,sigma,0.3,0.24578682614152844,-0.05421317385847155,0.05421317385847155,0.002939068219808863
ou,47,theta,0.8,1.5900413140967475,0.7900413140967475,0.7900413140967475,0.6241652779797157
ou,47,mu,0.2,0.40717275504227246,0.20717275504227245,0.20717275504227245,0.042920550431805427
ou,47,sigma,0.25,0.2227920976257941,-0.027207902374205895,0.027207902374205895,0.0007402699516043188
shifted_ou,47,theta,0.7,1.2213835827411619,0.5213835827411619,0.5213835827411619,0.27184084035201006
shifted_ou,47,mu0,0.1,-0.08146150103900418,-0.18146150103900419,0.18146150103900419,0.03292827635932852
shifted_ou,47,delta,0.6,0.5462200967289227,-0.05377990327107729,0.05377990327107729,0.0028922779958464296
shifted_ou,47,sigma,0.2,0.16359300577209238,-0.036406994227907635,0.036406994227907635,0.0013254692287109
brownian,48,drift,0.15,0.3067470467595112,0.1567470467595112,0.1567470467595112,0.024569636667828392
brownian,48,sigma,0.3,0.2242907836469929,-0.07570921635300709,0.07570921635300709,0.005731885440786437
ou,48,theta,0.8,1.0028037969382884,0.20280379693828832,0.20280379693828832,0.041129380052586484
ou,48,mu,0.2,0.2192838049103907,0.019283804910390695,0.019283804910390695,0.00037186513182200826
ou,48,sigma,0.25,0.2556310217106384,0.005631021710638395,0.005631021710638395,3.1708405505680956e-05
shifted_ou,48,theta,0.7,3.521369890835107,2.821369890835107,2.821369890835107,7.960128060910902
shifted_ou,48,mu0,0.1,0.12187236799941856,0.02187236799941855,0.02187236799941855,0.0004784004819019887
shifted_ou,48,delta,0.6,0.49351548627249725,-0.10648451372750273,0.10648451372750273,0.011338951663782716
shifted_ou,48,sigma,0.2,0.23914573634201236,0.03914573634201235,0.03914573634201235,0.0015323886737583464
brownian,49,drift,0.15,0.09684047617050942,-0.053159523829490574,0.053159523829490574,0.002825934973778176
brownian,49,sigma,0.3,0.25919855467109,-0.04080144532891,0.04080144532891,0.0016647579409280319
ou,49,theta,0.8,0.4135299318769903,-0.38647006812300977,0.38647006812300977,0.1493591135550038
ou,49,mu,0.2,-0.10744138897217036,-0.3074413889721704,0.3074413889721704,0.09452020765313737
ou,49,sigma,0.25,0.17629000468785525,-0.07370999531214475,0.07370999531214475,0.005433163408916402
shifted_ou,49,theta,0.7,0.560902932681007,-0.13909706731899296,0.13909706731899296,0.01934799413674446
shifted_ou,49,mu0,0.1,0.0347568282773221,-0.0652431717226779,0.0652431717226779,0.004256671456434838
shifted_ou,49,delta,0.6,0.8974664053312007,0.2974664053312007,0.2974664053312007,0.0884862623006662
shifted_ou,49,sigma,0.2,0.17598611012761192,-0.02401388987238809,0.02401388987238809,0.0005766669068031832
brownian,50,drift,0.15,0.13594068783683091,-0.01405931216316908,0.01405931216316908,0.00019766425850143403
brownian,50,sigma,0.3,0.32124336747990784,0.02124336747990785,0.02124336747990785,0.00045128066188640634
ou,50,theta,0.8,0.08861862342929512,-0.7113813765707049,0.7113813765707049,0.5060634629316311
ou,50,mu,0.2,-2.798011235719523,-2.998011235719523,2.998011235719523,8.988071369500501
ou,50,sigma,0.25,0.21415246908063412,-0.03584753091936588,0.03584753091936588,0.0012850454730148925
shifted_ou,50,theta,0.7,0.9019128848200003,0.20191288482000036,0.20191288482000036,0.04076881305633473
shifted_ou,50,mu0,0.1,-0.20192001655532527,-0.3019200165553253,0.3019200165553253,0.0911556963967679
shifted_ou,50,delta,0.6,0.8512629084438763,0.25126290844387633,0.25126290844387633,0.06313304915967578
shifted_ou,50,sigma,0.2,0.20446788230511365,0.004467882305113635,0.004467882305113635,1.996197229234753e-05
brownian,51,drift,0.15,0.05014886732243725,-0.09985113267756274,0.09985113267756274,0.009970248696992237
brownian,51,sigma,0.3,0.22513202540350014,-0.07486797459649985,0.07486797459649985,0.005605213620182147
ou,51,theta,0.8,0.6399055814571448,-0.16009441854285522,0.16009441854285522,0.025630222848574906
ou,51,mu,0.2,0.037855936388955444,-0.16214406361104455,0.16214406361104455,0.02629069736430246
ou,51,sigma,0.25,0.25723417006039756,0.00723417006039756,0.00723417006039756,5.2333216462752435e-05
shifted_ou,51,theta,0.7,1.6630114955087403,0.9630114955087403,0.9630114955087403,0.9273911404819806
shifted_ou,51,mu0,0.1,0.11879103139158798,0.01879103139158797,0.01879103139158797,0.00035310286075964455
shifted_ou,51,delta,0.6,0.5536238830137404,-0.04637611698625954,0.04637611698625954,0.002150744226723231
shifted_ou,51,sigma,0.2,0.24271892035862502,0.04271892035862501,0.04271892035862501,0.0018249061566065466
brownian,52,drift,0.15,0.43508023952845143,0.2850802395284514,0.2850802395284514,0.08127074296959923
brownian,52,sigma,0.3,0.2981388794771416,-0.0018611205228583616,0.0018611205228583616,3.4637696006045812e-06
ou,52,theta,0.8,1.6042295401248374,0.8042295401248374,0.8042295401248374,0.6467851532094074
ou,52,mu,0.2,0.16961476907797035,-0.03038523092202966,0.03038523092202966,0.0009232622581850674
ou,52,sigma,0.25,0.2045288706966655,-0.045471129303334495,0.045471129303334495,0.002067623600120565
shifted_ou,52,theta,0.7,0.6655304744967648,-0.03446952550323512,0.03446952550323512,0.0011881481884181764
shifted_ou,52,mu0,0.1,-0.20608004226185273,-0.3060800422618527,0.3060800422618527,0.09368499227101754
shifted_ou,52,delta,0.6,1.025202061427661,0.4252020614276609,0.4252020614276609,0.18079679304233234
shifted_ou,52,sigma,0.2,0.14171097600481689,-0.058289023995183126,0.058289023995183126,0.0033976103183110343
brownian,53,drift,0.15,0.33697944233962845,0.18697944233962846,0.18697944233962846,0.03496131185763844
brownian,53,sigma,0.3,0.32629822000193665,0.026298220001936656,0.026298220001936656,0.0006915963752702612
ou,53,theta,0.8,1.0501542091546683,0.25015420915466824,0.25015420915466824,0.06257712835779751
ou,53,mu,0.2,0.18669070803011165,-0.013309291969888365,0.013309291969888365,0.0001771372527397349
ou,53,sigma,0.25,0.22364947883498193,-0.02635052116501807,0.02635052116501807,0.0006943499656680653
shifted_ou,53,theta,0.7,4.267604887848599,3.5676048878485984,3.5676048878485984,12.72780463580121
shifted_ou,53,mu0,0.1,0.07443166356243262,-0.025568336437567382,0.025568336437567382,0.0006537398281846359
shifted_ou,53,delta,0.6,0.41746403596544773,-0.18253596403455224,0.18253596403455224,0.03331937816602335
shifted_ou,53,sigma,0.2,0.320629479701485,0.12062947970148497,0.12062947970148497,0.014551471373050974
brownian,54,drift,0.15,0.20303730066579137,0.053037300665791376,0.053037300665791376,0.0028129552619135544
brownian,54,sigma,0.3,0.3632322205735099,0.06323222057350991,0.06323222057350991,0.0039983137186570105
ou,54,theta,0.8,0.7428070939966229,-0.05719290600337712,0.05719290600337712,0.0032710284971111305
ou,54,mu,0.2,0.09540361666053065,-0.10459638333946936,0.10459638333946936,0.010940403407697223
ou,54,sigma,0.25,0.24283356632230477,-0.007166433677695233,0.007166433677695233,5.135777165680442e-05
shifted_ou,54,theta,0.7,0.6262178537046582,-0.07378214629534174,0.07378214629534174,0.005443805111947211
shifted_ou,54,mu0,0.1,-0.19147189859673736,-0.2914718985967374,0.2914718985967374,0.08495586767158676
shifted_ou,54,delta,0.6,0.76853754519869,0.16853754519869002,0.16853754519869002,0.028404904141600483
shifted_ou,54,sigma,0.2,0.12266387498376388,-0.07733612501623613,0.07733612501623613,0.0059808762325269035
brownian,55,drift,0.15,0.15389110321618185,0.003891103216181857,0.003891103216181857,1.5140684238980792e-05
brownian,55,sigma,0.3,0.2472706421994976,-0.05272935780050239,0.05272935780050239,0.0027803851740534026
ou,55,theta,0.8,0.46262510325470035,-0.3373748967452997,0.3373748967452997,0.11382182095390163
ou,55,mu,0.2,-0.1605019056541144,-0.36050190565411444,0.36050190565411444,0.12996162398024802
ou,55,sigma,0.25,0.23999314466609178,-0.010006855333908216,0.010006855333908216,0.00010013715367376731
shifted_ou,55,theta,0.7,0.8567689734761446,0.1567689734761446,0.1567689734761446,0.02457651104476413
shifted_ou,55,mu0,0.1,-0.07606649862406036,-0.17606649862406037,0.17606649862406037,0.030999411937736254
shifted_ou,55,delta,0.6,0.6011341125311825,0.0011341125311825628,0.0011341125311825628,1.2862112333853196e-06
shifted_ou,55,sigma,0.2,0.22551446147558948,0.025514461475589473,0.025514461475589473,0.0006509877443893393
brownian,56,drift,0.15,0.0724786697859394,-0.07752133021406059,0.07752133021406059,0.006009556638157423
brownian,56,sigma,0.3,0.3480358272445071,0.04803582724450711,0.04803582724450711,0.0023074406990641317
ou,56,theta,0.8,2.450220462417557,1.650220462417557,1.650220462417557,2.7232275745816152
ou,56,mu,0.2,0.4742718455246828,0.2742718455246828,0.2742718455246828,0.07522504524751547
ou,56,sigma,0.25,0.3085746140026648,0.05857461400266478,0.05857461400266478,0.0034309854055611733
shifted_ou,56,theta,0.7,0.423292836624151,-0.27670716337584894,0.27670716337584894,0.07656685426350876
shifted_ou,56,mu0,0.1,0.23378918770977192,0.1337891877097719,0.1337891877097719,0.017899546748040583
shifted_ou,56,delta,0.6,0.9399416700181463,0.33994167001814635,0.33994167001814635,0.1155603390147263
shifted_ou,56,sigma,0.2,0.16426373300476105,-0.03573626699523896,0.03573626699523896,0.0012770807787550057
brownian,57,drift,0.15,0.17949950005858525,0.02949950005858526,0.02949950005858526,0.0008702205037064717
brownian,57,sigma,0.3,0.2731323022563341,-0.026867697743665875,0.026867697743665875,0.0007218731820449883
ou,57,theta,0.8,1.2808102548656868,0.48081025486568674,0.48081025486568674,0.23117850118400662
ou,57,mu,0.2,0.41916279969956216,0.21916279969956215,0.21916279969956215,0.048032332772150396
ou,57,sigma,0.25,0.26867838238201663,0.018678382382016634,0.018678382382016634,0.00034888196840882936
shifted_ou,57,theta,0.7,0.4051708906154578,-0.29482910938454215,0.29482910938454215,0.08692420374048232
shifted_ou,57,mu0,0.1,-0.1088930964580403,-0.2088930964580403,0.2088930964580403,0.04363632574782813
shifted_ou,57,delta,0.6,0.5818466172729402,-0.018153382727059797,0.018153382727059797,0.000329545304435113
shifted_ou,57,sigma,0.2,0.12242249214558637,-0.07757750785441364,0.07757750785441364,0.00601826972490161
brownian,58,drift,0.15,0.1753873215583528,0.0253873215583528,0.0253873215583528,0.0006445160959072047
brownian,58,sigma,0.3,0.3148364124046773,0.014836412404677313,0.014836412404677313,0.00022011913304166285
ou,58,theta,0.8,2.2367791039030123,1.4367791039030122,1.4367791039030122,2.0643341934123427
ou,58,mu,0.2,0.23295707304967153,0.03295707304967152,0.03295707304967152,0.001086168664001385
ou,58,sigma,0.25,0.3048111004967335,0.05481110049673349,0.05481110049673349,0.003004256737663018
shifted_ou,58,theta,0.7,1.0409135168369097,0.34091351683690974,0.34091351683690974,0.11622202596210994
shifted_ou,58,mu0,0.1,0.18821391566571002,0.08821391566571002,0.08821391566571002,0.007781694917077
shifted_ou,58,delta,0.6,0.6312445273030189,0.031244527303018965,0.031244527303018965,0.0009762204863890976
shifted_ou,58,sigma,0.2,0.10740690488547223,-0.09259309511452778,0.09259309511452778,0.008573481262887988
brownian,59,drift,0.15,0.07896937063213443,-0.07103062936786557,0.07103062936786557,0.005045350308395087
brownian,59,sigma,0.3,0.3134549175846437,0.013454917584643733,0.013454917584643733,0.00018103480720955514
ou,59,theta,0.8,1.470071357197442,0.6700713571974419,0.6700713571974419,0.4489956237364218
ou,59,mu,0.2,0.4723550027757209,0.2723550027757209,0.2723550027757209,0.07417724753696293
ou,59,sigma,0.25,0.26177261727199813,0.011772617271998131,0.011772617271998131,0.00013859451743294872
shifted_ou,59,theta,0.7,2.5304229250455474,1.8304229250455475,1.8304229250455475,3.350448084532298
shifted_ou,59,mu0,0.1,-0.06377382556449039,-0.16377382556449038,0.16377382556449038,0.026821865940028125
shifted_ou,59,delta,0.6,0.6901898639550725,0.09018986395507256,0.09018986395507256,0.008134211560234497
shifted_ou,59,sigma,0.2,0.2062914985175126,0.006291498517512595,0.006291498517512595,3.958295359586318e-05
brownian,60,drift,0.15,0.13822571904717035,-0.011774280952829647,0.011774280952829647,0.00013863369195616702
brownian,60,sigma,0.3,0.29778323981674415,-0.0022167601832558392,0.0022167601832558392,4.914025710068462e-06
ou,60,theta,0.8,1.2048775115621075,0.4048775115621075,0.4048775115621075,0.16392579936872448
ou,60,mu,0.2,0.09289450062039994,-0.10710549937960007,0.10710549937960007,0.01147158799735351
ou,60,sigma,0.25,0.20974991753864441,-0.040250082461355585,0.040250082461355585,0.0016200691381459244
shifted_ou,60,theta,0.7,4.472410498846735,3.7724104988467344,3.7724104988467344,14.231080971809067
shifted_ou,60,mu0,0.1,0.06301715117358535,-0.03698284882641466,0.03698284882641466,0.00136773110731744
shifted_ou,60,delta,0.6,0.23572824640942378,-0.3642717535905762,0.3642717535905762,0.13269391046395346
shifted_ou,60,sigma,0.2,0.24129769795356493,0.041297697953564916,0.041297697953564916,0.0017054998562638798
brownian,61,drift,0.15,0.4039329789706215,0.2539329789706215,0.2539329789706215,0.0644819578088941
brownian,61,sigma,0.3,0.2029737575287085,-0.09702624247129149,0.09702624247129149,0.009414091728097849
ou,61,theta,0.8,0.6713704150068763,-0.1286295849931237,0.1286295849931237,0.016545570135503236
ou,61,mu,0.2,0.16679285455925527,-0.03320714544074474,0.03320714544074474,0.0011027145083227741
ou,61,sigma,0.25,0.23833296718447328,-0.011667032815526723,0.011667032815526723,0.00013611965471857742
shifted_ou,61,theta,0.7,1.3248751861464216,0.6248751861464217,0.6248751861464217,0.39046899826152515
shifted_ou,61,mu0,0.1,0.05051578836998845,-0.04948421163001156,0.04948421163001156,0.002448687200643771
shifted_ou,61,delta,0.6,0.5336945898824556,-0.06630541011754443,0.06630541011754443,0.004396407410855763
shifted_ou,61,sigma,0.2,0.2286796923012925,0.028679692301292498,0.028679692301292498,0.0008225247504968161
brownian,62,drift,0.15,0.04544313594891816,-0.10455686405108183,0.10455686405108183,0.010932137820196409
brownian,62,sigma,0.3,0.2976947119703025,-0.002305288029697483,0.002305288029697483,5.3143528998665035e-06
ou,62,theta,0.8,0.4901194158617,-0.30988058413830005,0.30988058413830005,0.09602597642589406
ou,62,mu,0.2,0.1208572136539513,-0.07914278634604871,0.07914278634604871,0.006263580630616314
ou,62,sigma,0.25,0.24266157814441888,-0.007338421855581118,0.007338421855581118,5.385243533047061e-05
shifted_ou,62,theta,0.7,0.9626204972638689,0.26262049726386894,0.26262049726386894,0.06896952558312179
shifted_ou,62,mu0,0.1,0.32522715418447123,0.22522715418447123,0.22522715418447123,0.050727270982035576
shifted_ou,62,delta,0.6,0.5170691287893476,-0.08293087121065235,0.08293087121065235,0.006877529399757806
shifted_ou,62,sigma,0.2,0.174723012517289,-0.02527698748271101,0.02527698748271101,0.0006389260962011291
brownian,63,drift,0.15,-0.0586729582949944,-0.20867295829499438,0.20867295829499438,0.04354440352358446
brownian,63,sigma,0.3,0.26127957499396676,-0.03872042500603323,0.03872042500603323,0.0014992713126478435
ou,63,theta,0.8,1.0490854151768294,0.24908541517682936,0.24908541517682936,0.06204354405381345
ou,63,mu,0.2,0.10054023838107869,-0.09945976161892132,0.09945976161892132,0.009892244181292656
ou,63,sigma,0.25,0.21049422556154632,-0.039505774438453684,0.039505774438453684,0.0015607062139819804
shifted_ou,63,theta,0.7,1.7458780291496767,1.0458780291496768,1.0458780291496768,1.0938608518580122
shifted_ou,63,mu0,0.1,0.20801405322737856,0.10801405322737856,0.10801405322737856,0.011667035694606968
shifted_ou,63,delta,0.6,0.5159608620861437,-0.08403913791385631,0.08403913791385631,0.007062576701304161
shifted_ou,63,sigma,0.2,0.21711963218185018,0.01711963218185017,0.01711963218185017,0.00029308180604184
brownian,64,drift,0.15,0.09545223550814193,-0.05454776449185807,0.05454776449185807,0.0029754586110592117
brownian,64,sigma,0.3,0.2790765861995312,-0.020923413800468804,0.020923413800468804,0.0004377892450656484
ou,64,theta,0.8,1.4724217975401412,0.6724217975401412,0.6724217975401412,0.4521510738071146
ou,64,mu,0.2,0.26818713882236667,0.06818713882236666,0.06818713882236666,0.004649485900780702
ou,64,sigma,0.25,0.28818667884009275,0.03818667884009275,0.03818667884009275,0.001458222440836387
shifted_ou,64,theta,0.7,1.7477896452246315,1.0477896452246316,1.0477896452246316,1.0978631406399593
shifted_ou,64,mu0,0.1,0.18203277821036745,0.08203277821036745,0.08203277821036745,0.006729376700911336
shifted_ou,64,delta,0.6,0.48660819180505444,-0.11339180819494554,0.11339180819494554,0.012857702165719319
shifted_ou,64,sigma,0.2,0.1934835843686619,-0.006516415631338118,0.006516415631338118,4.246367268034777e-05
brownian,65,drift,0.15,0.22833142257905212,0.07833142257905212,0.07833142257905212,0.006135811763258037
brownian,65,sigma,0.3,0.27408134027816944,-0.02591865972183055,0.02591865972183055,0.0006717769217760413
ou,65,theta,0.8,1.696194816508836,0.896194816508836,0.896194816508836,0.8031651491373063
ou,65,mu,0.2,0.275153897209669,0.07515389720966897,0.07515389720966897,0.00564810826580149
ou,65,sigma,0.25,0.2823188923005503,0.032318892300550295,0.032318892300550295,0.0010445107995345692
shifted_ou,65,theta,0.7,1.1260369310460063,0.4260369310460064,0.4260369310460064,0.1815074666150996
shifted_ou,65,mu0,0.1,-0.0702811314789814,-0.1702811314789814,0.1702811314789814,0.028995663737762155
shifted_ou,65,delta,0.6,0.4163733798767056,-0.1836266201232944,0.1836266201232944,0.033718735617904665
shifted_ou,65,sigma,0.2,0.2369219482729539,0.03692194827295389,0.03692194827295389,0.0013632302642706828
brownian,66,drift,0.15,-0.015683409263829728,-0.1656834092638297,0.1656834092638297,0.027450992105285694
brownian,66,sigma,0.3,0.3096888977587012,0.009688897758701187,0.009688897758701187,9.387473977856488e-05
ou,66,theta,0.8,2.0302680876111956,1.2302680876111955,1.2302680876111955,1.5135595673945084
ou,66,mu,0.2,0.24878594023782843,0.048785940237828423,0.048785940237828423,0.0023800679648889665
ou,66,sigma,0.25,0.2943593832467783,0.044359383246778294,0.044359383246778294,0.0019677548820345547
shifted_ou,66,theta,0.7,0.22577317175845532,-0.4742268282415446,0.4742268282415446,0.22489108462403545
shifted_ou,66,mu0,0.1,-0.0749685935760044,-0.17496859357600442,0.17496859357600442,0.030614008737965014
shifted_ou,66,delta,0.6,2.043271406441222,1.4432714064412218,1.4432714064412218,2.0830323526508225
shifted_ou,66,sigma,0.2,0.13911745606464604,-0.06088254393535397,0.06088254393535397,0.0037066841560403066
brownian,67,drift,0.15,-0.009033542206204325,-0.15903354220620433,0.15903354220620433,0.025291667546652574
brownian,67,sigma,0.3,0.290164103341147,-0.009835896658852983,0.009835896658852983,9.674486308363528e-05
ou,67,theta,0.8,0.56751353767071,-0.23248646232929004,0.23248646232929004,0.0540499551663884
ou,67,mu,0.2,0.27817403541889335,0.07817403541889334,0.07817403541889334,0.0061111798136743905
ou,67,sigma,0.25,0.17020078091772015,-0.07979921908227985,0.07979921908227985,0.006367915366141697
shifted_ou,67,theta,0.7,0.9019842859674972,0.2019842859674973,0.2019842859674973,0.040797651777799725
shifted_ou,67,mu0,0.1,0.0025247232818813078,-0.0974752767181187,0.0974752767181187,0.009501429571273813
shifted_ou,67,delta,0.6,0.8627212407914958,0.26272124079149584,0.26272124079149584,0.06902245036302314
shifted_ou,67,sigma,0.2,0.16189989823977435,-0.03810010176022566,0.03810010176022566,0.0014516177541395502
brownian,68,drift,0.15,0.04461439053100491,-0.10538560946899508,0.10538560946899508,0.011106126683151547
brownian,68,sigma,0.3,0.25206531597707904,-0.04793468402292095,0.04793468402292095,0.0022977339323772728
ou,68,theta,0.8,2.093557964935227,1.293557964935227,1.293557964935227,1.6732922086473656
ou,68,mu,0.2,0.2724746905320089,0.07247469053200889,0.07247469053200889,0.005252580767710459
ou,68,sigma,0.25,0.2688907860084547,0.018890786008454674,0.018890786008454674,0.0003568617960172269
shifted_ou,68,theta,0.7,0.6396400718291264,-0.060359928170873545,0.060359928170873545,0.0036433209287930137
shifted_ou,68,mu0,0.1,-0.035478676826120756,-0.13547867682612075,0.13547867682612075,0.018354471874556466
shifted_ou,68,delta,0.6,0.843398913194737,0.24339891319473705,0.24339891319473705,0.059243030944379146
shifted_ou,68,sigma,0.2,0.15173419160826115,-0.04826580839173886,0.04826580839173886,0.002329588259708049
brownian,69,drift,0.15,0.11745335095027014,-0.032546649049729856,0.032546649049729856,0.0010592843643662813
brownian,69,sigma,0.3,0.3232426691839866,0.023242669183986597,0.023242669183986597,0.0005402216707962402
ou,69,theta,0.8,1.5971890912606785,0.7971890912606785,0.7971890912606785,0.6355104472250264
ou,69,mu,0.2,0.359090569003331,0.15909056900333096,0.15909056900333096,0.02530980914580361
ou,69,sigma,0.25,0.27601821518371633,0.02601821518371633,0.02601821518371633,0.0006769475213461671
shifted_ou,69,theta,0.7,1.3157433246184622,0.6157433246184623,0.6157433246184623,0.379139841812197
shifted_ou,69,mu0,0.1,0.0064233602085606205,-0.09357663979143939,0.09357663979143939,0.008756587514656798
shifted_ou,69,delta,0.6,0.4674070586670611,-0.13259294133293886,0.13259294133293886,0.017580888091320166
shifted_ou,69,sigma,0.2,0.20004312605075508,4.3126050755071255e-05,4.3126050755071255e-05,1.859856253728982e-09
brownian,70,drift,0.15,0.3454928544400306,0.1954928544400306,0.1954928544400306,0.038217456137110986
brownian,70,sigma,0.3,0.3128279248913634,0.012827924891363418,0.012827924891363418,0.00016455565701846116
ou,70,theta,0.8,1.0043450049530673,0.2043450049530673,0.2043450049530673,0.04175688104926909
ou,70,mu,0.2,0.03470536994175707,-0.16529463005824294,0.16529463005824294,0.02732231472609139
ou,70,sigma,0.25,0.24075725118022123,-0.009242748819778768,0.009242748819778768,8.54284057455218e-05
shifted_ou,70,theta,0.7,1.051216983969385,0.35121698396938505,0.35121698396938505,0.12335336982855127
shifted_ou,70,mu0,0.1,0.1417287728684461,0.04172877286844609,0.04172877286844609,0.0017412904851063626
shifted_ou,70,delta,0.6,0.5476405340303743,-0.05235946596962571,0.05235946596962571,0.0027415136766243925
shifted_ou,70,sigma,0.2,0.2590804821878282,0.05908048218782819,0.05908048218782819,0.0034905033755462836
brownian,71,drift,0.15,-0.004326526413176087,-0.15432652641317607,0.15432652641317607,0.02381667675475673
brownian,71,sigma,0.3,0.21888395706764394,-0.08111604293235605,0.08111604293235605,0.006579812421003831
ou,71,theta,0.8,0.3374062021170518,-0.46259379788294824,0.46259379788294824,0.21399302183976998
ou,71,mu,0.2,0.07133242841571742,-0.1286675715842826,0.1286675715842826,0.016555343977396487
ou,71,sigma,0.25,0.18541672577254625,-0.06458327422745375,0.06458327422745375,0.004170999309938491
shifted_ou,71,theta,0.7,3.048439912974742,2.348439912974742,2.348439912974742,5.5151700248528135
shifted_ou,71,mu0,0.1,0.03977751980464619,-0.06022248019535382,0.06022248019535382,0.003626747120879783
shifted_ou,71,delta,0.6,0.3295790573939216,-0.27042094260607835,0.27042094260607835,0.07312748619995992
shifted_ou,71,sigma,0.2,0.17010042887899152,-0.029899571121008495,0.029899571121008495,0.0008939843532202452
brownian,72,drift,0.15,0.22416754447909182,0.07416754447909182,0.07416754447909182,0.005500824654058064
brownian,72,sigma,0.3,0.33460731017120793,0.03460731017120794,0.03460731017120794,0.0011976659172861924
ou,72,theta,0.8,0.9156136773198325,0.11561367731983241,0.11561367731983241,0.01336652238341433
ou,72,mu,0.2,0.18244797405992166,-0.017552025940078347,0.017552025940078347,0.00030807361460118317
ou,72,sigma,0.25,0.21420091007492204,-0.035799089925077965,0.035799089925077965,0.0012815748394638187
shifted_ou,72,theta,0.7,1.450217741873988,0.7502177418739882,0.7502177418739882,0.5628266602225059
shifted_ou,72,mu0,0.1,0.25293569642129404,0.15293569642129404,0.15293569642129404,0.023389327239866208
shifted_ou,72,delta,0.6,0.18186464978929917,-0.4181353502107008,0.4181353502107008,0.17483717109582542
shifted_ou,72,sigma,0.2,0.21320835042333378,0.013208350423333765,0.013208350423333765,0.00017446052090558124
brownian,73,drift,0.15,0.16604439961333625,0.016044399613336258,0.016044399613336258,0.00025742275895242466
brownian,73,sigma,0.3,0.24497605163054123,-0.05502394836945876,0.05502394836945876,0.003027634894164863
ou,73,theta,0.8,0.880736306746218,0.0807363067462179,0.0807363067462179,0.00651835122701939
ou,73,mu,0.2,0.3941395128464472,0.1941395128464472,0.1941395128464472,0.03769015044825584
ou,73,sigma,0.25,0.22516558720792204,-0.02483441279207796,0.02483441279207796,0.0006167480587273254
shifted_ou,73,theta,0.7,0.2537915674077526,-0.44620843259224735,0.44620843259224735,0.19910196531643015
shifted_ou,73,mu0,0.1,0.11778577743729923,0.017785777437299227,0.017785777437299227,0.00031633387904914226
shifted_ou,73,delta,0.6,1.3146048982582963,0.7146048982582963,0.7146048982582963,0.5106601606147501
shifted_ou,73,sigma,0.2,0.13026926795580338,-0.06973073204419664,0.06973073204419664,0.0048623749914195515
brownian,74,drift,0.15,-0.06750976044296028,-0.21750976044296028,0.21750976044296028,0.04731049588795397
brownian,74,sigma,0.3,0.20071668499467116,-0.09928331500532883,0.09928331500532883,0.009857176638447353
ou,74,theta,0.8,1.1649086282891146,0.3649086282891145,0.3649086282891145,0.13315830699984316
ou,74,mu,0.2,0.048425813265270165,-0.15157418673472983,0.15157418673472983,0.02297473408429475
ou,74,sigma,0.25,0.30564351367300646,0.05564351367300646,0.05564351367300646,0.0030962006138780572
shifted_ou,74,theta,0.7,0.5662000666154183,-0.13379993338458163,0.13379993338458163,0.017902422173718482
shifted_ou,74,mu0,0.1,0.1001219364427734,0.00012193644277339044,0.00012193644277339044,1.4868496076228322e-08
shifted_ou,74,delta,0.6,0.7669456632229421,0.16694566322294213,0.16694566322294213,0.027870854468948013
shifted_ou,74,sigma,0.2,0.15082628302511414,-0.04917371697488587,0.04917371697488587,0.002418054441126179
brownian,75,drift,0.15,0.1563134879956528,0.006313487995652817,0.006313487995652817,3.986013067125222e-05
brownian,75,sigma,0.3,0.324158304544106,0.024158304544106002,0.024158304544106002,0.0005836236784457727
ou,75,theta,0.8,1.4418462529860108,0.6418462529860107,0.6418462529860107,0.4119666124721821
ou,75,mu,0.2,0.3703304614476554,0.1703304614476554,0.1703304614476554,0.029012466096971223
ou,75,sigma,0.25,0.26355246115821823,0.013552461158218232,0.013552461158218232,0.00018366920344501387
shifted_ou,75,theta,0.7,0.9308290557930451,0.23082905579304513,0.23082905579304513,0.053282052998308745
shifted_ou,75,mu0,0.1,-0.023842723712301884,-0.12384272371230189,0.12384272371230189,0.015337020216481539
shifted_ou,75,delta,0.6,0.6930335860145954,0.09303358601459544,0.09303358601459544,0.008655248126735128
shifted_ou,75,sigma,0.2,0.17117784560765292,-0.028822154392347088,0.028822154392347088,0.0008307165838162925
brownian,76,drift,0.15,0.2307506040677482,0.0807506040677482,0.0807506040677482,0.006520660057306232
brownian,76,sigma,0.3,0.36879323206562425,0.06879323206562427,0.06879323206562427,0.004732508778034834
ou,76,theta,0.8,1.1182236401826664,0.31822364018266636,0.31822364018266636,0.10126628517110711
ou,76,mu,0.2,0.4624273964031055,0.2624273964031055,0.2624273964031055,0.06886813838291266
ou,76,sigma,0.25,0.2341684502219026,-0.015831549778097392,0.015831549778097392,0.0002506379683763756
shifted_ou,76,theta,0.7,0.8605502703704598,0.16055027037045988,0.16055027037045988,0.025776389316027767
shifted_ou,76,mu0,0.1,0.15284947197903265,0.05284947197903264,0.05284947197903264,0.0027930666884625564
shifted_ou,76,delta,0.6,0.7355676321446617,0.13556763214466172,0.13556763214466172,0.01837858288531032
shifted_ou,76,sigma,0.2,0.20718236435462495,0.007182364354624937,0.007182364354624937,5.158635772258689e-05
brownian,77,drift,0.15,0.31875057551509145,0.16875057551509146,0.16875057551509146,0.028476756736674585
brownian,77,sigma,0.3,0.23071873561664985,-0.06928126438335014,0.06928126438335014,0.00479989359455566
ou,77,theta,0.8,1.4348760463929653,0.6348760463929652,0.6348760463929652,0.40306759428356254
ou,77,mu,0.2,0.3020295147474998,0.10202951474749977,0.10202951474749977,0.010410021879610274
ou,77,sigma,0.25,0.28800659323632727,0.03800659323632727,0.03800659323632727,0.0014445011294316377
shifted_ou,77,theta,0.7,0.39569105967310386,-0.3043089403268961,0.3043089403268961,0.0926039311628784
shifted_ou,77,mu0,0.1,0.13034427987618408,0.03034427987618407,0.03034427987618407,0.0009207753212041896
shifted_ou,77,delta,0.6,1.2969303548723574,0.6969303548723574,0.6969303548723574,0.4857119195425101
shifted_ou,77,sigma,0.2,0.16979881282980697,-0.030201187170193045,0.030201187170193045,0.0009121117064890329
brownian,78,drift,0.15,0.12541097998989142,-0.02458902001010857,0.02458902001010857,0.0006046199050575196
brownian,78,sigma,0.3,0.2531784136903734,-0.04682158630962657,0.04682158630962657,0.0021922609445498105
ou,78,theta,0.8,0.9932662863816469,0.1932662863816469,0.1932662863816469,0.03735185745175275
ou,78,mu,0.2,0.07485978225046772,-0.1251402177495323,0.1251402177495323,0.015660074098400357
ou,78,sigma,0.25,0.25205305171555936,0.002053051715559362,0.002053051715559362,4.215021346761239e-06
shifted_ou,78,theta,0.7,1.215961316064736,0.515961316064736,0.515961316064736,0.26621607967525446
shifted_ou,78,mu0,0.1,-0.008447234258802894,-0.1084472342588029,0.1084472342588029,0.011760802618383673
shifted_ou,78,delta,0.6,0.5415531976460931,-0.05844680235390687,0.05844680235390687,0.0034160287053966536
shifted_ou,78,sigma,0.2,0.22829873057482464,0.028298730574824627,0.028298730574824627,0.0008008181521465142
brownian,79,drift,0.15,-0.024111748843385565,-0.17411174884338557,0.17411174884338557,0.030314901085302177
brownian,79,sigma,0.3,0.20260098564309736,-0.09739901435690262,0.09739901435690262,0.009486567997696123
ou,79,theta,0.8,0.9594078303525101,0.15940783035251005,0.15940783035251005,0.025410856377694625
ou,79,mu,0.2,-0.1039031809408876,-0.30390318094088764,0.30390318094088764,0.0923571433859899
ou,79,sigma,0.25,0.19932652868786654,-0.050673471312133456,0.050673471312133456,0.0025678006948216124
shifted_ou,79,theta,0.7,1.0295564864509854,0.32955648645098545,0.32955648645098545,0.10860747776191856
shifted_ou,79,mu0,0.1,0.1497744423514506,0.04977444235145059,0.04977444235145059,0.0024774951113978785
shifted_ou,79,delta,0.6,0.4716186022630917,-0.12838139773690826,0.12838139773690826,0.016481783284882236
shifted_ou,79,sigma,0.2,0.1492790780250165,-0.05072092197498351,0.05072092197498351,0.0025726119259923655
brownian,80,drift,0.15,0.30500979908827114,0.15500979908827114,0.15500979908827114,0.024028037813386187
brownian,80,sigma,0.3,0.3072642196109662,0.007264219610966238,0.007264219610966238,5.2768886556346484e-05
ou,80,theta,0.8,0.3306859429874722,-0.4693140570125278,0.4693140570125278,0.2202556841095582
ou,80,mu,0.2,-0.06596319386170735,-0.26596319386170736,0.26596319386170736,0.07073642048912013
ou,80,sigma,0.25,0.1787992869887699,-0.0712007130112301,0.0712007130112301,0.005069541533307551
shifted_ou,80,theta,0.7,1.5156744049384934,0.8156744049384934,0.8156744049384934,0.6653247348717654
shifted_ou,80,mu0,0.1,0.2568409989060717,0.1568409989060717,0.1568409989060717,0.024599098937854384
shifted_ou,80,delta,0.6,0.3400467766648814,-0.25995322333511856,0.25995322333511856,0.06757567832231802
shifted_ou,80,sigma,0.2,0.1979964704728925,-0.0020035295271075004,0.0020035295271075004,4.014130565991605e-06
brownian,81,drift,0.15,0.15487800753421402,0.004878007534214024,0.004878007534214024,2.379495750384878e-05
brownian,81,sigma,0.3,0.2568964822319895,-0.04310351776801047,0.04310351776801047,0.0018579132439771942
ou,81,theta,0.8,1.5913003603098306,0.7913003603098305,0.7913003603098305,0.6261562602264676
ou,81,mu,0.2,0.27013600051567366,0.07013600051567365,0.07013600051567365,0.004919058568334574
ou,81,sigma,0.25,0.30266347178899705,0.05266347178899705,0.05266347178899705,0.002773441260870488
shifted_ou,81,theta,0.7,0.28661194211181645,-0.4133880578881835,0.4133880578881835,0.17088968640456415
shifted_ou,81,mu0,0.1,-0.320630742051496,-0.420630742051496,0.420630742051496,0.17693022115879214
shifted_ou,81,delta,0.6,2.2896539357458754,1.6896539357458753,1.6896539357458753,2.8549304225815266
shifted_ou,81,sigma,0.2,0.14161554019300707,-0.058384459806992944,0.058384459806992944,0.003408745146954375
brownian,82,drift,0.15,0.21524328305908216,0.06524328305908217,0.06524328305908217,0.0042566859843275184
brownian,82,sigma,0.3,0.27481537838559456,-0.025184621614405434,0.025184621614405434,0.0006342651658607773
ou,82,theta,0.8,0.5642230907617698,-0.23577690923823025,0.23577690923823025,0.05559075092993267
ou,82,mu,0.2,0.10365601716701336,-0.09634398283298665,0.09634398283298665,0.009282163028122827
ou,82,sigma,0.25,0.20488418838480157,-0.045115811615198426,0.045115811615198426,0.0020354364576980733
shifted_ou,82,theta,0.7,2.579528925765252,1.8795289257652519,1.8795289257652519,3.5326289827882817
shifted_ou,82,mu0,0.1,0.23026224863412015,0.13026224863412014,0.13026224863412014,0.016968253419217334
shifted_ou,82,delta,0.6,0.04901465751611675,-0.5509853424838832,0.5509853424838832,0.30358484763208204
shifted_ou,82,sigma,0.2,0.19866979273793747,-0.0013302072620625383,0.0013302072620625383,1.7694513600439143e-06
brownian,83,drift,0.15,0.11970390795621733,-0.03029609204378267,0.03029609204378267,0.0009178531931253515
brownian,83,sigma,0.3,0.20175889365275662,-0.09824110634724337,0.09824110634724337,0.00965131497633038
ou,83,theta,0.8,0.9550912830002273,0.15509128300022723,0.15509128300022723,0.02405330606265657
ou,83,mu,0.2,0.24600892214338638,0.046008922143386366,0.046008922143386366,0.002116820916796188
ou,83,sigma,0.25,0.2722705800821032,0.022270580082103197,0.022270580082103197,0.0004959787371933717
shifted_ou,83,theta,0.7,1.691762259914094,0.9917622599140941,0.9917622599140941,0.983592380189911
shifted_ou,83,mu0,0.1,0.27403826023953887,0.17403826023953886,0.17403826023953886,0.030289316027205453
shifted_ou,83,delta,0.6,0.20786841746194756,-0.3921315825380524,0.3921315825380524,0.1537671780237974
shifted_ou,83,sigma,0.2,0.24853506487222415,0.04853506487222414,0.04853506487222414,0.0023556525221510058
brownian,84,drift,0.15,0.22681414411332654,0.07681414411332654,0.07681414411332654,0.005900412735862899
brownian,84,sigma,0.3,0.2748665640494746,-0.025133435950525362,0.025133435950525362,0.0006316896026791608
ou,84,theta,0.8,1.0368407611218724,0.23684076112187236,0.23684076112187236,0.0560935461287878
ou,84,mu,0.2,0.1792396025574548,-0.02076039744254521,0.02076039744254521,0.00043099410197243763
ou,84,sigma,0.25,0.229147367430894,-0.020852632569105994,0.020852632569105994,0.0004348322850621401
shifted_ou,84,theta,0.7,0.7645487256609583,0.06454872566095837,0.06454872566095837,0.004166537984453666
shifted_ou,84,mu0,0.1,0.12854493076607054,0.028544930766070536,0.028544930766070536,0.0008148130724397603
shifted_ou,84,delta,0.6,0.7476757772485503,0.1476757772485503,0.1476757772485503,0.021808135185963445
shifted_ou,84,sigma,0.2,0.16667033105060308,-0.03332966894939693,0.03332966894939693,0.0011108668322763937
brownian,85,drift,0.15,0.06348454926518342,-0.08651545073481658,0.08651545073481658,0.007484923215848474
brownian,85,sigma,0.3,0.28779252391821647,-0.01220747608178352,0.01220747608178352,0.00014902247228731671
ou,85,theta,0.8,1.0018365601722927,0.20183656017229268,0.20183656017229268,0.040737997022183524
ou,85,mu,0.2,0.09684434711598518,-0.10315565288401483,0.10315565288401483,0.010641088721927358
ou,85,sigma,0.25,0.21182005066417717,-0.03817994933582283,0.03817994933582283,0.0014577085312859983
shifted_ou,85,theta,0.7,2.05282732446204,1.3528273244620401,1.3528273244620401,1.830141769811122
shifted_ou,85,mu0,0.1,0.06577063713516802,-0.03422936286483198,0.03422936286483198,0.0011716492821323388
shifted_ou,85,delta,0.6,0.5537476665121344,-0.046252333487865616,0.046252333487865616,0.002139278353072735
shifted_ou,85,sigma,0.2,0.21985399912701092,0.019853999127010913,0.019853999127010913,0.0003941812813353501
brownian,86,drift,0.15,0.34474644610229743,0.19474644610229744,0.19474644610229744,0.037926178269475044
brownian,86,sigma,0.3,0.29077063978957546,-0.009229360210424531,0.009229360210424531,8.518108989376754e-05
ou,86,theta,0.8,1.20894640899418,0.4089464089941799,0.4089464089941799,0.16723716542923506
ou,86,mu,0.2,0.2054136268795971,0.005413626879597094,0.005413626879597094,2.930735599149617e-05
ou,86,sigma,0.25,0.30108142285179085,0.05108142285179085,0.05108142285179085,0.0026093117605634603
shifted_ou,86,theta,0.7,2.3726293351863594,1.6726293351863595,1.6726293351863595,2.797688892925963
shifted_ou,86,mu0,0.1,0.14391754357082936,0.04391754357082936,0.04391754357082936,0.001928750633295695
shifted_ou,86,delta,0.6,0.35153563762751167,-0.2484643623724883,0.2484643623724883,0.06173453936916719
shifted_ou,86,sigma,0.2,0.15926166130663597,-0.040738338693364046,0.040738338693364046,0.0016596122394952422
brownian,87,drift,0.15,-0.010818805907727904,-0.1608188059077279,0.1608188059077279,0.025862688333587458
brownian,87,sigma,0.3,0.20655813608339935,-0.09344186391660064,0.09344186391660064,0.008731381932208513
ou,87,theta,0.8,1.7873668860370846,0.9873668860370846,0.9873668860370846,0.9748933676425692
ou,87,mu,0.2,0.3184701913352822,0.1184701913352822,0.1184701913352822,0.014035186235018373
ou,87,sigma,0.25,0.30469420339305153,0.05469420339305153,0.05469420339305153,0.00299145588480049
shifted_ou,87,theta,0.7,0.5965511450466507,-0.10344885495334921,0.10344885495334921,0.010701665591159084
shifted_ou,87,mu0,0.1,0.16948687133222426,0.06948687133222425,0.06948687133222425,0.004828425287541089
shifted_ou,87,delta,0.6,0.961065260904137,0.36106526090413704,0.36106526090413704,0.13036812263177255
shifted_ou,87,sigma,0.2,0.17079462320491123,-0.029205376795088778,0.029205376795088778,0.00085295403374311
brownian,88,drift,0.15,0.34670522106719737,0.19670522106719737,0.19670522106719737,0.038692943995094986
brownian,88,sigma,0.3,0.30635213873235284,0.006352138732352852,0.006352138732352852,4.03496664750573e-05
ou,88,theta,0.8,0.5914610353108487,-0.20853896468915134,0.20853896468915134,0.04348849979362311
ou,88,mu,0.2,0.2930047760186548,0.09300477601865481,0.09300477601865481,0.008649888362280148
ou,88,sigma,0.25,0.20978425502456227,-0.04021574497543773,0.04021574497543773,0.001617306143929445
shifted_ou,88,theta,0.7,2.967873552711445,2.2678735527114453,2.2678735527114453,5.143250451088033
shifted_ou,88,mu0,0.1,-0.10141435060358936,-0.20141435060358936,0.20141435060358936,0.04056774062906562
shifted_ou,88,delta,0.6,0.4768089819355373,-0.1231910180644627,0.1231910180644627,0.015176026931758775
shifted_ou,88,sigma,0.2,0.2508890152621098,0.050889015262109816,0.050889015262109816,0.002589691874347246
brownian,89,drift,0.15,0.2696103257189837,0.1196103257189837,0.1196103257189837,0.014306630018601373
brownian,89,sigma,0.3,0.30412662017228387,0.004126620172283879,0.004126620172283879,1.7028994046300233e-05
ou,89,theta,0.8,1.249060104211534,0.44906010421153386,0.44906010421153386,0.20165497719447364
ou,89,mu,0.2,0.2027622748835017,0.0027622748835016975,0.0027622748835016975,7.630162532024316e-06
ou,89,sigma,0.25,0.34621454854483885,0.09621454854483885,0.09621454854483885,0.009257239351687152
shifted_ou,89,theta,0.7,1.1336083167585456,0.4336083167585456,0.4336083167585456,0.1880161723621792
shifted_ou,89,mu0,0.1,-0.34392019577031835,-0.4439201957703184,0.4439201957703184,0.1970651402127578
shifted_ou,89,delta,0.6,0.8148329072935117,0.21483290729351168,0.21483290729351168,0.04615317805618258
shifted_ou,89,sigma,0.2,0.20474045268851473,0.004740452688514724,0.004740452688514724,2.247189169204647e-05
brownian,90,drift,0.15,0.4489228912214841,0.2989228912214841,0.2989228912214841,0.0893548948962112
brownian,90,sigma,0.3,0.27514971495051405,-0.024850285049485943,0.024850285049485943,0.0006175366670407046
ou,90,theta,0.8,0.5369128337559965,-0.2630871662440035,0.2630871662440035,0.06921485704229995
ou,90,mu,0.2,-0.16207626585537702,-0.362076265855377,0.362076265855377,0.13109922229577364
ou,90,sigma,0.25,0.22313026355398038,-0.026869736446019615,0.026869736446019615,0.0007219827366785548
shifted_ou,90,theta,0.7,0.9982164780713692,0.2982164780713692,0.2982164780713692,0.08893306779329142
shifted_ou,90,mu0,0.1,0.15174425162796878,0.05174425162796878,0.05174425162796878,0.0026774675765385498
shifted_ou,90,delta,0.6,0.24148941360223028,-0.35851058639776967,0.35851058639776967,0.12852984055927266
shifted_ou,90,sigma,0.2,0.13816083469175877,-0.06183916530824124,0.06183916530824124,0.003824082366019987
brownian,91,drift,0.15,0.1289626600332774,-0.021037339966722607,0.021037339966722607,0.00044256967287546436
brownian,91,sigma,0.3,0.28406485276166715,-0.015935147238332836,0.015935147238332836,0.0002539289175073466
ou,91,theta,0.8,2.03227125502835,1.23227125502835,1.23227125502835,1.5184924459691451
ou,91,mu,0.2,0.282804769238223,0.082804769238223,0.082804769238223,0.006856629808595361
ou,91,sigma,0.25,0.2724515808555397,0.02245158085553972,0.02245158085553972,0.0005040734829128377
shifted_ou,91,theta,0.7,1.9837605451547584,1.2837605451547585,1.2837605451547585,1.6480411372960426
shifted_ou,91,mu0,0.1,0.1487113567379947,0.048711356737994704,0.048711356737994704,0.002372796275256182
shifted_ou,91,delta,0.6,0.5228811239126423,-0.07711887608735768,0.07711887608735768,0.005947321048977228
shifted_ou,91,sigma,0.2,0.1550935536739981,-0.04490644632600191,0.04490644632600191,0.0020165889216300905
brownian,92,drift,0.15,0.18799036171413555,0.037990361714135557,0.037990361714135557,0.0014432675831708567
brownian,92,sigma,0.3,0.2979042240366901,-0.0020957759633098982,0.0020957759633098982,4.392276888387532e-06
ou,92,theta,0.8,2.7494321293895188,1.9494321293895187,1.9494321293895187,3.8002856270961534
ou,92,mu,0.2,0.418227412973286,0.21822741297328596,0.21822741297328596,0.0476232037730131
ou,92,sigma,0.25,0.3243213613769224,0.07432136137692241,0.07432136137692241,0.005523664756919094
shifted_ou,92,theta,0.7,2.49070720124537,1.7907072012453702,1.7907072012453702,3.206632280592027
shifted_ou,92,mu0,0.1,0.07334035367671324,-0.026659646323286768,0.026659646323286768,0.0007107367420827377
shifted_ou,92,delta,0.6,0.33465196904416394,-0.26534803095583603,0.26534803095583603,0.07040957753213932
shifted_ou,92,sigma,0.2,0.2626772626945629,0.06267726269456286,0.06267726269456286,0.003928439258883242
brownian,93,drift,0.15,-0.016315623675237693,-0.1663156236752377,0.1663156236752377,0.027660886678483286
brownian,93,sigma,0.3,0.2629139102215976,-0.03708608977840239,0.03708608977840239,0.001375378055051722
ou,93,theta,0.8,1.7311030799658917,0.9311030799658917,0.9311030799658917,0.8669529455219697
ou,93,mu,0.2,0.43239710880365223,0.23239710880365222,0.23239710880365222,0.054008416180296566
ou,93,sigma,0.25,0.2948972793412207,0.044897279341220675,0.044897279341220675,0.0020157656922436006
shifted_ou,93,theta,0.7,1.0487878944127351,0.34878789441273517,0.34878789441273517,0.12165299528886929
shifted_ou,93,mu0,0.1,0.5008374143970714,0.40083741439707143,0.40083741439707143,0.16067063278052957
shifted_ou,93,delta,0.6,0.31395984430147916,-0.2860401556985208,0.2860401556985208,0.08181897067203403
shifted_ou,93,sigma,0.2,0.20789973167933423,0.007899731679334221,0.007899731679334221,6.240576060547667e-05
brownian,94,drift,0.15,0.04398838030943697,-0.10601161969056302,0.10601161969056302,0.01123846350941657
brownian,94,sigma,0.3,0.30131065870228463,0.0013106587022846394,0.0013106587022846394,1.717826233874455e-06
ou,94,theta,0.8,1.5974569953209115,0.7974569953209114,0.7974569953209114,0.6359376593862561
ou,94,mu,0.2,0.3869177132621793,0.18691771326217926,0.18691771326217926,0.03493823153116227
ou,94,sigma,0.25,0.25766797696711163,0.007667976967111634,0.007667976967111634,5.879787076815453e-05
shifted_ou,94,theta,0.7,1.4351919101332742,0.7351919101332742,0.7351919101332742,0.5405071447254124
shifted_ou,94,mu0,0.1,0.0475485805871842,-0.05245141941281581,0.05245141941281581,0.002751151398419111
shifted_ou,94,delta,0.6,0.7552225807718466,0.15522258077184659,0.15522258077184659,0.02409404958147244
shifted_ou,94,sigma,0.2,0.1332670675369814,-0.06673293246301862,0.06673293246301862,0.004453284275113804
brownian,95,drift,0.15,-0.19126801497902315,-0.34126801497902315,0.34126801497902315,0.11646385804772277
brownian,95,sigma,0.3,0.2807373724660949,-0.019262627533905063,0.019262627533905063,0.00037104881950995747
ou,95,theta,0.8,0.45310236229733253,-0.3468976377026675,0.3468976377026675,0.12033797104369118
ou,95,mu,0.2,0.31115518251397517,0.11115518251397516,0.11115518251397516,0.012355474599715128
ou,95,sigma,0.25,0.17316818626985223,-0.07683181373014777,0.07683181373014777,0.005903127601064124
shifted_ou,95,theta,0.7,0.5561886675504887,-0.14381133244951128,0.14381133244951128,0.020681699340903855
shifted_ou,95,mu0,0.1,0.2107095784149732,0.1107095784149732,0.1107095784149732,0.0122566107528211
shifted_ou,95,delta,0.6,0.5284918925559424,-0.07150810744405756,0.07150810744405756,0.00511340943023088
shifted_ou,95,sigma,0.2,0.1667802474608035,-0.03321975253919651,0.03321975253919651,0.001103551958765453
brownian,96,drift,0.15,-0.11138426039169924,-0.26138426039169926,0.26138426039169926,0.06832173158051565
brownian,96,sigma,0.3,0.31972305763955156,0.019723057639551567,0.019723057639551567,0.0003889990026530734
ou,96,theta,0.8,0.8131714860035916,0.013171486003591526,0.013171486003591526,0.00017348804354280748
ou,96,mu,0.2,0.14938755704489323,-0.05061244295510678,0.05061244295510678,0.002561619381883938
ou,96,sigma,0.25,0.25663816336530826,0.006638163365308258,0.006638163365308258,4.406521286452066e-05
shifted_ou,96,theta,0.7,0.6863562825062665,-0.013643717493733498,0.013643717493733498,0.0001861510270488095
shifted_ou,96,mu0,0.1,-0.055153849218658714,-0.1551538492186587,0.1551538492186587,0.024072716927366282
shifted_ou,96,delta,0.6,0.911986650780861,0.3119866507808611,0.3119866507808611,0.09733567026545896
shifted_ou,96,sigma,0.2,0.10513214155877482,-0.0948678584412252,0.0948678584412252,0.008999910565224343
brownian,97,drift,0.15,0.1491340146454325,-0.0008659853545675,0.0008659853545675,7.499306343253988e-07
brownian,97,sigma,0.3,0.2870277663690604,-0.012972233630939578,0.012972233630939578,0.00016827884537567984
ou,97,theta,0.8,0.6315050633106678,-0.16849493668933224,0.16849493668933224,0.02839054368994208
ou,97,mu,0.2,0.18952650723931563,-0.010473492760684378,0.010473492760684378,0.00010969405060810806
ou,97,sigma,0.25,0.23401650142414415,-0.015983498575855848,0.015983498575855848,0.0002554722267243859
shifted_ou,97,theta,0.7,1.2135215738385419,0.5135215738385419,0.5135215738385419,0.26370440679761303
shifted_ou,97,mu0,0.1,0.17162830329551887,0.07162830329551886,0.07162830329551886,0.005130613832994839
shifted_ou,97,delta,0.6,0.41981627805806776,-0.18018372194193222,0.18018372194193222,0.03246617365284755
shifted_ou,97,sigma,0.2,0.1813786959675974,-0.018621304032402614,0.018621304032402614,0.0003467529638671738
brownian,98,drift,0.15,0.0508594096527298,-0.09914059034727019,0.09914059034727019,0.009828856654405242
brownian,98,sigma,0.3,0.29131963208462464,-0.008680367915375353,0.008680367915375353,7.534878714627786e-05
ou,98,theta,0.8,1.3280647025844015,0.5280647025844014,0.5280647025844014,0.2788523301155523
ou,98,mu,0.2,0.5256692084174148,0.3256692084174148,0.3256692084174148,0.10606043331122557
ou,98,sigma,0.25,0.32528740471902534,0.07528740471902534,0.07528740471902534,0.005668193309326319
shifted_ou,98,theta,0.7,2.620170237169156,1.9201702371691562,1.9201702371691562,3.6870537397102536
shifted_ou,98,mu0,0.1,0.3053604229633813,0.20536042296338128,0.20536042296338128,0.042172903319698855
shifted_ou,98,delta,0.6,0.12233049356009136,-0.47766950643990863,0.47766950643990863,0.22816815738254592
shifted_ou,98,sigma,0.2,0.19742237571384164,-0.0025776242861583754,0.0025776242861583754,6.644146960593474e-06
brownian,99,drift,0.15,0.12809076990955676,-0.021909230090443238,0.021909230090443238,0.00048001436315598344
brownian,99,sigma,0.3,0.25002027427394824,-0.04997972572605175,0.04997972572605175,0.002497972983651359
ou,99,theta,0.8,0.5047137105740132,-0.2952862894259869,0.2952862894259869,0.0871939927229677
ou,99,mu,0.2,-0.14517609674051793,-0.34517609674051797,0.34517609674051797,0.11914653776101942
ou,99,sigma,0.25,0.2149301455435736,-0.03506985445642641,0.03506985445642641,0.001229894691594931
shifted_ou,99,theta,0.7,2.271599165095016,1.571599165095016,1.571599165095016,2.4699239357273517
shifted_ou,99,mu0,0.1,0.21017859783079776,0.11017859783079775,0.11017859783079775,0.012139323419960671
shifted_ou,99,delta,0.6,0.4701243554616216,-0.12987564453837835,0.12987564453837835,0.01686768304425921
shifted_ou,99,sigma,0.2,0.1619448358990137,-0.038055164100986305,0.038055164100986305,0.0014481955147529967
