trajectory_id,replicate_id,contains_jump,true_jump_time,detected_jump_time,jump_time_error,true_jump_size,estimated_jump_size,maximum_jump_probability,detection_threshold,detected_jump,true_positive,false_positive,false_negative,true_negative
JUMP_001,1,True,3.37576187266826,3.37576187266826,0.0,-1.5,-1.3372782887990449,0.999999999962337,0.5,True,True,False,False,False
JUMP_002,2,True,4.0239115641737575,4.0239115641737575,0.0,-1.1,-1.082129196955621,1.0,0.5,True,True,False,False,False
JUMP_003,3,True,3.10483338917779,3.10483338917779,0.0,-2.0,-2.225832586087116,1.0,0.5,True,True,False,False,False
JUMP_004,4,True,7.681178908550855,7.681178908550855,0.0,-2.0,-1.9513505523590176,1.0,0.5,True,True,False,False,False
JUMP_005,5,True,2.404682637295473,2.404682637295473,0.0,2.0,2.0582399074094315,1.0,0.5,True,True,False,False,False
JUMP_006,6,True,6.5564720155199785,6.5564720155199785,0.0,1.1,1.0672349128553482,0.999999999999624,0.5,True,True,False,False,False
JUMP_007,7,True,4.667006800833794,4.667006800833794,0.0,-0.8,-0.5925368959789278,0.941161881623726,0.5,True,True,False,False,False
JUMP_008,8,True,6.0506080150802335,6.0506080150802335,0.0,-1.1,-0.9577119908201962,1.0,0.5,True,True,False,False,False
JUMP_009,9,True,2.985019446684537,2.985019446684537,0.0,-0.8,-0.7132061740830381,0.9999999944458272,0.5,True,True,False,False,False
JUMP_010,10,True,6.540076147555425,6.540076147555425,0.0,1.1,1.2272150096148942,0.9999999842219685,0.5,True,True,False,False,False
JUMP_011,11,True,2.948812577921194,2.948812577921194,0.0,-2.0,-2.125053168548221,1.0,0.5,True,True,False,False,False
JUMP_012,12,True,2.349167999430337,2.349167999430337,0.0,1.5,1.548304339111647,1.0,0.5,True,True,False,False,False
JUMP_013,13,True,3.47032322956605,3.47032322956605,0.0,1.5,1.5915568057458755,1.0,0.5,True,True,False,False,False
JUMP_014,14,True,7.672078676156328,7.672078676156328,0.0,-1.5,-1.758236967903102,1.0,0.5,True,True,False,False,False
JUMP_015,15,True,3.282932468515176,3.282932468515176,0.0,0.5,0.5813332954547854,0.961673657034419,0.5,True,True,False,False,False
JUMP_016,16,True,6.470886974127563,6.470886974127563,0.0,0.8,0.7869623482007433,0.9999809090514794,0.5,True,True,False,False,False
JUMP_017,17,True,2.847687617457969,2.847687617457969,0.0,-2.0,-1.9201277519748037,1.0,0.5,True,True,False,False,False
JUMP_018,18,True,5.959923199998137,6.019846065347768,0.059922865349631316,0.5,-0.2141389197389168,0.1911979991963811,0.5,False,False,False,True,False
JUMP_019,19,True,7.712000300536259,7.712000300536259,0.0,-1.1,-1.0432766512455274,1.0,0.5,True,True,False,False,False
JUMP_020,20,True,4.703104031697515,4.703104031697515,0.0,1.1,1.2521985644646154,0.9999999999464836,0.5,True,True,False,False,False
JUMP_021,21,True,2.0431631501518743,2.0431631501518743,0.0,0.8,0.7846669041378926,0.994525813657793,0.5,True,True,False,False,False
JUMP_022,22,True,6.911962768601736,6.911962768601736,0.0,-2.0,-1.954759940313172,1.0,0.5,True,True,False,False,False
JUMP_023,23,True,2.025252654179539,2.025252654179539,0.0,-1.1,-1.100853509103449,1.0,0.5,True,True,False,False,False
JUMP_024,24,True,3.15700343384938,3.15700343384938,0.0,0.8,0.7250323757755606,0.9563006632946762,0.5,True,True,False,False,False
JUMP_025,25,True,3.539578856535256,3.539578856535256,0.0,0.5,0.6592075599137954,0.9114500165938294,0.5,True,True,False,False,False
JUMP_026,26,True,2.057125663645876,2.057125663645876,0.0,0.5,0.8629463683233562,0.977430819326818,0.5,True,True,False,False,False
JUMP_027,27,True,4.053035330515513,4.053035330515513,0.0,-1.5,-1.7093047751904993,0.9999966214964487,0.5,True,True,False,False,False
JUMP_028,28,True,5.90378562819455,5.90378562819455,0.0,-2.0,-1.693948396437815,0.9999999999983646,0.5,True,True,False,False,False
JUMP_029,29,True,2.940369564596473,2.940369564596473,0.0,-1.5,-1.588826023052639,1.0,0.5,True,True,False,False,False
JUMP_030,30,True,3.787528055814757,3.787528055814757,0.0,1.5,1.4390281950932402,1.0,0.5,True,True,False,False,False
JUMP_031,31,True,3.1301230216491103,3.1301230216491103,0.0,-1.1,-1.1607172299681665,1.0,0.5,True,True,False,False,False
JUMP_032,32,True,2.270163096988868,2.270163096988868,0.0,1.1,1.178580279203587,1.0,0.5,True,True,False,False,False
JUMP_033,33,True,2.2220350103851105,2.2220350103851105,0.0,-0.8,-0.9661106883557526,0.9993622814550976,0.5,True,True,False,False,False
JUMP_034,34,True,4.2497804435809865,4.2497804435809865,0.0,2.0,2.263119084338141,1.0,0.5,True,True,False,False,False
JUMP_035,35,True,7.433481211270307,0.5138740702880462,-6.919607140982261,0.5,-0.2396516892020436,0.2352892218963965,0.5,False,False,False,True,False
JUMP_036,36,True,7.165333642628651,7.165333642628651,0.0,-2.0,-2.082107288121793,1.0,0.5,True,True,False,False,False
JUMP_037,37,True,7.658287072857732,7.658287072857732,0.0,0.5,0.5731447813402664,0.9950655092379528,0.5,True,True,False,False,False
JUMP_038,38,True,3.937630208420457,3.937630208420457,0.0,1.1,0.9966074822219572,0.9999998745008104,0.5,True,True,False,False,False
JUMP_039,39,True,4.089066158924704,4.089066158924704,0.0,-0.8,-0.7992143736997075,1.0,0.5,True,True,False,False,False
JUMP_040,40,True,2.763365693904479,2.763365693904479,0.0,-1.1,-0.9939252652646544,1.0,0.5,True,True,False,False,False
JUMP_041,41,True,7.6485193590483185,7.6485193590483185,0.0,0.8,1.0719762188462414,0.9999859836212536,0.5,True,True,False,False,False
JUMP_042,42,True,8.086805828325351,8.086805828325351,0.0,2.0,2.107122635834711,1.0,0.5,True,True,False,False,False
JUMP_043,43,True,2.13951719566591,2.13951719566591,0.0,1.5,1.4123431996003364,0.9999999999999996,0.5,True,True,False,False,False
JUMP_044,44,True,3.0393441058205584,3.0393441058205584,0.0,-0.8,-0.71924041454413,0.999997679801274,0.5,True,True,False,False,False
JUMP_045,45,True,5.943569371827467,5.943569371827467,0.0,-0.8,-0.5736863537088783,0.8598578565585892,0.5,True,True,False,False,False
JUMP_046,46,True,3.691532361028742,3.691532361028742,0.0,0.8,0.7690812008891366,0.9998553941384248,0.5,True,True,False,False,False
JUMP_047,47,True,4.152993917509139,4.152993917509139,0.0,-1.1,-1.0342945785363014,1.0,0.5,True,True,False,False,False
JUMP_048,48,True,7.659070474074183,7.659070474074183,0.0,0.8,0.7058344746801832,0.9836401776849812,0.5,True,True,False,False,False
JUMP_049,49,True,2.304088080807425,2.304088080807425,0.0,-1.1,-1.1596887958519726,0.9998850236375544,0.5,True,True,False,False,False
JUMP_050,50,True,6.796619966077255,6.796619966077255,0.0,1.5,1.684613953568077,0.9999999999995108,0.5,True,True,False,False,False
JUMP_051,51,True,5.411133711524516,5.411133711524516,0.0,-1.1,-1.1237550766577151,0.9997890429542284,0.5,True,True,False,False,False
JUMP_052,52,True,2.737943114794631,2.737943114794631,0.0,-0.8,-0.6867319748248224,0.935125346182306,0.5,True,True,False,False,False
JUMP_053,53,True,6.542659981495099,6.542659981495099,0.0,-0.8,-0.8130924458900965,0.9999997530206098,0.5,True,True,False,False,False
JUMP_054,54,True,4.391336368458331,4.391336368458331,0.0,2.0,1.9648460548028008,1.0,0.5,True,True,False,False,False
JUMP_055,55,True,4.929965807705016,4.929965807705016,0.0,0.8,0.9429536293835876,1.0,0.5,True,True,False,False,False
JUMP_056,56,True,7.341107235437234,7.341107235437234,0.0,-1.5,-1.5220174602223395,1.0,0.5,True,True,False,False,False
JUMP_057,57,True,2.6695429833028097,2.6695429833028097,0.0,2.0,1.9182837062371692,1.0,0.5,True,True,False,False,False
JUMP_058,58,True,6.618568222508054,6.618568222508054,0.0,-1.1,-0.8996778750375869,0.9966415146024458,0.5,True,True,False,False,False
JUMP_059,59,True,6.8915868978292325,6.8915868978292325,0.0,-1.1,-1.101665711035817,0.9999999999999992,0.5,True,True,False,False,False
JUMP_060,60,True,4.157758797658735,4.157758797658735,0.0,-0.8,-0.8132941579405869,1.0,0.5,True,True,False,False,False
JUMP_061,61,True,4.364232574737344,4.364232574737344,0.0,1.1,1.3569093724016683,0.9999999701511348,0.5,True,True,False,False,False
JUMP_062,62,True,6.689837821506577,6.689837821506577,0.0,0.8,0.983978831256259,0.9999999999625492,0.5,True,True,False,False,False
JUMP_063,63,True,7.466850125876054,7.466850125876054,0.0,0.5,0.5744694234541525,1.0,0.5,True,True,False,False,False
JUMP_064,64,True,2.7957855653051644,2.7957855653051644,0.0,0.5,0.529542790963957,0.9965421874603044,0.5,True,True,False,False,False
JUMP_065,65,True,7.984487713879878,7.984487713879878,0.0,-0.5,-0.4756246695536424,0.6400712571088986,0.5,True,True,False,False,False
JUMP_066,66,True,5.489007529768152,4.232507270617251,-1.2565002591509007,-0.5,0.3929724790306297,0.1928121754672324,0.5,False,False,False,True,False
JUMP_067,67,True,4.230881758540055,4.230881758540055,0.0,0.8,0.9092534887054586,0.98239144000111,0.5,True,True,False,False,False
JUMP_068,68,True,3.4841314048280827,3.4841314048280827,0.0,-2.0,-2.2991512335324704,1.0,0.5,True,True,False,False,False
JUMP_069,69,True,4.3563348247479015,4.3563348247479015,0.0,-2.0,-2.017338129728751,1.0,0.5,True,True,False,False,False
JUMP_070,70,True,2.7522651486662584,2.7522651486662584,0.0,0.5,0.3708238729374693,0.0966677454798333,0.5,False,False,False,True,False
JUMP_071,71,True,2.443737886832245,2.443737886832245,0.0,-2.0,-1.6377927691293168,0.9999999999970816,0.5,True,True,False,False,False
JUMP_072,72,True,5.39774482943238,5.39774482943238,0.0,1.5,1.4067463419553552,0.9999959485883984,0.5,True,True,False,False,False
JUMP_073,73,True,6.920200041812591,6.920200041812591,0.0,0.5,0.6920615961448214,0.4310053506125277,0.5,False,False,False,True,False
JUMP_074,74,True,4.233868129805933,4.233868129805933,0.0,-1.5,-1.5992041679751967,1.0,0.5,True,True,False,False,False
JUMP_075,75,True,6.069471573613866,6.069471573613866,0.0,-1.5,-1.5443501048044272,1.0,0.5,True,True,False,False,False
JUMP_076,76,True,5.176993471134052,5.176993471134052,0.0,0.5,0.4797847797841525,0.8610175846943657,0.5,True,True,False,False,False
JUMP_077,77,True,4.675220717868475,4.675220717868475,0.0,0.5,0.6002115480405815,0.9999729300079652,0.5,True,True,False,False,False
JUMP_078,78,True,2.7482722597965226,2.7482722597965226,0.0,-1.1,-1.0689657524692562,0.9876086744587604,0.5,True,True,False,False,False
JUMP_079,79,True,7.570867009835293,7.570867009835293,0.0,0.8,0.6653529192947668,0.9982156773869388,0.5,True,True,False,False,False
JUMP_080,80,True,5.710699680283024,5.710699680283024,0.0,-1.1,-1.2012209921007648,0.9999999999999908,0.5,True,True,False,False,False
JUMP_081,81,True,5.570977455387281,5.570977455387281,0.0,-0.5,-0.6217938967098472,0.993621320784346,0.5,True,True,False,False,False
JUMP_082,82,True,7.677310334885549,7.677310334885549,0.0,-1.1,-1.1592632535520555,1.0,0.5,True,True,False,False,False
JUMP_083,83,True,2.3673994960708966,2.3673994960708966,0.0,0.8,0.6597394849406136,0.9999466316702929,0.5,True,True,False,False,False
JUMP_084,84,True,4.329158958010179,4.329158958010179,0.0,2.0,2.2387687006825816,0.9999999999991293,0.5,True,True,False,False,False
JUMP_085,85,True,7.537548729155015,7.537548729155015,0.0,-0.8,-0.5728504485682349,0.3603571820792773,0.5,False,False,False,True,False
JUMP_086,86,True,5.218037008996348,5.218037008996348,0.0,0.5,0.5021871110720945,0.471119262435151,0.5,False,False,False,True,False
JUMP_087,87,True,5.1575727425173055,5.1575727425173055,0.0,1.5,1.1582021466689252,0.9999449104352364,0.5,True,True,False,False,False
JUMP_088,88,True,4.565545658988484,4.565545658988484,0.0,-2.0,-1.8315156711044909,1.0,0.5,True,True,False,False,False
JUMP_089,89,True,4.741913219265218,4.741913219265218,0.0,2.0,1.9876306793175544,1.0,0.5,True,True,False,False,False
JUMP_090,90,True,7.013733385010914,7.013733385010914,0.0,2.0,2.081164920238628,1.0,0.5,True,True,False,False,False
JUMP_091,91,True,2.658034325372681,2.658034325372681,0.0,1.1,1.0123206190380911,0.9999999999996588,0.5,True,True,False,False,False
JUMP_092,92,True,7.692985548780572,7.692985548780572,0.0,2.0,2.140688969760552,1.0,0.5,True,True,False,False,False
JUMP_093,93,True,8.005211231336878,8.005211231336878,0.0,1.5,1.548303568641887,1.0,0.5,True,True,False,False,False
JUMP_094,94,True,4.201610440761149,4.201610440761149,0.0,0.8,0.7517069804485602,1.0,0.5,True,True,False,False,False
JUMP_095,95,True,2.356966874208611,2.356966874208611,0.0,-0.5,-0.3839545523577317,0.2944211466005364,0.5,False,False,False,True,False
JUMP_096,96,True,5.535769576741537,5.535769576741537,0.0,-1.5,-1.5389726077545371,1.0,0.5,True,True,False,False,False
JUMP_097,97,True,6.890952616549605,6.890952616549605,0.0,-0.8,-0.7386394959988094,0.9924806148456408,0.5,True,True,False,False,False
JUMP_098,98,True,5.507997537501945,5.507997537501945,0.0,1.5,1.5988748188280932,1.0,0.5,True,True,False,False,False
JUMP_099,99,True,7.14244084047211,7.14244084047211,0.0,-0.5,-0.5525729013090606,0.4434321869855339,0.5,False,False,False,True,False
JUMP_100,100,True,2.352918279066815,2.352918279066815,0.0,1.1,0.8553990774268027,0.996138507791422,0.5,True,True,False,False,False
JUMP_101,101,True,5.567660861825756,5.567660861825756,0.0,2.0,1.983760161619096,1.0,0.5,True,True,False,False,False
JUMP_102,102,True,6.893372973519427,6.893372973519427,0.0,-1.1,-1.1330583099531435,1.0,0.5,True,True,False,False,False
JUMP_103,103,True,4.8795293402698725,4.8795293402698725,0.0,-0.5,-0.559522247847684,0.9448354623354046,0.5,True,True,False,False,False
JUMP_104,104,True,5.528092749136735,5.528092749136735,0.0,0.8,0.7838243174259953,0.9994559012781846,0.5,True,True,False,False,False
JUMP_105,105,True,2.2951297856090003,2.2951297856090003,0.0,-1.5,-1.7496096481771324,1.0,0.5,True,True,False,False,False
JUMP_106,106,True,2.759998125458196,2.759998125458196,0.0,-2.0,-1.8410110386294576,0.9999999999997852,0.5,True,True,False,False,False
JUMP_107,107,True,4.803983726741983,4.803983726741983,0.0,0.8,0.7208860214923744,0.999157511009305,0.5,True,True,False,False,False
JUMP_108,108,True,7.185337495302759,7.185337495302759,0.0,0.5,0.5683293795437885,0.5419702771142868,0.5,True,True,False,False,False
JUMP_109,109,True,2.149278519277521,2.149278519277521,0.0,2.0,1.9059032304244945,1.0,0.5,True,True,False,False,False
JUMP_110,110,True,4.449263391531543,4.449263391531543,0.0,0.8,0.8438318037448735,1.0,0.5,True,True,False,False,False
JUMP_111,111,True,5.463662708252171,5.463662708252171,0.0,-0.8,-1.0005133125405945,0.9997977832706528,0.5,True,True,False,False,False
JUMP_112,112,True,5.239797619648858,5.239797619648858,0.0,2.0,2.00983995373412,1.0,0.5,True,True,False,False,False
JUMP_113,113,True,5.245612564382807,5.76222310193955,0.5166105375567431,0.5,-0.4278742861852773,0.3429058202841774,0.5,False,False,False,True,False
JUMP_114,114,True,4.502439536454963,4.502439536454963,0.0,0.8,0.6513131426277706,0.9755372017996264,0.5,True,True,False,False,False
JUMP_115,115,True,4.938919414702584,4.938919414702584,0.0,-2.0,-1.8707356409304152,1.0,0.5,True,True,False,False,False
JUMP_116,116,True,2.2169235574744017,2.2169235574744017,0.0,0.5,0.4816685992769375,1.0,0.5,True,True,False,False,False
JUMP_117,117,True,4.45322153664481,4.45322153664481,0.0,-1.5,-1.5892463557659469,1.0,0.5,True,True,False,False,False
JUMP_118,118,True,6.326594713138815,6.326594713138815,0.0,-0.8,-0.7800763390011378,1.0,0.5,True,True,False,False,False
JUMP_119,119,True,2.2760677665511206,2.2760677665511206,0.0,-1.1,-1.3092578232151442,0.9999998161969564,0.5,True,True,False,False,False
JUMP_120,120,True,5.921701919489149,5.921701919489149,0.0,-1.5,-1.6102355691462948,1.0,0.5,True,True,False,False,False
JUMP_121,121,True,7.5039440353859375,6.551905189507057,-0.9520388458788807,0.5,0.1155727391454215,0.0818296820590011,0.5,False,False,False,True,False
JUMP_122,122,True,4.0468144111976425,4.0468144111976425,0.0,0.8,0.7723750223816686,0.9999999999999742,0.5,True,True,False,False,False
JUMP_123,123,True,6.784089830255692,6.784089830255692,0.0,-1.5,-1.5257642470793482,1.0,0.5,True,True,False,False,False
JUMP_124,124,True,4.245761658860246,4.245761658860246,0.0,2.0,1.8056171037124504,1.0,0.5,True,True,False,False,False
JUMP_125,125,True,6.183473786518485,6.183473786518485,0.0,1.5,1.4243176423166757,1.0,0.5,True,True,False,False,False
JUMP_126,126,True,7.004637282369373,5.612640103717843,-1.39199717865153,0.8,0.1953745016764595,0.2756809118661327,0.5,False,False,False,True,False
JUMP_127,127,True,5.447193653275853,5.447193653275853,0.0,2.0,1.9138864856815672,0.9999999999999992,0.5,True,True,False,False,False
JUMP_128,128,True,3.6131504404599513,3.6131504404599513,0.0,-2.0,-1.896335515833956,1.0,0.5,True,True,False,False,False
JUMP_129,129,True,6.724643001469371,6.724643001469371,0.0,2.0,2.071417374992933,1.0,0.5,True,True,False,False,False
JUMP_130,130,True,2.814711053094231,2.814711053094231,0.0,2.0,2.143905548728504,1.0,0.5,True,True,False,False,False
JUMP_131,131,True,6.98168313879684,6.98168313879684,0.0,2.0,1.926936645885419,1.0,0.5,True,True,False,False,False
JUMP_132,132,True,6.124431376526016,6.124431376526016,0.0,-0.8,-0.7420299755518255,0.998481510251035,0.5,True,True,False,False,False
JUMP_133,133,True,5.014278760113447,5.014278760113447,0.0,1.1,1.0558114017766065,0.9999997951387029,0.5,True,True,False,False,False
JUMP_134,134,True,5.558672762838706,5.558672762838706,0.0,-2.0,-1.7616696502226097,1.0,0.5,True,True,False,False,False
JUMP_135,135,True,6.110878652423865,6.110878652423865,0.0,0.8,0.7143475814675335,0.9928031844895534,0.5,True,True,False,False,False
JUMP_136,136,True,4.135013214541138,4.135013214541138,0.0,-1.1,-0.9437339236657304,0.9999999278619648,0.5,True,True,False,False,False
JUMP_137,137,True,5.2908483200002445,5.2908483200002445,0.0,1.1,1.188338902738482,0.9999325561248296,0.5,True,True,False,False,False
JUMP_138,138,True,2.8533700630035144,2.8533700630035144,0.0,0.5,0.5568753720224832,0.5893535782918727,0.5,True,True,False,False,False
JUMP_139,139,True,7.918080140298159,7.918080140298159,0.0,-0.8,-0.8522670760735891,0.999011474147642,0.5,True,True,False,False,False
JUMP_140,140,True,5.623245217490829,5.623245217490829,0.0,0.8,0.7474894378607717,0.9958180661656872,0.5,True,True,False,False,False
JUMP_141,141,True,2.727909891289487,2.727909891289487,0.0,-1.5,-1.817727645777345,1.0,0.5,True,True,False,False,False
JUMP_142,142,True,5.689897658870606,5.689897658870606,0.0,-0.8,-0.8452460265495954,0.948309622646028,0.5,True,True,False,False,False
JUMP_143,143,True,6.465543118112588,6.465543118112588,0.0,-1.5,-1.483525964529434,0.999999999998236,0.5,True,True,False,False,False
JUMP_144,144,True,4.160269619964291,4.160269619964291,0.0,1.1,1.1843054690181605,1.0,0.5,True,True,False,False,False
JUMP_145,145,True,4.979267190884727,4.979267190884727,0.0,-2.0,-2.0418514407767705,1.0,0.5,True,True,False,False,False
JUMP_146,146,True,3.2668556611010526,3.2668556611010526,0.0,-0.8,-0.8191981300635715,0.999969419982153,0.5,True,True,False,False,False
JUMP_147,147,True,3.372299697879424,3.372299697879424,0.0,-0.5,-0.4272829117295897,0.131785583723249,0.5,False,False,False,True,False
JUMP_148,148,True,4.133447538772989,4.133447538772989,0.0,0.5,0.4732128551645436,0.2994376830249984,0.5,False,False,False,True,False
JUMP_149,149,True,7.964807557438402,7.964807557438402,0.0,-0.8,-0.9080204249934468,0.9852913832696998,0.5,True,True,False,False,False
JUMP_150,150,True,7.933112544339959,7.933112544339959,0.0,-2.0,-1.974838749767117,1.0,0.5,True,True,False,False,False
JUMP_151,151,True,3.117223678721727,3.117223678721727,0.0,-0.8,-0.9863598618389002,0.9997118231258336,0.5,True,True,False,False,False
JUMP_152,152,True,6.19565902978951,6.19565902978951,0.0,-1.1,-1.1124611914229277,0.9999419943630472,0.5,True,True,False,False,False
JUMP_153,153,True,2.602455570163894,2.602455570163894,0.0,2.0,1.733459466851227,1.0,0.5,True,True,False,False,False
JUMP_154,154,True,4.728363739268171,4.728363739268171,0.0,2.0,2.0107869870274238,1.0,0.5,True,True,False,False,False
JUMP_155,155,True,3.172449463346405,3.172449463346405,0.0,1.1,1.00413164762557,0.9999999999999988,0.5,True,True,False,False,False
JUMP_156,156,True,4.9441633681084864,4.592952740501442,-0.3512106276070446,0.5,0.5546364602289496,0.6048164676189629,0.5,True,True,False,False,False
JUMP_157,157,True,5.745784524512044,5.745784524512044,0.0,1.1,1.044260594618478,1.0,0.5,True,True,False,False,False
JUMP_158,158,True,6.078046788019062,6.078046788019062,0.0,-1.5,-1.6825097646072424,1.0,0.5,True,True,False,False,False
JUMP_159,159,True,4.2092944808227,4.2092944808227,0.0,-1.1,-1.0947199600781676,0.9999999637000752,0.5,True,True,False,False,False
JUMP_160,160,True,5.399451554417198,5.399451554417198,0.0,-2.0,-1.8789791358319337,1.0,0.5,True,True,False,False,False
JUMP_161,161,True,5.088827105534579,5.088827105534579,0.0,-2.0,-2.320901632053398,1.0,0.5,True,True,False,False,False
JUMP_162,162,True,5.9456932029650655,5.9456932029650655,0.0,-0.8,-0.6731393459913984,0.9420052790993712,0.5,True,True,False,False,False
JUMP_163,163,True,7.185015266764969,7.185015266764969,0.0,-1.1,-1.1279421044251068,1.0,0.5,True,True,False,False,False
JUMP_164,164,True,7.885220369449217,7.885220369449217,0.0,1.1,1.3930105844605496,0.9999999729596356,0.5,True,True,False,False,False
JUMP_165,165,True,7.616538243111109,7.616538243111109,0.0,-0.5,-0.6333792559327439,0.9991890534079824,0.5,True,True,False,False,False
JUMP_166,166,True,3.925151061556983,3.925151061556983,0.0,-0.8,-0.7086055790750099,1.0,0.5,True,True,False,False,False
JUMP_167,167,True,6.942277321857144,6.942277321857144,0.0,1.5,1.7915265530888305,0.9999999988827946,0.5,True,True,False,False,False
JUMP_168,168,True,2.4190014673559643,2.4190014673559643,0.0,0.5,0.5948905823865283,0.9969291656846152,0.5,True,True,False,False,False
JUMP_169,169,True,4.865985816482169,4.865985816482169,0.0,-0.8,-0.8031895469043484,1.0,0.5,True,True,False,False,False
JUMP_170,170,True,7.787162524129391,7.787162524129391,0.0,-1.5,-1.341315231390397,0.9999999999999988,0.5,True,True,False,False,False
JUMP_171,171,True,4.465382122950981,4.465382122950981,0.0,1.1,1.0168738266293695,1.0,0.5,True,True,False,False,False
JUMP_172,172,True,4.960278191905983,4.960278191905983,0.0,-0.8,-0.7436754693725658,1.0,0.5,True,True,False,False,False
JUMP_173,173,True,4.611247534894723,4.611247534894723,0.0,-1.5,-1.5897663339425503,0.9999999999290214,0.5,True,True,False,False,False
JUMP_174,174,True,4.059035741837612,4.059035741837612,0.0,-0.8,-0.7903197407488153,1.0,0.5,True,True,False,False,False
JUMP_175,175,True,2.7717764875140096,2.7717764875140096,0.0,0.5,0.5520520819838485,0.5966714813010232,0.5,True,True,False,False,False
JUMP_176,176,True,2.27088318739614,2.27088318739614,0.0,-1.1,-1.0088564073951156,1.0,0.5,True,True,False,False,False
JUMP_177,177,True,6.181865969755479,6.181865969755479,0.0,-1.5,-1.5745532717117965,0.9999999435349912,0.5,True,True,False,False,False
JUMP_178,178,True,3.3063875727612944,3.3063875727612944,0.0,-1.5,-1.354009697102576,0.9999507789961172,0.5,True,True,False,False,False
JUMP_179,179,True,2.911733770905488,2.911733770905488,0.0,2.0,2.106837815615105,1.0,0.5,True,True,False,False,False
JUMP_180,180,True,2.556344029638665,2.556344029638665,0.0,2.0,1.994440151457751,1.0,0.5,True,True,False,False,False
JUMP_181,181,True,4.901377241634228,4.901377241634228,0.0,1.1,1.363941322494184,0.9999999939303108,0.5,True,True,False,False,False
JUMP_182,182,True,6.305494539668286,1.9347835281657637,-4.3707110115025225,-0.5,0.3357438563714323,0.6863763756250767,0.5,True,True,False,False,False
JUMP_183,183,True,3.323380135485388,3.323380135485388,0.0,-1.5,-1.7073859122408774,0.9999999999999998,0.5,True,True,False,False,False
JUMP_184,184,True,5.337015590723325,5.337015590723325,0.0,-0.5,-0.3896668689492197,0.6010855445076955,0.5,True,True,False,False,False
JUMP_185,185,True,5.327421454915213,5.327421454915213,0.0,-2.0,-1.8767146719366392,1.0,0.5,True,True,False,False,False
JUMP_186,186,True,8.02311435905687,8.02311435905687,0.0,0.5,0.4554374809256196,0.8704548552089431,0.5,True,True,False,False,False
JUMP_187,187,True,4.157265959229911,4.157265959229911,0.0,1.5,1.1920649573665916,0.9999999999992096,0.5,True,True,False,False,False
JUMP_188,188,True,4.58314714951335,4.58314714951335,0.0,0.5,0.5398929351427961,0.997750284889124,0.5,True,True,False,False,False
JUMP_189,189,True,7.685275439419988,7.1014689037200665,-0.5838065356999218,0.5,0.2293164587854949,0.0962675070697093,0.5,False,False,False,True,False
JUMP_190,190,True,6.7545532789502,6.7545532789502,0.0,2.0,1.947776085876125,1.0,0.5,True,True,False,False,False
JUMP_191,191,True,4.611831192118554,4.611831192118554,0.0,1.1,1.00307583178557,0.996101791643821,0.5,True,True,False,False,False
JUMP_192,192,True,6.4816789317485,6.4816789317485,0.0,-1.5,-1.4828953269227527,1.0,0.5,True,True,False,False,False
JUMP_193,193,True,4.548441489721967,4.548441489721967,0.0,1.5,1.4854349265562647,1.0,0.5,True,True,False,False,False
JUMP_194,194,True,3.4237125301230567,3.4237125301230567,0.0,0.8,0.7651379533164471,0.9997261377689776,0.5,True,True,False,False,False
JUMP_195,195,True,4.443771962041771,4.443771962041771,0.0,1.1,1.4504581748731806,1.0,0.5,True,True,False,False,False
JUMP_196,196,True,2.4093204640973886,2.4093204640973886,0.0,-0.5,-0.606909604182762,0.4149143194410711,0.5,False,False,False,True,False
JUMP_197,197,True,6.744103667386971,6.744103667386971,0.0,-2.0,-1.9072317584866083,1.0,0.5,True,True,False,False,False
JUMP_198,198,True,5.7837309013461615,5.7837309013461615,0.0,-1.1,-1.060528181769417,0.999999999924277,0.5,True,True,False,False,False
JUMP_199,199,True,7.697065144183255,7.697065144183255,0.0,-1.1,-1.0080329117530946,1.0,0.5,True,True,False,False,False
JUMP_200,200,True,7.14232814511244,7.14232814511244,0.0,0.8,0.7346882424195357,1.0,0.5,True,True,False,False,False
JUMP_201,201,True,3.21044584222736,3.21044584222736,0.0,0.5,0.5345862038422298,0.9927269682293064,0.5,True,True,False,False,False
JUMP_202,202,True,7.917188065508805,7.917188065508805,0.0,1.1,1.338176730529833,0.99996077565312,0.5,True,True,False,False,False
JUMP_203,203,True,6.301724939796314,6.301724939796314,0.0,-1.1,-1.1277238453761549,1.0,0.5,True,True,False,False,False
JUMP_204,204,True,2.982390480000093,2.982390480000093,0.0,0.8,1.052750018791373,0.9999999999997098,0.5,True,True,False,False,False
JUMP_205,205,True,5.76295645909976,5.76295645909976,0.0,-0.8,-0.8855387785077972,0.9999999999899888,0.5,True,True,False,False,False
JUMP_206,206,True,3.427103513242196,3.427103513242196,0.0,-1.1,-0.8942004234435863,1.0,0.5,True,True,False,False,False
JUMP_207,207,True,5.508926932111753,5.508926932111753,0.0,2.0,1.9180625077911548,1.0,0.5,True,True,False,False,False
JUMP_208,208,True,3.6748313908144175,3.6748313908144175,0.0,1.1,1.3850978589062488,1.0,0.5,True,True,False,False,False
JUMP_209,209,True,6.121245114640447,6.121245114640447,0.0,-0.8,-0.7253570624876882,0.68714090237878,0.5,True,True,False,False,False
JUMP_210,210,True,7.80356809381809,7.80356809381809,0.0,2.0,2.123197483573768,1.0,0.5,True,True,False,False,False
JUMP_211,211,True,5.213802781457039,5.213802781457039,0.0,-0.8,-0.7208976324000654,0.9999998401127628,0.5,True,True,False,False,False
JUMP_212,212,True,6.808530660029649,6.808530660029649,0.0,2.0,2.254098489585784,1.0,0.5,True,True,False,False,False
JUMP_213,213,True,7.342117670999203,7.342117670999203,0.0,-2.0,-1.8364030041306465,0.9999999999999972,0.5,True,True,False,False,False
JUMP_214,214,True,7.076316427572122,7.076316427572122,0.0,-0.8,-0.5215831650389016,0.925126310492681,0.5,True,True,False,False,False
JUMP_215,215,True,3.697144221140208,3.697144221140208,0.0,-1.5,-1.506764474188661,1.0,0.5,True,True,False,False,False
JUMP_216,216,True,2.6944675429785105,2.6944675429785105,0.0,-1.5,-1.618385781630185,1.0,0.5,True,True,False,False,False
JUMP_217,217,True,4.403082459800643,4.403082459800643,0.0,2.0,1.9980114805848477,1.0,0.5,True,True,False,False,False
JUMP_218,218,True,6.114257326617568,6.114257326617568,0.0,0.5,0.5153482446417404,0.9999999999998704,0.5,True,True,False,False,False
JUMP_219,219,True,7.495248874749847,7.495248874749847,0.0,2.0,2.063577250579542,1.0,0.5,True,True,False,False,False
JUMP_220,220,True,6.691566064353868,6.691566064353868,0.0,1.5,1.4849798548654949,1.0,0.5,True,True,False,False,False
JUMP_221,221,True,4.984726833619174,4.984726833619174,0.0,1.5,1.623465049376957,1.0,0.5,True,True,False,False,False
JUMP_222,222,True,3.7043991642556975,3.7043991642556975,0.0,0.5,0.5126077151861719,0.9999999953786258,0.5,True,True,False,False,False
JUMP_223,223,True,2.585304682527936,2.585304682527936,0.0,1.5,1.3807626637340922,0.999999999854248,0.5,True,True,False,False,False
JUMP_224,224,True,6.496710859634024,6.496710859634024,0.0,1.1,1.147576243733525,0.9999999999990216,0.5,True,True,False,False,False
JUMP_225,225,True,4.521815336929107,4.521815336929107,0.0,0.5,0.6469816203734899,0.9999999999999952,0.5,True,True,False,False,False
JUMP_226,226,True,6.147501187621815,6.147501187621815,0.0,-0.5,-0.4402989202415108,0.9999779671606028,0.5,True,True,False,False,False
JUMP_227,227,True,6.20329628577604,6.20329628577604,0.0,2.0,1.902447524942448,0.9999999996383812,0.5,True,True,False,False,False
JUMP_228,228,True,2.679126694641224,2.679126694641224,0.0,-0.5,-0.3940309096246414,0.9473636032048454,0.5,True,True,False,False,False
JUMP_229,229,True,4.854640455719794,4.854640455719794,0.0,1.1,1.02691154775004,1.0,0.5,True,True,False,False,False
JUMP_230,230,True,5.762340934998691,5.762340934998691,0.0,1.5,1.5515933352581346,0.9999999999995994,0.5,True,True,False,False,False
JUMP_231,231,True,6.947076034468964,6.947076034468964,0.0,-0.5,-0.457069941235689,1.0,0.5,True,True,False,False,False
JUMP_232,232,True,7.1715309937567495,7.1715309937567495,0.0,-2.0,-2.071666805650694,1.0,0.5,True,True,False,False,False
JUMP_233,233,True,2.3565550519548677,2.3565550519548677,0.0,-0.8,-0.8858617390941499,1.0,0.5,True,True,False,False,False
JUMP_234,234,True,7.683461090887648,7.683461090887648,0.0,1.1,1.064090112684322,1.0,0.5,True,True,False,False,False
JUMP_235,235,True,4.275225729256341,4.275225729256341,0.0,1.1,1.160071868945694,0.9999643660286576,0.5,True,True,False,False,False
JUMP_236,236,True,3.674366043767827,3.674366043767827,0.0,-1.5,-1.4698250668134587,0.9999999999999968,0.5,True,True,False,False,False
JUMP_237,237,True,3.42072461949254,3.42072461949254,0.0,-0.5,-0.7565869790598613,0.5053611619740941,0.5,True,True,False,False,False
JUMP_238,238,True,7.591256368372053,4.117303139040475,-3.4739532293315785,0.5,-0.4392056892636722,0.558303765711287,0.5,True,True,False,False,False
JUMP_239,239,True,3.846056277570407,3.846056277570407,0.0,0.5,0.5408046782248791,0.9999992189440198,0.5,True,True,False,False,False
JUMP_240,240,True,4.766697369434924,4.766697369434924,0.0,-1.1,-1.0935684053070005,1.0,0.5,True,True,False,False,False
JUMP_241,241,True,4.909187458709472,4.909187458709472,0.0,0.8,0.753979780053975,0.8835661205793736,0.5,True,True,False,False,False
JUMP_242,242,True,6.443841524044711,6.443841524044711,0.0,-1.5,-1.472590764053138,0.9999960941410968,0.5,True,True,False,False,False
JUMP_243,243,True,2.615643855940487,2.615643855940487,0.0,-1.1,-1.050633597532511,0.9946380131803398,0.5,True,True,False,False,False
JUMP_244,244,True,6.024041573583654,4.067881106684813,-1.956160466898841,0.5,0.238502138842402,0.2253015865526158,0.5,False,False,False,True,False
JUMP_245,245,True,2.936498632835616,2.936498632835616,0.0,-0.8,-0.918526101965999,0.9999999999999968,0.5,True,True,False,False,False
JUMP_246,246,True,2.9421536946851257,2.9421536946851257,0.0,0.8,0.7662840169050245,1.0,0.5,True,True,False,False,False
JUMP_247,247,True,3.082898955611797,6.469225635392264,3.386326679780467,0.5,-0.375955493347187,0.1008615223734466,0.5,False,False,False,True,False
JUMP_248,248,True,4.909437934779439,9.424402002297157,4.514964067517718,-0.5,-0.2675974024496364,0.6707933609969395,0.5,True,True,False,False,False
JUMP_249,249,True,6.588650806334161,6.588650806334161,0.0,0.5,0.6534183293500967,0.824036311016289,0.5,True,True,False,False,False
JUMP_250,250,True,7.073478126011342,7.073478126011342,0.0,2.0,2.1241524769661595,1.0,0.5,True,True,False,False,False
NULL_001,1,False,,,,,,0.1204249136904319,0.5,False,False,False,False,True
NULL_002,2,False,,,,,,0.1637278320239662,0.5,False,False,False,False,True
NULL_003,3,False,,,,,,0.4703813773061048,0.5,False,False,False,False,True
NULL_004,4,False,,,,,,0.0809584116484604,0.5,False,False,False,False,True
NULL_005,5,False,,,,,,0.1682485384052219,0.5,False,False,False,False,True
NULL_006,6,False,,,,,,0.1140136397926978,0.5,False,False,False,False,True
NULL_007,7,False,,,,,,0.095724896211803,0.5,False,False,False,False,True
NULL_008,8,False,,,,,,0.2136598033502674,0.5,False,False,False,False,True
NULL_009,9,False,,,,,,0.1017465701043586,0.5,False,False,False,False,True
NULL_010,10,False,,,,,,0.1952021629613285,0.5,False,False,False,False,True
NULL_011,11,False,,,,,,0.2005531618103005,0.5,False,False,False,False,True
NULL_012,12,False,,,,,,0.121130000623618,0.5,False,False,False,False,True
NULL_013,13,False,,,,,,0.0982138539551954,0.5,False,False,False,False,True
NULL_014,14,False,,,,,,0.3035103189702973,0.5,False,False,False,False,True
NULL_015,15,False,,,,,,0.0494098590212696,0.5,False,False,False,False,True
NULL_016,16,False,,,,,,0.1803973729481612,0.5,False,False,False,False,True
NULL_017,17,False,,,,,,0.1800176599345832,0.5,False,False,False,False,True
NULL_018,18,False,,,,,,0.0876512754783207,0.5,False,False,False,False,True
NULL_019,19,False,,,,,,0.2324581211271967,0.5,False,False,False,False,True
NULL_020,20,False,,,,,,0.3054509207296668,0.5,False,False,False,False,True
NULL_021,21,False,,,,,,0.2687612719570597,0.5,False,False,False,False,True
NULL_022,22,False,,,,,,0.2495113620067162,0.5,False,False,False,False,True
NULL_023,23,False,,,,,,0.1711584370189643,0.5,False,False,False,False,True
NULL_024,24,False,,,,,,0.0999135724212025,0.5,False,False,False,False,True
NULL_025,25,False,,,,,,0.0978278690483396,0.5,False,False,False,False,True
NULL_026,26,False,,,,,,0.2602344597267543,0.5,False,False,False,False,True
NULL_027,27,False,,,,,,0.3479083278504498,0.5,False,False,False,False,True
NULL_028,28,False,,,,,,0.0543522089850278,0.5,False,False,False,False,True
NULL_029,29,False,,,,,,0.1422328432098036,0.5,False,False,False,False,True
NULL_030,30,False,,,,,,0.1345192072440415,0.5,False,False,False,False,True
NULL_031,31,False,,,,,,0.2067914158324267,0.5,False,False,False,False,True
NULL_032,32,False,,,,,,0.2146837216943593,0.5,False,False,False,False,True
NULL_033,33,False,,,,,,0.1982285172773925,0.5,False,False,False,False,True
NULL_034,34,False,,,,,,0.1570416510117964,0.5,False,False,False,False,True
NULL_035,35,False,,,,,,0.2366452823451479,0.5,False,False,False,False,True
NULL_036,36,False,,,,,,0.4194547902492138,0.5,False,False,False,False,True
NULL_037,37,False,,,,,,0.1928809756828717,0.5,False,False,False,False,True
NULL_038,38,False,,,,,,0.2110100729340797,0.5,False,False,False,False,True
NULL_039,39,False,,,,,,0.2186372988524944,0.5,False,False,False,False,True
NULL_040,40,False,,,,,,0.0640312598398362,0.5,False,False,False,False,True
NULL_041,41,False,,,,,,0.1197094976223655,0.5,False,False,False,False,True
NULL_042,42,False,,,,,,0.1441800191945065,0.5,False,False,False,False,True
NULL_043,43,False,,,,,,0.1537849427874589,0.5,False,False,False,False,True
NULL_044,44,False,,,,,,0.4805720080619789,0.5,False,False,False,False,True
NULL_045,45,False,,,,,,0.2606802962932044,0.5,False,False,False,False,True
NULL_046,46,False,,,,,,0.1707039501700645,0.5,False,False,False,False,True
NULL_047,47,False,,,,,,0.1773944233913383,0.5,False,False,False,False,True
NULL_048,48,False,,,,,,0.99025808980501,0.5,True,False,True,False,False
NULL_049,49,False,,,,,,0.1195408060930928,0.5,False,False,False,False,True
NULL_050,50,False,,,,,,0.3046742292865926,0.5,False,False,False,False,True
NULL_051,51,False,,,,,,0.8921247975691282,0.5,True,False,True,False,False
NULL_052,52,False,,,,,,0.1795053504750933,0.5,False,False,False,False,True
NULL_053,53,False,,,,,,0.2185586904746052,0.5,False,False,False,False,True
NULL_054,54,False,,,,,,0.2906111628241269,0.5,False,False,False,False,True
NULL_055,55,False,,,,,,0.5417352132042778,0.5,True,False,True,False,False
NULL_056,56,False,,,,,,0.1576034225159589,0.5,False,False,False,False,True
NULL_057,57,False,,,,,,0.1408886674361595,0.5,False,False,False,False,True
NULL_058,58,False,,,,,,0.2687177921583907,0.5,False,False,False,False,True
NULL_059,59,False,,,,,,0.3701812452287747,0.5,False,False,False,False,True
NULL_060,60,False,,,,,,0.2970791606668775,0.5,False,False,False,False,True
NULL_061,61,False,,,,,,0.7070027633790298,0.5,True,False,True,False,False
NULL_062,62,False,,,,,,0.3719089040273187,0.5,False,False,False,False,True
NULL_063,63,False,,,,,,0.1376745326046202,0.5,False,False,False,False,True
NULL_064,64,False,,,,,,0.1584871888997959,0.5,False,False,False,False,True
NULL_065,65,False,,,,,,0.11975757775345,0.5,False,False,False,False,True
NULL_066,66,False,,,,,,0.7148840759241397,0.5,True,False,True,False,False
NULL_067,67,False,,,,,,0.2588799179822734,0.5,False,False,False,False,True
NULL_068,68,False,,,,,,0.1696562561646391,0.5,False,False,False,False,True
NULL_069,69,False,,,,,,0.2936587919952053,0.5,False,False,False,False,True
NULL_070,70,False,,,,,,0.1804508241109574,0.5,False,False,False,False,True
NULL_071,71,False,,,,,,0.1043829720136006,0.5,False,False,False,False,True
NULL_072,72,False,,,,,,0.2165628601817441,0.5,False,False,False,False,True
NULL_073,73,False,,,,,,0.1617328811027164,0.5,False,False,False,False,True
NULL_074,74,False,,,,,,0.1253276426477055,0.5,False,False,False,False,True
NULL_075,75,False,,,,,,0.5759588563170426,0.5,True,False,True,False,False
NULL_076,76,False,,,,,,0.1359869940763321,0.5,False,False,False,False,True
NULL_077,77,False,,,,,,0.339163909424089,0.5,False,False,False,False,True
NULL_078,78,False,,,,,,0.1555432355713428,0.5,False,False,False,False,True
NULL_079,79,False,,,,,,0.0853891474747508,0.5,False,False,False,False,True
NULL_080,80,False,,,,,,0.401423343080872,0.5,False,False,False,False,True
NULL_081,81,False,,,,,,0.1263459270248228,0.5,False,False,False,False,True
NULL_082,82,False,,,,,,0.4017844781478132,0.5,False,False,False,False,True
NULL_083,83,False,,,,,,0.509300022590329,0.5,True,False,True,False,False
NULL_084,84,False,,,,,,0.1720102669188299,0.5,False,False,False,False,True
NULL_085,85,False,,,,,,0.8525209411652441,0.5,True,False,True,False,False
NULL_086,86,False,,,,,,0.3306253814769302,0.5,False,False,False,False,True
NULL_087,87,False,,,,,,0.5260931188029281,0.5,True,False,True,False,False
NULL_088,88,False,,,,,,0.2858891259629088,0.5,False,False,False,False,True
NULL_089,89,False,,,,,,0.1555998484826216,0.5,False,False,False,False,True
NULL_090,90,False,,,,,,0.103450977270645,0.5,False,False,False,False,True
NULL_091,91,False,,,,,,0.1165385137545725,0.5,False,False,False,False,True
NULL_092,92,False,,,,,,0.1401580456821496,0.5,False,False,False,False,True
NULL_093,93,False,,,,,,0.3922232961776955,0.5,False,False,False,False,True
NULL_094,94,False,,,,,,0.1157514454441372,0.5,False,False,False,False,True
NULL_095,95,False,,,,,,0.440112858355101,0.5,False,False,False,False,True
NULL_096,96,False,,,,,,0.409636802314989,0.5,False,False,False,False,True
NULL_097,97,False,,,,,,0.1716455541880378,0.5,False,False,False,False,True
NULL_098,98,False,,,,,,0.3542949618497799,0.5,False,False,False,False,True
NULL_099,99,False,,,,,,0.0879826422959197,0.5,False,False,False,False,True
NULL_100,100,False,,,,,,0.3565449810970168,0.5,False,False,False,False,True
NULL_101,101,False,,,,,,0.394740124378342,0.5,False,False,False,False,True
NULL_102,102,False,,,,,,0.865521862433553,0.5,True,False,True,False,False
NULL_103,103,False,,,,,,0.5452948152029209,0.5,True,False,True,False,False
NULL_104,104,False,,,,,,0.1115523005300737,0.5,False,False,False,False,True
NULL_105,105,False,,,,,,0.1134798334588841,0.5,False,False,False,False,True
NULL_106,106,False,,,,,,0.1358671217525255,0.5,False,False,False,False,True
NULL_107,107,False,,,,,,0.469105818538716,0.5,False,False,False,False,True
NULL_108,108,False,,,,,,0.5305542842770077,0.5,True,False,True,False,False
NULL_109,109,False,,,,,,0.1339011038784744,0.5,False,False,False,False,True
NULL_110,110,False,,,,,,0.1442507202098884,0.5,False,False,False,False,True
NULL_111,111,False,,,,,,0.0865535838790869,0.5,False,False,False,False,True
NULL_112,112,False,,,,,,0.4219433201118794,0.5,False,False,False,False,True
NULL_113,113,False,,,,,,0.0489642885750568,0.5,False,False,False,False,True
NULL_114,114,False,,,,,,0.4257245507620717,0.5,False,False,False,False,True
NULL_115,115,False,,,,,,0.2260375908680758,0.5,False,False,False,False,True
NULL_116,116,False,,,,,,0.1029934008435046,0.5,False,False,False,False,True
NULL_117,117,False,,,,,,0.1463701422031277,0.5,False,False,False,False,True
NULL_118,118,False,,,,,,0.3275392515572894,0.5,False,False,False,False,True
NULL_119,119,False,,,,,,0.2363267499548067,0.5,False,False,False,False,True
NULL_120,120,False,,,,,,0.1280076046384712,0.5,False,False,False,False,True
NULL_121,121,False,,,,,,0.2066601219073245,0.5,False,False,False,False,True
NULL_122,122,False,,,,,,0.2523049670562055,0.5,False,False,False,False,True
NULL_123,123,False,,,,,,0.1628172416278428,0.5,False,False,False,False,True
NULL_124,124,False,,,,,,0.2125244966575464,0.5,False,False,False,False,True
NULL_125,125,False,,,,,,0.2887237825984847,0.5,False,False,False,False,True
NULL_126,126,False,,,,,,0.1199130976589215,0.5,False,False,False,False,True
NULL_127,127,False,,,,,,0.3940271316811603,0.5,False,False,False,False,True
NULL_128,128,False,,,,,,0.1528898446564307,0.5,False,False,False,False,True
NULL_129,129,False,,,,,,0.393935792102725,0.5,False,False,False,False,True
NULL_130,130,False,,,,,,0.5207273269610061,0.5,True,False,True,False,False
NULL_131,131,False,,,,,,0.4199413104716514,0.5,False,False,False,False,True
NULL_132,132,False,,,,,,0.5245930560478246,0.5,True,False,True,False,False
NULL_133,133,False,,,,,,0.1849721132845196,0.5,False,False,False,False,True
NULL_134,134,False,,,,,,0.1572909126521982,0.5,False,False,False,False,True
NULL_135,135,False,,,,,,0.5101021985533541,0.5,True,False,True,False,False
NULL_136,136,False,,,,,,0.05040048198553,0.5,False,False,False,False,True
NULL_137,137,False,,,,,,0.1522017295070116,0.5,False,False,False,False,True
NULL_138,138,False,,,,,,0.1278997554428494,0.5,False,False,False,False,True
NULL_139,139,False,,,,,,0.3612053598684603,0.5,False,False,False,False,True
NULL_140,140,False,,,,,,0.1722484715650932,0.5,False,False,False,False,True
NULL_141,141,False,,,,,,0.1258341588239144,0.5,False,False,False,False,True
NULL_142,142,False,,,,,,0.1048770422638134,0.5,False,False,False,False,True
NULL_143,143,False,,,,,,0.0705540419692515,0.5,False,False,False,False,True
NULL_144,144,False,,,,,,0.1053815198568653,0.5,False,False,False,False,True
NULL_145,145,False,,,,,,0.2255558553543045,0.5,False,False,False,False,True
NULL_146,146,False,,,,,,0.7604892835881095,0.5,True,False,True,False,False
NULL_147,147,False,,,,,,0.1439855772984858,0.5,False,False,False,False,True
NULL_148,148,False,,,,,,0.1216436066430619,0.5,False,False,False,False,True
NULL_149,149,False,,,,,,0.1715203502338688,0.5,False,False,False,False,True
NULL_150,150,False,,,,,,0.0987376582748586,0.5,False,False,False,False,True
NULL_151,151,False,,,,,,0.2586002317162285,0.5,False,False,False,False,True
NULL_152,152,False,,,,,,0.1272924378221226,0.5,False,False,False,False,True
NULL_153,153,False,,,,,,0.1361966589041723,0.5,False,False,False,False,True
NULL_154,154,False,,,,,,0.3068916690479606,0.5,False,False,False,False,True
NULL_155,155,False,,,,,,0.5498525259292515,0.5,True,False,True,False,False
NULL_156,156,False,,,,,,0.0914609029870384,0.5,False,False,False,False,True
NULL_157,157,False,,,,,,0.2493616762535586,0.5,False,False,False,False,True
NULL_158,158,False,,,,,,0.6075415966123784,0.5,True,False,True,False,False
NULL_159,159,False,,,,,,0.2972355941115022,0.5,False,False,False,False,True
NULL_160,160,False,,,,,,0.0784421765096885,0.5,False,False,False,False,True
NULL_161,161,False,,,,,,0.0632993625970904,0.5,False,False,False,False,True
NULL_162,162,False,,,,,,0.2682293399772255,0.5,False,False,False,False,True
NULL_163,163,False,,,,,,0.177545375451237,0.5,False,False,False,False,True
NULL_164,164,False,,,,,,0.330520636131544,0.5,False,False,False,False,True
NULL_165,165,False,,,,,,0.1536996490077466,0.5,False,False,False,False,True
NULL_166,166,False,,,,,,0.1093483217177331,0.5,False,False,False,False,True
NULL_167,167,False,,,,,,0.3709947240613746,0.5,False,False,False,False,True
NULL_168,168,False,,,,,,0.2452323731051063,0.5,False,False,False,False,True
NULL_169,169,False,,,,,,0.2480683008568056,0.5,False,False,False,False,True
NULL_170,170,False,,,,,,0.1618265622984662,0.5,False,False,False,False,True
NULL_171,171,False,,,,,,0.1208570655097968,0.5,False,False,False,False,True
NULL_172,172,False,,,,,,0.1361793326332084,0.5,False,False,False,False,True
NULL_173,173,False,,,,,,0.1905472478683589,0.5,False,False,False,False,True
NULL_174,174,False,,,,,,0.1390542441902178,0.5,False,False,False,False,True
NULL_175,175,False,,,,,,0.6433190960862565,0.5,True,False,True,False,False
NULL_176,176,False,,,,,,0.2054020822068002,0.5,False,False,False,False,True
NULL_177,177,False,,,,,,0.1424689191821344,0.5,False,False,False,False,True
NULL_178,178,False,,,,,,0.1001957375986175,0.5,False,False,False,False,True
NULL_179,179,False,,,,,,0.4779235010505598,0.5,False,False,False,False,True
NULL_180,180,False,,,,,,0.211845650090875,0.5,False,False,False,False,True
NULL_181,181,False,,,,,,0.3579572944266546,0.5,False,False,False,False,True
NULL_182,182,False,,,,,,0.0770036789843875,0.5,False,False,False,False,True
NULL_183,183,False,,,,,,0.1265841479826186,0.5,False,False,False,False,True
NULL_184,184,False,,,,,,0.2294806115744156,0.5,False,False,False,False,True
NULL_185,185,False,,,,,,0.1976708436005591,0.5,False,False,False,False,True
NULL_186,186,False,,,,,,0.5311113364157373,0.5,True,False,True,False,False
NULL_187,187,False,,,,,,0.1656884197456058,0.5,False,False,False,False,True
NULL_188,188,False,,,,,,0.1492968299028386,0.5,False,False,False,False,True
NULL_189,189,False,,,,,,0.1154402476334256,0.5,False,False,False,False,True
NULL_190,190,False,,,,,,0.416664225481105,0.5,False,False,False,False,True
NULL_191,191,False,,,,,,0.0634288295808758,0.5,False,False,False,False,True
NULL_192,192,False,,,,,,0.1041250385414208,0.5,False,False,False,False,True
NULL_193,193,False,,,,,,0.5269109030297381,0.5,True,False,True,False,False
NULL_194,194,False,,,,,,0.2131601930575907,0.5,False,False,False,False,True
NULL_195,195,False,,,,,,0.0864147759332045,0.5,False,False,False,False,True
NULL_196,196,False,,,,,,0.1051347851995792,0.5,False,False,False,False,True
NULL_197,197,False,,,,,,0.0767811825515414,0.5,False,False,False,False,True
NULL_198,198,False,,,,,,0.6227234029631021,0.5,True,False,True,False,False
NULL_199,199,False,,,,,,0.9316865505522376,0.5,True,False,True,False,False
NULL_200,200,False,,,,,,0.1614637385935022,0.5,False,False,False,False,True
NULL_201,201,False,,,,,,0.7720490988699521,0.5,True,False,True,False,False
NULL_202,202,False,,,,,,0.291623187086752,0.5,False,False,False,False,True
NULL_203,203,False,,,,,,0.429471004655699,0.5,False,False,False,False,True
NULL_204,204,False,,,,,,0.1484580885642934,0.5,False,False,False,False,True
NULL_205,205,False,,,,,,0.1291192840005818,0.5,False,False,False,False,True
NULL_206,206,False,,,,,,0.1363837793058389,0.5,False,False,False,False,True
NULL_207,207,False,,,,,,0.1116999021015547,0.5,False,False,False,False,True
NULL_208,208,False,,,,,,0.1107420905001818,0.5,False,False,False,False,True
NULL_209,209,False,,,,,,0.2185729298664855,0.5,False,False,False,False,True
NULL_210,210,False,,,,,,0.1560937879940428,0.5,False,False,False,False,True
NULL_211,211,False,,,,,,0.148759522329867,0.5,False,False,False,False,True
NULL_212,212,False,,,,,,0.1892694919478938,0.5,False,False,False,False,True
NULL_213,213,False,,,,,,0.7492991202790309,0.5,True,False,True,False,False
NULL_214,214,False,,,,,,0.1125051820558132,0.5,False,False,False,False,True
NULL_215,215,False,,,,,,0.0790449193647782,0.5,False,False,False,False,True
NULL_216,216,False,,,,,,0.1592136644428091,0.5,False,False,False,False,True
NULL_217,217,False,,,,,,0.1570333129377242,0.5,False,False,False,False,True
NULL_218,218,False,,,,,,0.22332950412993,0.5,False,False,False,False,True
NULL_219,219,False,,,,,,0.1947331546434571,0.5,False,False,False,False,True
NULL_220,220,False,,,,,,0.1272725388839477,0.5,False,False,False,False,True
NULL_221,221,False,,,,,,0.4029865927585475,0.5,False,False,False,False,True
NULL_222,222,False,,,,,,0.2836779947915694,0.5,False,False,False,False,True
NULL_223,223,False,,,,,,0.1151178421474422,0.5,False,False,False,False,True
NULL_224,224,False,,,,,,0.1351180855777367,0.5,False,False,False,False,True
NULL_225,225,False,,,,,,0.2906814094048832,0.5,False,False,False,False,True
NULL_226,226,False,,,,,,0.320208303356903,0.5,False,False,False,False,True
NULL_227,227,False,,,,,,0.2626868590219706,0.5,False,False,False,False,True
NULL_228,228,False,,,,,,0.125369728905598,0.5,False,False,False,False,True
NULL_229,229,False,,,,,,0.6349332286422564,0.5,True,False,True,False,False
NULL_230,230,False,,,,,,0.3201220075223727,0.5,False,False,False,False,True
NULL_231,231,False,,,,,,0.0894128462982506,0.5,False,False,False,False,True
NULL_232,232,False,,,,,,0.0675227644456605,0.5,False,False,False,False,True
NULL_233,233,False,,,,,,0.153993365674985,0.5,False,False,False,False,True
NULL_234,234,False,,,,,,0.1397974048203222,0.5,False,False,False,False,True
NULL_235,235,False,,,,,,0.3141868988789573,0.5,False,False,False,False,True
NULL_236,236,False,,,,,,0.1822748578152941,0.5,False,False,False,False,True
NULL_237,237,False,,,,,,0.3394578582121519,0.5,False,False,False,False,True
NULL_238,238,False,,,,,,0.1053627907042913,0.5,False,False,False,False,True
NULL_239,239,False,,,,,,0.2989861647297223,0.5,False,False,False,False,True
NULL_240,240,False,,,,,,0.1299631365811824,0.5,False,False,False,False,True
NULL_241,241,False,,,,,,0.1143294798531029,0.5,False,False,False,False,True
NULL_242,242,False,,,,,,0.4788111563036563,0.5,False,False,False,False,True
NULL_243,243,False,,,,,,0.1172505411556777,0.5,False,False,False,False,True
NULL_244,244,False,,,,,,0.9988420552006724,0.5,True,False,True,False,False
NULL_245,245,False,,,,,,0.3970619575417841,0.5,False,False,False,False,True
NULL_246,246,False,,,,,,0.2155392182675233,0.5,False,False,False,False,True
NULL_247,247,False,,,,,,0.2077384349929864,0.5,False,False,False,False,True
NULL_248,248,False,,,,,,0.0536457362525916,0.5,False,False,False,False,True
NULL_249,249,False,,,,,,0.0573176242403601,0.5,False,False,False,False,True
NULL_250,250,False,,,,,,0.1623948644627616,0.5,False,False,False,False,True
