component,event_distance,replicate,treatment_time,endogenous_event_time,selected_model,component_identified,selected_heldout_elpd
Treatment,0.0,0,5.0,5.0,OULB,1.0,-0.13847252471146332
Treatment,0.0,1,5.0,5.0,OU+T,1.0,1.092042546990641
Treatment,0.0,2,5.0,5.0,OULB,1.0,-0.13711412312446003
Treatment,0.0,3,5.0,5.0,OU,0.0,-0.0992341997088877
Treatment,0.0,4,5.0,5.0,OU+T,1.0,-2.022040094146333
Treatment,0.0,5,5.0,5.0,OU+L,0.0,0.6951753604180326
Treatment,0.0,6,5.0,5.0,OU+B,0.0,-1.0112242168805534
Treatment,0.0,7,5.0,5.0,OULB,1.0,-0.9425855321134913
Treatment,0.0,8,5.0,5.0,OULB,1.0,0.7727158058101276
Treatment,0.0,9,5.0,5.0,OU+B,0.0,-3.4068003333152426
Treatment,0.0,10,5.0,5.0,OU,0.0,1.453372182764633
Treatment,0.0,11,5.0,5.0,OULB,1.0,-2.8663829912624164
Treatment,0.0,12,5.0,5.0,OU+B,0.0,-1.4518286855672533
Treatment,0.0,13,5.0,5.0,OU+L,0.0,-0.2246712102025942
Treatment,0.0,14,5.0,5.0,OU,0.0,-0.3604253346497801
Treatment,0.0,15,5.0,5.0,OU+T,1.0,0.30541333572906393
Treatment,0.0,16,5.0,5.0,OU+B,0.0,0.548453056664951
Treatment,0.0,17,5.0,5.0,OU,0.0,-3.452296367990871
Treatment,0.0,18,5.0,5.0,OULB,1.0,-7.435892322131583
Treatment,0.0,19,5.0,5.0,OULB,1.0,-2.3462241915804074
Treatment,0.0,20,5.0,5.0,OU,0.0,-3.4210921343271865
Treatment,0.0,21,5.0,5.0,OU,0.0,-2.2196561978830402
Treatment,0.0,22,5.0,5.0,OU+L,0.0,0.8001498917532388
Treatment,0.0,23,5.0,5.0,OU+T,1.0,-4.22211244541295
Treatment,0.0,24,5.0,5.0,OULB,1.0,-10.212466560109313
Treatment,0.5,0,5.0,5.5,OU,0.0,0.6293533765448593
Treatment,0.5,1,5.0,5.5,OU,0.0,1.2466143693871152
Treatment,0.5,2,5.0,5.5,OULB,1.0,-6.2567570615284005
Treatment,0.5,3,5.0,5.5,OU+T,1.0,0.35699335867752624
Treatment,0.5,4,5.0,5.5,OULB,1.0,-1.0932399218047264
Treatment,0.5,5,5.0,5.5,OU+T,1.0,1.0853008814975058
Treatment,0.5,6,5.0,5.5,OU,0.0,0.5307901147509528
Treatment,0.5,7,5.0,5.5,OU,0.0,-5.003945604614846
Treatment,0.5,8,5.0,5.5,OU+T,1.0,-1.2469068229081974
Treatment,0.5,9,5.0,5.5,OU,0.0,-0.24595399377008342
Treatment,0.5,10,5.0,5.5,OU+T,1.0,-5.429495991281426
Treatment,0.5,11,5.0,5.5,OU,0.0,-1.6323409313308457
Treatment,0.5,12,5.0,5.5,OU+T,1.0,-2.742506374467614
Treatment,0.5,13,5.0,5.5,OU,0.0,0.9269282258657177
Treatment,0.5,14,5.0,5.5,OU,0.0,0.7074503243746098
Treatment,0.5,15,5.0,5.5,OU+T,1.0,0.7393875381343112
Treatment,0.5,16,5.0,5.5,OU,0.0,0.11290539236254271
Treatment,0.5,17,5.0,5.5,OU+T,1.0,0.803891214552158
Treatment,0.5,18,5.0,5.5,OU+T,1.0,-4.859901473065265
Treatment,0.5,19,5.0,5.5,OU,0.0,-1.378269853115292
Treatment,0.5,20,5.0,5.5,OULB,1.0,-2.1082016067021723
Treatment,0.5,21,5.0,5.5,OU,0.0,0.5256460750647577
Treatment,0.5,22,5.0,5.5,OU+B,0.0,-3.5596989639858574
Treatment,0.5,23,5.0,5.5,OU+T,1.0,1.4114454408087482
Treatment,0.5,24,5.0,5.5,OU+T,1.0,-5.608826223014157
Treatment,1.0,0,5.0,6.0,OU+T,1.0,-2.835406362353095
Treatment,1.0,1,5.0,6.0,OU+L,0.0,-1.9346200320609166
Treatment,1.0,2,5.0,6.0,OU,0.0,1.2358736794682423
Treatment,1.0,3,5.0,6.0,OULB,1.0,-0.6665521875562296
Treatment,1.0,4,5.0,6.0,OU+T,1.0,0.21416759735585367
Treatment,1.0,5,5.0,6.0,OU+L,0.0,-1.143274750272481
Treatment,1.0,6,5.0,6.0,OU,0.0,1.7123901460190432
Treatment,1.0,7,5.0,6.0,OU,0.0,2.4481555181641577
Treatment,1.0,8,5.0,6.0,OULB,1.0,-0.38592598174910087
Treatment,1.0,9,5.0,6.0,OU,0.0,-2.429720332692561
Treatment,1.0,10,5.0,6.0,OU+L,0.0,-0.14004000565268515
Treatment,1.0,11,5.0,6.0,OU+L,0.0,-0.20035324777132416
Treatment,1.0,12,5.0,6.0,OU+B,0.0,-3.718384069493839
Treatment,1.0,13,5.0,6.0,OU+L,0.0,1.4949480576683185
Treatment,1.0,14,5.0,6.0,OU,0.0,1.904406507466761
Treatment,1.0,15,5.0,6.0,OU,0.0,0.910038031768907
Treatment,1.0,16,5.0,6.0,OU+L,0.0,-0.9703466888383032
Treatment,1.0,17,5.0,6.0,OU,0.0,0.6772743874692218
Treatment,1.0,18,5.0,6.0,OU,0.0,-1.394689060377953
Treatment,1.0,19,5.0,6.0,OULB,1.0,-2.9367044862663185
Treatment,1.0,20,5.0,6.0,OU+T,1.0,-2.640466405218172
Treatment,1.0,21,5.0,6.0,OU+L,0.0,-0.8111051572868953
Treatment,1.0,22,5.0,6.0,OU+T,1.0,0.6852404351462648
Treatment,1.0,23,5.0,6.0,OU+B,0.0,-0.25663219372341095
Treatment,1.0,24,5.0,6.0,OULB,1.0,-0.7007635857168566
Treatment,1.5,0,5.0,6.5,OULB,1.0,-4.897005453903259
Treatment,1.5,1,5.0,6.5,OU,0.0,-0.1266259416677855
Treatment,1.5,2,5.0,6.5,OU+L,0.0,-3.816264268817095
Treatment,1.5,3,5.0,6.5,OU,0.0,1.3233327698934343
Treatment,1.5,4,5.0,6.5,OU+B,0.0,-7.583454362649748
Treatment,1.5,5,5.0,6.5,OU+T,1.0,2.318419163977578
Treatment,1.5,6,5.0,6.5,OU+L,0.0,-0.10159068128846388
Treatment,1.5,7,5.0,6.5,OU+L,0.0,1.1024066715701988
Treatment,1.5,8,5.0,6.5,OU+L,0.0,0.6418658081084998
Treatment,1.5,9,5.0,6.5,OU+B,0.0,1.540855746697916
Treatment,1.5,10,5.0,6.5,OU,0.0,-2.787129089846741
Treatment,1.5,11,5.0,6.5,OULB,1.0,-0.9183915117963264
Treatment,1.5,12,5.0,6.5,OU+B,0.0,-0.018344617714617706
Treatment,1.5,13,5.0,6.5,OU,0.0,-1.8930429388765022
Treatment,1.5,14,5.0,6.5,OU,0.0,1.7266309888286437
Treatment,1.5,15,5.0,6.5,OU,0.0,-0.2072056398661697
Treatment,1.5,16,5.0,6.5,OULB,1.0,-0.5235287640433461
Treatment,1.5,17,5.0,6.5,OU,0.0,1.7613687118480246
Treatment,1.5,18,5.0,6.5,OU+L,0.0,-0.15821162527132016
Treatment,1.5,19,5.0,6.5,OU+B,0.0,-0.495875339718327
Treatment,1.5,20,5.0,6.5,OULB,1.0,-4.060395086657602
Treatment,1.5,21,5.0,6.5,OULB,1.0,-9.308025048111295
Treatment,1.5,22,5.0,6.5,OU+T,1.0,-2.4589262794737623
Treatment,1.5,23,5.0,6.5,OU+B,0.0,-0.5263511600435001
Treatment,1.5,24,5.0,6.5,OU+B,0.0,-0.7747997326231815
Treatment,2.0,0,5.0,7.0,OU,0.0,1.2378026158543856
Treatment,2.0,1,5.0,7.0,OU+L,0.0,0.35723924115454364
Treatment,2.0,2,5.0,7.0,OULB,1.0,-0.7094400593386297
Treatment,2.0,3,5.0,7.0,OU+T,1.0,-1.6204192445970138
Treatment,2.0,4,5.0,7.0,OULB,1.0,0.8473580259712294
Treatment,2.0,5,5.0,7.0,OU,0.0,0.2189433718873821
Treatment,2.0,6,5.0,7.0,OU,0.0,2.2857609179048333
Treatment,2.0,7,5.0,7.0,OU+L,0.0,-1.277126754338163
Treatment,2.0,8,5.0,7.0,OU+T,1.0,-0.1945037964829861
Treatment,2.0,9,5.0,7.0,OU+T,1.0,0.9418462307606665
Treatment,2.0,10,5.0,7.0,OU+T,1.0,-0.5437842895342264
Treatment,2.0,11,5.0,7.0,OU,0.0,1.3156122642049697
Treatment,2.0,12,5.0,7.0,OULB,1.0,-1.1991228750649052
Treatment,2.0,13,5.0,7.0,OU,0.0,0.44421736180842575
Treatment,2.0,14,5.0,7.0,OU,0.0,2.4082758941533204
Treatment,2.0,15,5.0,7.0,OU+T,1.0,-0.6930930605498253
Treatment,2.0,16,5.0,7.0,OU+T,1.0,0.49286140821353974
Treatment,2.0,17,5.0,7.0,OU+T,1.0,2.238118874101654
Treatment,2.0,18,5.0,7.0,OU+B,0.0,-5.79552627085108
Treatment,2.0,19,5.0,7.0,OU+B,0.0,-2.403378780975733
Treatment,2.0,20,5.0,7.0,OU,0.0,-10.416370591354001
Treatment,2.0,21,5.0,7.0,OU,0.0,-0.39268546322761266
Treatment,2.0,22,5.0,7.0,OU+T,1.0,2.4482425208071055
Treatment,2.0,23,5.0,7.0,OU+T,1.0,0.5275314377283292
Treatment,2.0,24,5.0,7.0,OU+T,1.0,1.0925281375718692
Treatment,2.5,0,5.0,7.5,OULB,1.0,-0.2759755221816428
Treatment,2.5,1,5.0,7.5,OU,0.0,0.27748437032297735
Treatment,2.5,2,5.0,7.5,OU+B,0.0,-2.0022127124252616
Treatment,2.5,3,5.0,7.5,OU+T,1.0,-0.2707803763682266
Treatment,2.5,4,5.0,7.5,OU,0.0,-2.5964999038300185
Treatment,2.5,5,5.0,7.5,OU,0.0,0.5619813066407486
Treatment,2.5,6,5.0,7.5,OU,0.0,-0.9138826726552945
Treatment,2.5,7,5.0,7.5,OU+T,1.0,-0.9118390489064954
Treatment,2.5,8,5.0,7.5,OU,0.0,1.4913773971461814
Treatment,2.5,9,5.0,7.5,OU,0.0,1.8789586954919935
Treatment,2.5,10,5.0,7.5,OU+B,0.0,-9.517740257804718
Treatment,2.5,11,5.0,7.5,OU,0.0,-11.938603679936374
Treatment,2.5,12,5.0,7.5,OU,0.0,-0.3032751471451025
Treatment,2.5,13,5.0,7.5,OU+T,1.0,-0.2573322070221732
Treatment,2.5,14,5.0,7.5,OULB,1.0,-0.9804784029091657
Treatment,2.5,15,5.0,7.5,OU+T,1.0,0.3217420560661073
Treatment,2.5,16,5.0,7.5,OU,0.0,0.7342986481900012
Treatment,2.5,17,5.0,7.5,OU,0.0,2.4467730675960024
Treatment,2.5,18,5.0,7.5,OULB,1.0,-4.762674412346842
Treatment,2.5,19,5.0,7.5,OULB,1.0,0.6342578981576796
Treatment,2.5,20,5.0,7.5,OU+L,0.0,1.478603453032981
Treatment,2.5,21,5.0,7.5,OU+L,0.0,-1.3224993606617481
Treatment,2.5,22,5.0,7.5,OU+T,1.0,-0.32613750486531323
Treatment,2.5,23,5.0,7.5,OU+B,0.0,-4.458870363057991
Treatment,2.5,24,5.0,7.5,OU,0.0,0.3965016686442624
Treatment,3.0,0,5.0,8.0,OULB,1.0,-31.38409228217933
Treatment,3.0,1,5.0,8.0,OU,0.0,1.8425555111758767
Treatment,3.0,2,5.0,8.0,OULB,1.0,-0.44636798322681825
Treatment,3.0,3,5.0,8.0,OU+B,0.0,0.2924477169382331
Treatment,3.0,4,5.0,8.0,OULB,1.0,-3.5354980125896436
Treatment,3.0,5,5.0,8.0,OU,0.0,0.7766075102810553
Treatment,3.0,6,5.0,8.0,OU,0.0,-0.10461023054930907
Treatment,3.0,7,5.0,8.0,OU,0.0,-2.5797635989323124
Treatment,3.0,8,5.0,8.0,OU+T,1.0,-0.789639425331579
Treatment,3.0,9,5.0,8.0,OULB,1.0,-3.4427115235022208
Treatment,3.0,10,5.0,8.0,OU+T,1.0,-7.078110268303817
Treatment,3.0,11,5.0,8.0,OU+T,1.0,0.8580559782794824
Treatment,3.0,12,5.0,8.0,OULB,1.0,0.6020433785465479
Treatment,3.0,13,5.0,8.0,OU,0.0,-2.1107117516521883
Treatment,3.0,14,5.0,8.0,OU+B,0.0,-0.5196005151338534
Treatment,3.0,15,5.0,8.0,OU+T,1.0,2.0331529984559373
Treatment,3.0,16,5.0,8.0,OU+B,0.0,-8.130496720942793
Treatment,3.0,17,5.0,8.0,OU+L,0.0,1.6648142642775694
Treatment,3.0,18,5.0,8.0,OU+B,0.0,-23.75800354587286
Treatment,3.0,19,5.0,8.0,OU,0.0,-1.6408294701583988
Treatment,3.0,20,5.0,8.0,OU+T,1.0,-1.4828676554256106
Treatment,3.0,21,5.0,8.0,OULB,1.0,-1.55238187231768
Treatment,3.0,22,5.0,8.0,OU+T,1.0,0.4015934310433531
Treatment,3.0,23,5.0,8.0,OU+T,1.0,2.886784242823931
Treatment,3.0,24,5.0,8.0,OU,0.0,0.5561425587546559
Jump,0.0,0,5.0,5.0,OU+B,0.0,0.24593787577736448
Jump,0.0,1,5.0,5.0,OU,0.0,-0.01834810798839237
Jump,0.0,2,5.0,5.0,OU+L,1.0,0.29268326046214166
Jump,0.0,3,5.0,5.0,OULB,1.0,-3.5057467828906033
Jump,0.0,4,5.0,5.0,OU+T,0.0,0.8886345998808073
Jump,0.0,5,5.0,5.0,OU+T,0.0,1.2009739337034933
Jump,0.0,6,5.0,5.0,OU+T,0.0,1.3079911337048058
Jump,0.0,7,5.0,5.0,OU+L,1.0,0.6309551914283703
Jump,0.0,8,5.0,5.0,OU,0.0,1.1019087297786259
Jump,0.0,9,5.0,5.0,OU+B,0.0,-1.7259545874731603
Jump,0.0,10,5.0,5.0,OU,0.0,-0.8576588635981679
Jump,0.0,11,5.0,5.0,OU+B,0.0,-3.7448151150618663
Jump,0.0,12,5.0,5.0,OU,0.0,-6.6078809408648125
Jump,0.0,13,5.0,5.0,OU+L,1.0,0.5774484750243448
Jump,0.0,14,5.0,5.0,OU,0.0,-0.16805478063194812
Jump,0.0,15,5.0,5.0,OU+B,0.0,-2.445224701762027
Jump,0.0,16,5.0,5.0,OU+T,0.0,0.3063913038332481
Jump,0.0,17,5.0,5.0,OU+B,0.0,-7.924018374469293
Jump,0.0,18,5.0,5.0,OU,0.0,1.526670513192352
Jump,0.0,19,5.0,5.0,OU+B,0.0,0.9590913079462035
Jump,0.0,20,5.0,5.0,OU,0.0,0.3619870709602091
Jump,0.0,21,5.0,5.0,OU+B,0.0,-1.0331656258117916
Jump,0.0,22,5.0,5.0,OU+T,0.0,-1.3160744080070643
Jump,0.0,23,5.0,5.0,OULB,1.0,-2.9254364766139416
Jump,0.0,24,5.0,5.0,OU,0.0,-2.3404443008560722
Jump,0.5,0,5.0,5.5,OU+T,0.0,0.6546118919443586
Jump,0.5,1,5.0,5.5,OU+T,0.0,0.803705303666642
Jump,0.5,2,5.0,5.5,OU+T,0.0,0.43056004267550896
Jump,0.5,3,5.0,5.5,OU+T,0.0,-0.7954397460202041
Jump,0.5,4,5.0,5.5,OU+L,1.0,-26.254799022662244
Jump,0.5,5,5.0,5.5,OULB,1.0,-6.814626076463334
Jump,0.5,6,5.0,5.5,OU+T,0.0,-0.07779050810642829
Jump,0.5,7,5.0,5.5,OU+L,1.0,0.8314863653025948
Jump,0.5,8,5.0,5.5,OU,0.0,-0.5797003138183859
Jump,0.5,9,5.0,5.5,OULB,1.0,-0.3734794368571718
Jump,0.5,10,5.0,5.5,OU+B,0.0,-5.296315980130732
Jump,0.5,11,5.0,5.5,OU,0.0,0.6042725184785289
Jump,0.5,12,5.0,5.5,OU+L,1.0,-5.078408210119212
Jump,0.5,13,5.0,5.5,OULB,1.0,0.03896452797527289
Jump,0.5,14,5.0,5.5,OU,0.0,-1.21787193590752
Jump,0.5,15,5.0,5.5,OU+T,0.0,1.0641636344368899
Jump,0.5,16,5.0,5.5,OU+T,0.0,0.3622880399382772
Jump,0.5,17,5.0,5.5,OULB,1.0,-2.1699634312705927
Jump,0.5,18,5.0,5.5,OU+T,0.0,0.025528322503454826
Jump,0.5,19,5.0,5.5,OU+L,1.0,-1.4218656412939827
Jump,0.5,20,5.0,5.5,OU,0.0,0.9895915710825247
Jump,0.5,21,5.0,5.5,OU,0.0,1.3826329405356244
Jump,0.5,22,5.0,5.5,OULB,1.0,-18.409942784194808
Jump,0.5,23,5.0,5.5,OU,0.0,-1.2589920917333903
Jump,0.5,24,5.0,5.5,OULB,1.0,-1.3602527740741466
Jump,1.0,0,5.0,6.0,OU+L,1.0,2.216170241748676
Jump,1.0,1,5.0,6.0,OU+T,0.0,0.5080685882321792
Jump,1.0,2,5.0,6.0,OU,0.0,0.20155850944355225
Jump,1.0,3,5.0,6.0,OU+T,0.0,-1.5618245484431512
Jump,1.0,4,5.0,6.0,OU+L,1.0,-2.293101662106084
Jump,1.0,5,5.0,6.0,OU+B,0.0,-2.013748493643181
Jump,1.0,6,5.0,6.0,OU+T,0.0,-0.037430133181417524
Jump,1.0,7,5.0,6.0,OU,0.0,1.708543646431663
Jump,1.0,8,5.0,6.0,OU,0.0,1.5189368451791114
Jump,1.0,9,5.0,6.0,OU+T,0.0,0.7936768280266111
Jump,1.0,10,5.0,6.0,OU+T,0.0,1.0917035664659904
Jump,1.0,11,5.0,6.0,OULB,1.0,0.3626571117895224
Jump,1.0,12,5.0,6.0,OU,0.0,-1.0892425251622608
Jump,1.0,13,5.0,6.0,OULB,1.0,-2.6557615244082737
Jump,1.0,14,5.0,6.0,OU+T,0.0,0.05221625268371588
Jump,1.0,15,5.0,6.0,OU+T,0.0,1.117360031475124
Jump,1.0,16,5.0,6.0,OULB,1.0,-10.811774442612714
Jump,1.0,17,5.0,6.0,OU,0.0,1.1925231068611684
Jump,1.0,18,5.0,6.0,OU,0.0,-2.277518989358501
Jump,1.0,19,5.0,6.0,OU+T,0.0,0.19063902962559887
Jump,1.0,20,5.0,6.0,OU+B,0.0,-4.344670399456426
Jump,1.0,21,5.0,6.0,OU+T,0.0,0.06942107507892725
Jump,1.0,22,5.0,6.0,OU+T,0.0,-0.4035385405278664
Jump,1.0,23,5.0,6.0,OU,0.0,-2.960394603382009
Jump,1.0,24,5.0,6.0,OULB,1.0,-8.1399289350276
Jump,1.5,0,5.0,6.5,OU,0.0,1.2174301153757745
Jump,1.5,1,5.0,6.5,OU+T,0.0,-1.3565136163404548
Jump,1.5,2,5.0,6.5,OU+T,0.0,0.546779967360983
Jump,1.5,3,5.0,6.5,OU+T,0.0,0.4106412951828248
Jump,1.5,4,5.0,6.5,OU+B,0.0,-10.665871206495638
Jump,1.5,5,5.0,6.5,OULB,1.0,-0.07155383187609088
Jump,1.5,6,5.0,6.5,OU+T,0.0,0.8240961340951962
Jump,1.5,7,5.0,6.5,OU,0.0,0.3287160066472352
Jump,1.5,8,5.0,6.5,OU+T,0.0,0.2830616325513513
Jump,1.5,9,5.0,6.5,OU,0.0,-3.502732385842024
Jump,1.5,10,5.0,6.5,OULB,1.0,-6.31019090339188
Jump,1.5,11,5.0,6.5,OU,0.0,-4.74888844538725
Jump,1.5,12,5.0,6.5,OULB,1.0,-0.13656359768852167
Jump,1.5,13,5.0,6.5,OU,0.0,1.5092067113471361
Jump,1.5,14,5.0,6.5,OU+T,0.0,0.9382905836615827
Jump,1.5,15,5.0,6.5,OU+L,1.0,0.2576499037408094
Jump,1.5,16,5.0,6.5,OU+B,0.0,0.05670261750313099
Jump,1.5,17,5.0,6.5,OU+B,0.0,-1.6992992546991301
Jump,1.5,18,5.0,6.5,OU,0.0,-3.6168131086923085
Jump,1.5,19,5.0,6.5,OU,0.0,2.2680650430087494
Jump,1.5,20,5.0,6.5,OU,0.0,-0.08489548921392631
Jump,1.5,21,5.0,6.5,OU+T,0.0,0.772614648112208
Jump,1.5,22,5.0,6.5,OU,0.0,0.30717040512908345
Jump,1.5,23,5.0,6.5,OU+B,0.0,-3.8599785543448775
Jump,1.5,24,5.0,6.5,OU+L,1.0,-2.7218491393055952
Jump,2.0,0,5.0,7.0,OU,0.0,0.6277537263353359
Jump,2.0,1,5.0,7.0,OU,0.0,0.8339872835454326
Jump,2.0,2,5.0,7.0,OULB,1.0,0.824500808433277
Jump,2.0,3,5.0,7.0,OU,0.0,-0.12476940258795666
Jump,2.0,4,5.0,7.0,OU,0.0,1.1559078441774155
Jump,2.0,5,5.0,7.0,OU+T,0.0,0.594414147257154
Jump,2.0,6,5.0,7.0,OU+B,0.0,-1.9419957413530338
Jump,2.0,7,5.0,7.0,OU,0.0,2.9927070162890903
Jump,2.0,8,5.0,7.0,OU,0.0,-0.3670353513437947
Jump,2.0,9,5.0,7.0,OU+T,0.0,3.2854771365219966
Jump,2.0,10,5.0,7.0,OU,0.0,0.73833649060877
Jump,2.0,11,5.0,7.0,OU+B,0.0,0.4624378665790677
Jump,2.0,12,5.0,7.0,OULB,1.0,-0.20037130579929618
Jump,2.0,13,5.0,7.0,OU+L,1.0,-1.144602202145534
Jump,2.0,14,5.0,7.0,OU,0.0,1.1003546662193628
Jump,2.0,15,5.0,7.0,OU+B,0.0,-2.2262386817861652
Jump,2.0,16,5.0,7.0,OU+B,0.0,-2.960697005250415
Jump,2.0,17,5.0,7.0,OU+T,0.0,0.08544603507816095
Jump,2.0,18,5.0,7.0,OULB,1.0,-2.307793197769136
Jump,2.0,19,5.0,7.0,OU,0.0,-0.6002423856126555
Jump,2.0,20,5.0,7.0,OULB,1.0,-10.45543416558765
Jump,2.0,21,5.0,7.0,OU+B,0.0,-5.019985947009887
Jump,2.0,22,5.0,7.0,OU,0.0,0.19265262015097728
Jump,2.0,23,5.0,7.0,OU+T,0.0,-2.406465316938996
Jump,2.0,24,5.0,7.0,OU+L,1.0,-0.29499868657436734
Jump,2.5,0,5.0,7.5,OULB,1.0,-0.6545950899126252
Jump,2.5,1,5.0,7.5,OU+T,0.0,1.488237356267794
Jump,2.5,2,5.0,7.5,OU+T,0.0,0.4471946310205219
Jump,2.5,3,5.0,7.5,OU+B,0.0,-5.487520627582906
Jump,2.5,4,5.0,7.5,OU+B,0.0,-1.4704392936227049
Jump,2.5,5,5.0,7.5,OU+T,0.0,2.4694579001719807
Jump,2.5,6,5.0,7.5,OU+L,1.0,0.9667363976663258
Jump,2.5,7,5.0,7.5,OU,0.0,-1.5077814455664122
Jump,2.5,8,5.0,7.5,OU+B,0.0,-3.054878688051323
Jump,2.5,9,5.0,7.5,OULB,1.0,0.13944790259849033
Jump,2.5,10,5.0,7.5,OU+L,1.0,0.7582017915732986
Jump,2.5,11,5.0,7.5,OU,0.0,-2.967393509126351
Jump,2.5,12,5.0,7.5,OU+B,0.0,-2.9332975600538935
Jump,2.5,13,5.0,7.5,OU+L,1.0,2.0198961170414007
Jump,2.5,14,5.0,7.5,OULB,1.0,-1.5551555677038633
Jump,2.5,15,5.0,7.5,OU+L,1.0,-2.578905281181956
Jump,2.5,16,5.0,7.5,OU,0.0,-0.38668540740897805
Jump,2.5,17,5.0,7.5,OU+B,0.0,-0.48302066603895777
Jump,2.5,18,5.0,7.5,OU+L,1.0,-5.338085454925007
Jump,2.5,19,5.0,7.5,OU+T,0.0,-2.2509113532928047
Jump,2.5,20,5.0,7.5,OULB,1.0,0.06694808892928422
Jump,2.5,21,5.0,7.5,OU+B,0.0,-1.4273145137681071
Jump,2.5,22,5.0,7.5,OU+T,0.0,-1.929809246264418
Jump,2.5,23,5.0,7.5,OU+T,0.0,-2.4341973407720676
Jump,2.5,24,5.0,7.5,OU,0.0,-0.3770320214961933
Jump,3.0,0,5.0,8.0,OULB,1.0,-9.625583992742879
Jump,3.0,1,5.0,8.0,OU+T,0.0,1.1215872011416614
Jump,3.0,2,5.0,8.0,OU+B,0.0,-3.392876594191699
Jump,3.0,3,5.0,8.0,OU,0.0,-1.1678973314504002
Jump,3.0,4,5.0,8.0,OU,0.0,-0.3046568156914794
Jump,3.0,5,5.0,8.0,OU+B,0.0,-2.994034696755241
Jump,3.0,6,5.0,8.0,OU,0.0,1.449956560963588
Jump,3.0,7,5.0,8.0,OULB,1.0,2.0835751849647273
Jump,3.0,8,5.0,8.0,OU+L,1.0,-3.5045158560549896
Jump,3.0,9,5.0,8.0,OU,0.0,-1.4380483971746458
Jump,3.0,10,5.0,8.0,OU+T,0.0,-2.5933185082797037
Jump,3.0,11,5.0,8.0,OU+T,0.0,1.5911869561132028
Jump,3.0,12,5.0,8.0,OU,0.0,2.01173603091004
Jump,3.0,13,5.0,8.0,OU+T,0.0,-0.317562856474894
Jump,3.0,14,5.0,8.0,OU,0.0,2.622799938891162
Jump,3.0,15,5.0,8.0,OU+B,0.0,-7.1979683175999085
Jump,3.0,16,5.0,8.0,OU+L,1.0,-0.14598316118453136
Jump,3.0,17,5.0,8.0,OU+B,0.0,0.7605552260732241
Jump,3.0,18,5.0,8.0,OU+B,0.0,-3.251882530399477
Jump,3.0,19,5.0,8.0,OU+L,1.0,1.3758532276156412
Jump,3.0,20,5.0,8.0,OU+T,0.0,1.4047928693796694
Jump,3.0,21,5.0,8.0,OU,0.0,-0.5939965393863089
Jump,3.0,22,5.0,8.0,OU+T,0.0,-0.8417489144205343
Jump,3.0,23,5.0,8.0,OU,0.0,1.1953388713988748
Jump,3.0,24,5.0,8.0,OU+L,1.0,1.6220294240462412
Branch,0.0,0,5.0,5.0,OU,0.0,1.2254126222395527
Branch,0.0,1,5.0,5.0,OU+L,0.0,1.7206288677664399
Branch,0.0,2,5.0,5.0,OU+B,1.0,-5.695593763152138
Branch,0.0,3,5.0,5.0,OU,0.0,0.3905560039741478
Branch,0.0,4,5.0,5.0,OU,0.0,0.39994591758157483
Branch,0.0,5,5.0,5.0,OU,0.0,0.3217896435271088
Branch,0.0,6,5.0,5.0,OU+T,0.0,0.08084934070562166
Branch,0.0,7,5.0,5.0,OU+T,0.0,2.1687841447393073
Branch,0.0,8,5.0,5.0,OU+T,0.0,1.0520830090418558
Branch,0.0,9,5.0,5.0,OU+B,1.0,-0.2827141595269391
Branch,0.0,10,5.0,5.0,OU,0.0,1.81839219838028
Branch,0.0,11,5.0,5.0,OU+B,1.0,-1.2622864905185107
Branch,0.0,12,5.0,5.0,OU+L,0.0,1.613233753480026
Branch,0.0,13,5.0,5.0,OU+B,1.0,-1.0943698099539354
Branch,0.0,14,5.0,5.0,OU+B,1.0,-3.6399783660052454
Branch,0.0,15,5.0,5.0,OU+L,0.0,2.1434654414529275
Branch,0.0,16,5.0,5.0,OU,0.0,0.6383734508682407
Branch,0.0,17,5.0,5.0,OU+L,0.0,0.19541726193083647
Branch,0.0,18,5.0,5.0,OU+T,0.0,0.6266600351405092
Branch,0.0,19,5.0,5.0,OU+B,1.0,-1.600268381549883
Branch,0.0,20,5.0,5.0,OU,0.0,-0.723677251517776
Branch,0.0,21,5.0,5.0,OU,0.0,-0.03445726832810114
Branch,0.0,22,5.0,5.0,OU+L,0.0,-0.2805294036205102
Branch,0.0,23,5.0,5.0,OU,0.0,-1.0803598932023162
Branch,0.0,24,5.0,5.0,OU+L,0.0,-0.13305078052810437
Branch,0.5,0,5.0,5.5,OU+L,0.0,0.2735206376657662
Branch,0.5,1,5.0,5.5,OU,0.0,-0.012700461189707912
Branch,0.5,2,5.0,5.5,OU+B,1.0,3.203781185380053
Branch,0.5,3,5.0,5.5,OU+T,0.0,-4.2662765468176564
Branch,0.5,4,5.0,5.5,OU+L,0.0,1.6603713186313867
Branch,0.5,5,5.0,5.5,OU+T,0.0,0.7508997723433986
Branch,0.5,6,5.0,5.5,OU+L,0.0,-1.2876130713418226
Branch,0.5,7,5.0,5.5,OU+T,0.0,-1.3635735747034525
Branch,0.5,8,5.0,5.5,OU+T,0.0,1.935702178030356
Branch,0.5,9,5.0,5.5,OU+L,0.0,1.055547711726288
Branch,0.5,10,5.0,5.5,OULB,1.0,-5.805838854329452
Branch,0.5,11,5.0,5.5,OU+B,1.0,0.49094069594366374
Branch,0.5,12,5.0,5.5,OU,0.0,0.012246257971376684
Branch,0.5,13,5.0,5.5,OU+T,0.0,-1.7822120585683132
Branch,0.5,14,5.0,5.5,OU+T,0.0,1.556172283740445
Branch,0.5,15,5.0,5.5,OULB,1.0,-0.8125723052107401
Branch,0.5,16,5.0,5.5,OU+T,0.0,-2.6260294534570523
Branch,0.5,17,5.0,5.5,OU,0.0,-3.0055838110989432
Branch,0.5,18,5.0,5.5,OU+L,0.0,0.7427441726752456
Branch,0.5,19,5.0,5.5,OU,0.0,-2.855417597583961
Branch,0.5,20,5.0,5.5,OU,0.0,0.7724312609247065
Branch,0.5,21,5.0,5.5,OU+L,0.0,1.2131205457072962
Branch,0.5,22,5.0,5.5,OU,0.0,2.0601563105276997
Branch,0.5,23,5.0,5.5,OU+T,0.0,-0.5071248077246762
Branch,0.5,24,5.0,5.5,OU,0.0,-0.9073996530283699
Branch,1.0,0,5.0,6.0,OU+T,0.0,0.10765070996495374
Branch,1.0,1,5.0,6.0,OU+L,0.0,0.46634978848040265
Branch,1.0,2,5.0,6.0,OULB,1.0,-2.3313272225358403
Branch,1.0,3,5.0,6.0,OU,0.0,1.2986979482960943
Branch,1.0,4,5.0,6.0,OU+T,0.0,1.8080339133405077
Branch,1.0,5,5.0,6.0,OU+T,0.0,-0.09748462833896476
Branch,1.0,6,5.0,6.0,OU+B,1.0,-3.0774042940171995
Branch,1.0,7,5.0,6.0,OU,0.0,-1.1972557352317357
Branch,1.0,8,5.0,6.0,OU+T,0.0,2.1782394928464415
Branch,1.0,9,5.0,6.0,OU,0.0,0.008644302836663398
Branch,1.0,10,5.0,6.0,OU+L,0.0,-48.37112936004375
Branch,1.0,11,5.0,6.0,OU+T,0.0,-0.41201469949081837
Branch,1.0,12,5.0,6.0,OU+T,0.0,0.27400996546448064
Branch,1.0,13,5.0,6.0,OULB,1.0,-2.3067394964484826
Branch,1.0,14,5.0,6.0,OULB,1.0,-2.028546857937271
Branch,1.0,15,5.0,6.0,OU+T,0.0,0.07143247961342625
Branch,1.0,16,5.0,6.0,OU+L,0.0,0.38679559593475343
Branch,1.0,17,5.0,6.0,OU+T,0.0,0.3532561282298765
Branch,1.0,18,5.0,6.0,OU+T,0.0,-0.43110885880386807
Branch,1.0,19,5.0,6.0,OU+L,0.0,-4.295843800823702
Branch,1.0,20,5.0,6.0,OU,0.0,-3.9549705011201612
Branch,1.0,21,5.0,6.0,OU+L,0.0,-0.5124911567375179
Branch,1.0,22,5.0,6.0,OU+T,0.0,1.2453785924338399
Branch,1.0,23,5.0,6.0,OU+L,0.0,-8.694392053705451
Branch,1.0,24,5.0,6.0,OU,0.0,-2.9533020557198655
Branch,1.5,0,5.0,6.5,OU,0.0,0.26464711104878424
Branch,1.5,1,5.0,6.5,OU,0.0,1.9025255352108754
Branch,1.5,2,5.0,6.5,OU,0.0,-1.7766494320243509
Branch,1.5,3,5.0,6.5,OU,0.0,-1.1911886645094842
Branch,1.5,4,5.0,6.5,OU+L,0.0,1.5319067335579235
Branch,1.5,5,5.0,6.5,OU+T,0.0,0.21171322958576655
Branch,1.5,6,5.0,6.5,OU,0.0,0.8853992092886234
Branch,1.5,7,5.0,6.5,OU,0.0,0.06840970374742139
Branch,1.5,8,5.0,6.5,OU+B,1.0,-0.5316676034359608
Branch,1.5,9,5.0,6.5,OU,0.0,0.36594410784667875
Branch,1.5,10,5.0,6.5,OU+T,0.0,0.9788580306738889
Branch,1.5,11,5.0,6.5,OU,0.0,1.4736615458562123
Branch,1.5,12,5.0,6.5,OU,0.0,1.5690059390073863
Branch,1.5,13,5.0,6.5,OU,0.0,-0.172218871485895
Branch,1.5,14,5.0,6.5,OU+T,0.0,-3.187683086435378
Branch,1.5,15,5.0,6.5,OU+B,1.0,-1.3233744252235904
Branch,1.5,16,5.0,6.5,OU,0.0,-0.7128777724644934
Branch,1.5,17,5.0,6.5,OU+T,0.0,-1.7362522544187828
Branch,1.5,18,5.0,6.5,OU,0.0,-0.6933573045937012
Branch,1.5,19,5.0,6.5,OU,0.0,0.6480092411169518
Branch,1.5,20,5.0,6.5,OU,0.0,0.6835035112603965
Branch,1.5,21,5.0,6.5,OU+B,1.0,-0.5350392735199871
Branch,1.5,22,5.0,6.5,OU+T,0.0,-2.5182331624922254
Branch,1.5,23,5.0,6.5,OU+L,0.0,1.195116230021415
Branch,1.5,24,5.0,6.5,OU+L,0.0,0.25819475905355216
Branch,2.0,0,5.0,7.0,OU+L,0.0,-0.19972680764835404
Branch,2.0,1,5.0,7.0,OU+L,0.0,-0.6530902250446033
Branch,2.0,2,5.0,7.0,OULB,1.0,-1.8839619345522371
Branch,2.0,3,5.0,7.0,OU+T,0.0,-0.18269178253333895
Branch,2.0,4,5.0,7.0,OU+L,0.0,0.6191848083824814
Branch,2.0,5,5.0,7.0,OU,0.0,1.4311078796113814
Branch,2.0,6,5.0,7.0,OU+B,1.0,-3.745587196754073
Branch,2.0,7,5.0,7.0,OU,0.0,1.763755171843276
Branch,2.0,8,5.0,7.0,OU,0.0,0.2055710556667668
Branch,2.0,9,5.0,7.0,OU+T,0.0,1.9794985822226954
Branch,2.0,10,5.0,7.0,OU+B,1.0,0.9123065292963848
Branch,2.0,11,5.0,7.0,OU,0.0,1.3438834516820823
Branch,2.0,12,5.0,7.0,OU+B,1.0,0.9298362667575836
Branch,2.0,13,5.0,7.0,OU+L,0.0,-7.06693384704251
Branch,2.0,14,5.0,7.0,OU+T,0.0,-0.9289634485868422
Branch,2.0,15,5.0,7.0,OULB,1.0,2.3913754983861195
Branch,2.0,16,5.0,7.0,OU+T,0.0,0.4408065396359767
Branch,2.0,17,5.0,7.0,OU+T,0.0,3.4370721919300196
Branch,2.0,18,5.0,7.0,OU+B,1.0,-0.20999045232552405
Branch,2.0,19,5.0,7.0,OU+B,1.0,-0.1206185553320247
Branch,2.0,20,5.0,7.0,OU,0.0,0.7572838650959589
Branch,2.0,21,5.0,7.0,OU+B,1.0,-2.3422038953492104
Branch,2.0,22,5.0,7.0,OU,0.0,0.9857793854532053
Branch,2.0,23,5.0,7.0,OU+T,0.0,-2.9500885521792526
Branch,2.0,24,5.0,7.0,OU,0.0,-4.0764330248978675
Branch,2.5,0,5.0,7.5,OU,0.0,0.8820836130412157
Branch,2.5,1,5.0,7.5,OU+B,1.0,0.44853006398966966
Branch,2.5,2,5.0,7.5,OU+L,0.0,-0.7469221871932862
Branch,2.5,3,5.0,7.5,OULB,1.0,-2.56191381529725
Branch,2.5,4,5.0,7.5,OU+T,0.0,-0.3252621383704626
Branch,2.5,5,5.0,7.5,OU+L,0.0,3.7250957388621364
Branch,2.5,6,5.0,7.5,OU+T,0.0,1.1436653873894875
Branch,2.5,7,5.0,7.5,OU+L,0.0,-0.0793367733513275
Branch,2.5,8,5.0,7.5,OU,0.0,-3.1125166713441486
Branch,2.5,9,5.0,7.5,OU+B,1.0,-2.919603091606707
Branch,2.5,10,5.0,7.5,OU,0.0,-0.5631091497844747
Branch,2.5,11,5.0,7.5,OU+B,1.0,-5.246892260275281
Branch,2.5,12,5.0,7.5,OU,0.0,-0.7974041056959162
Branch,2.5,13,5.0,7.5,OULB,1.0,-5.737516797215984
Branch,2.5,14,5.0,7.5,OU,0.0,-0.06418840834379802
Branch,2.5,15,5.0,7.5,OU+T,0.0,0.21473743290788283
Branch,2.5,16,5.0,7.5,OU,0.0,0.8540820518899611
Branch,2.5,17,5.0,7.5,OU+B,1.0,-4.260623419336024
Branch,2.5,18,5.0,7.5,OU+T,0.0,2.026146551144328
Branch,2.5,19,5.0,7.5,OU,0.0,-1.6552065617848903
Branch,2.5,20,5.0,7.5,OULB,1.0,0.9026725745763486
Branch,2.5,21,5.0,7.5,OU,0.0,0.9347942793225539
Branch,2.5,22,5.0,7.5,OU+B,1.0,1.0369868840613217
Branch,2.5,23,5.0,7.5,OU,0.0,-0.39581671779493766
Branch,2.5,24,5.0,7.5,OULB,1.0,1.185195867271807
Branch,3.0,0,5.0,8.0,OU+L,0.0,0.6748432655719353
Branch,3.0,1,5.0,8.0,OU+L,0.0,2.157933056892547
Branch,3.0,2,5.0,8.0,OU,0.0,-0.25419555295561225
Branch,3.0,3,5.0,8.0,OU+L,0.0,-0.13952186326069227
Branch,3.0,4,5.0,8.0,OU+T,0.0,-2.182094591550226
Branch,3.0,5,5.0,8.0,OULB,1.0,-0.3475117392362788
Branch,3.0,6,5.0,8.0,OU+T,0.0,-1.9915856527116462
Branch,3.0,7,5.0,8.0,OU+T,0.0,-4.048325467492833
Branch,3.0,8,5.0,8.0,OU+T,0.0,-2.444740466042439
Branch,3.0,9,5.0,8.0,OU+B,1.0,0.4088676124357131
Branch,3.0,10,5.0,8.0,OU+T,0.0,1.0407057647114777
Branch,3.0,11,5.0,8.0,OU+T,0.0,0.1388589193331452
Branch,3.0,12,5.0,8.0,OU,0.0,-0.8773711461725678
Branch,3.0,13,5.0,8.0,OU+T,0.0,-0.9035008948452177
Branch,3.0,14,5.0,8.0,OU,0.0,3.8196293380455684
Branch,3.0,15,5.0,8.0,OU,0.0,-1.3243240071162472
Branch,3.0,16,5.0,8.0,OU+T,0.0,2.4498772491243415
Branch,3.0,17,5.0,8.0,OU+T,0.0,-0.10646420650569677
Branch,3.0,18,5.0,8.0,OU+T,0.0,1.6982665226213798
Branch,3.0,19,5.0,8.0,OU,0.0,-0.08355821203883429
Branch,3.0,20,5.0,8.0,OULB,1.0,1.8281039997038098
Branch,3.0,21,5.0,8.0,OU,0.0,-1.414903347213252
Branch,3.0,22,5.0,8.0,OULB,1.0,-0.6033980145223188
Branch,3.0,23,5.0,8.0,OU+L,0.0,2.2225261763375874
Branch,3.0,24,5.0,8.0,OU+L,0.0,0.7933423785466179
