generator,difficulty,fitted_model,n_train_trajectories,fit_success,train_loglik,n_iter,optimizer_message,theta_hat,mu_hat,base_mu_hat,branch_sep_hat,delta_hat,sigma_hat,q_hat,lambda_hat,sJ_hat,obs_sd_hat
OU,Easy,OU,10,True,770.7550038605292,13,CONVERGENCE: RELATIVE REDUCTION OF F <= FACTR*EPSMCH,2.0,-0.007161388268456466,,,,0.05,,,,0.05069694983812501
OU,Easy,OU+T,10,True,771.2566125311682,37,CONVERGENCE: RELATIVE REDUCTION OF F <= FACTR*EPSMCH,2.0,-0.015006299477491956,,,0.01581266663531478,0.05,,,,0.050661155638165485
OU,Easy,OU+L,10,True,770.7422677382953,31,CONVERGENCE: RELATIVE REDUCTION OF F <= FACTR*EPSMCH,2.0,-0.007175212847096289,,,,0.05,,0.005,0.05,0.050685937655409005
OU,Easy,OU+B,10,True,768.6164991745826,31,CONVERGENCE: RELATIVE REDUCTION OF F <= FACTR*EPSMCH,2.0,,-0.007114906495803687,0.05,,0.05,1.0,,,0.05065047653926846
OU,Easy,OULB,10,True,768.6426218002825,82,CONVERGENCE: RELATIVE REDUCTION OF F <= FACTR*EPSMCH,2.0,,-0.014697055136420244,0.05,0.015187584327195776,0.05,0.08779797526887693,0.005,0.05,0.050691843829284065
OU,Intermediate,OU,10,True,-12.528175891359629,20,CONVERGENCE: RELATIVE REDUCTION OF F <= FACTR*EPSMCH,2.0,0.02040212728138198,,,,0.2971537430406553,,,,0.1945967504448926
OU,Intermediate,OU+T,10,True,-12.40217257060026,26,CONVERGENCE: NORM OF PROJECTED GRADIENT <= PGTOL,2.0,0.005371168774453128,,,0.029808068681762032,0.2974468781593804,,,,0.19440216146134712
OU,Intermediate,OU+L,10,True,-12.528427067143479,36,CONVERGENCE: RELATIVE REDUCTION OF F <= FACTR*EPSMCH,2.0,0.020402581654246108,,,,0.2970706028033769,,0.005,0.05,0.19460233135126054
OU,Intermediate,OU+B,10,True,-12.65861865185175,47,CONVERGENCE: RELATIVE REDUCTION OF F <= FACTR*EPSMCH,2.0,,0.02028834021348575,0.05,,0.29412254098279217,0.005,,,0.1950875691603293
OU,Intermediate,OULB,10,True,-12.487527138148293,48,CONVERGENCE: RELATIVE REDUCTION OF F <= FACTR*EPSMCH,2.0,,0.005333044679751337,0.05,0.02991974443112411,0.2948342202063214,1.0,0.005,0.05,0.19469202195116864
OU,Difficult,OU,10,True,-76.16956305845603,29,CONVERGENCE: RELATIVE REDUCTION OF F <= FACTR*EPSMCH,2.0,0.06481409901346233,,,,0.05,,,,0.44981193345780074
OU,Difficult,OU+T,10,True,-75.81147897181212,33,CONVERGENCE: RELATIVE REDUCTION OF F <= FACTR*EPSMCH,2.0,0.11435487611716859,,,-0.0994065545215172,0.05,,,,0.44834928417280834
OU,Difficult,OU+L,10,True,-76.16965844578706,24,CONVERGENCE: NORM OF PROJECTED GRADIENT <= PGTOL,2.0,0.06481618818998207,,,,0.05,,0.005,0.05,0.4498005560883673
OU,Difficult,OU+B,10,True,-76.1853355649556,23,CONVERGENCE: NORM OF PROJECTED GRADIENT <= PGTOL,2.0,,0.064859777518648,0.05,,0.05,1.0,,,0.44957138405382935
OU,Difficult,OULB,10,True,-75.82833548226355,46,CONVERGENCE: RELATIVE REDUCTION OF F <= FACTR*EPSMCH,2.0,,0.1143783371701095,0.05,-0.09935737443667703,0.05,1.0,0.005,0.05,0.4481038626351158
OU+T,Easy,OU,10,True,727.735501221288,20,CONVERGENCE: RELATIVE REDUCTION OF F <= FACTR*EPSMCH,2.0,0.01399493649822382,,,,0.12000701216681066,,,,0.04704373365483842
OU+T,Easy,OU+T,10,True,728.0215055034015,34,CONVERGENCE: RELATIVE REDUCTION OF F <= FACTR*EPSMCH,2.0,0.006927131556581865,,,0.014246314583166936,0.11939179773619321,,,,0.04710420839780363
OU+T,Easy,OU+L,10,True,753.4353213338711,31,CONVERGENCE: RELATIVE REDUCTION OF F <= FACTR*EPSMCH,2.0,0.0025732587731603293,,,,0.05,,0.09701393409561464,0.22597640338389424,0.0494138538953041
OU+T,Easy,OU+B,10,True,726.8823222930899,57,CONVERGENCE: RELATIVE REDUCTION OF F <= FACTR*EPSMCH,2.0,,0.01459571855862947,0.05,,0.11784307630031036,1.0,,,0.04719678860366184
OU+T,Easy,OULB,10,True,751.2997275472717,92,CONVERGENCE: RELATIVE REDUCTION OF F <= FACTR*EPSMCH,2.0,,0.005837530923058235,0.05,-0.005875317496493459,0.05,1.0,0.09411980277506121,0.22866866181346773,0.0494041469234359
OU+T,Intermediate,OU,10,True,-12.744385153599033,23,CONVERGENCE: RELATIVE REDUCTION OF F <= FACTR*EPSMCH,2.0,0.003100680637139875,,,,0.21775157035693105,,,,0.20588170184319712
OU+T,Intermediate,OU+T,10,True,-11.398048062350995,24,CONVERGENCE: RELATIVE REDUCTION OF F <= FACTR*EPSMCH,2.0,-0.04576587190388438,,,0.0948971358080822,0.19531071299998132,,,,0.20727695331762747
OU+T,Intermediate,OU+L,10,True,-11.440215643780824,45,CONVERGENCE: NORM OF PROJECTED GRADIENT <= PGTOL,2.0,-0.0011191475368140553,,,,0.05,,0.17474582262943186,0.2856195400453165,0.20622916569248892
OU+T,Intermediate,OU+B,10,True,-12.796765109814793,31,CONVERGENCE: RELATIVE REDUCTION OF F <= FACTR*EPSMCH,2.0,,0.0030723783119896426,0.05,,0.21312013738254557,1.0,,,0.20620527472508693
OU+T,Intermediate,OULB,10,True,-10.715243675208944,46,CONVERGENCE: RELATIVE REDUCTION OF F <= FACTR*EPSMCH,2.0,,-0.03984018839036562,0.05,0.0770798216504782,0.05,1.0,0.1925421634217585,0.24372117424805176,0.20727519746184667
OU+T,Difficult,OU,10,True,-74.52915724750055,19,CONVERGENCE: NORM OF PROJECTED GRADIENT <= PGTOL,2.0,-0.01806359130612417,,,,0.6904922759175399,,,,0.33108505478998984
OU+T,Difficult,OU+T,10,True,-74.27061906940438,18,CONVERGENCE: RELATIVE REDUCTION OF F <= FACTR*EPSMCH,2.0,0.024994163983584394,,,-0.09034406659444226,0.6871127445224245,,,,0.33093018160772886
OU+T,Difficult,OU+L,10,True,-72.20839850273514,23,CONVERGENCE: RELATIVE REDUCTION OF F <= FACTR*EPSMCH,2.0,-0.03823177626931347,,,,0.05,,0.3526835652072625,0.4842534469850078,0.35732835514859834
OU+T,Difficult,OU+B,10,True,-74.40672788221185,33,CONVERGENCE: RELATIVE REDUCTION OF F <= FACTR*EPSMCH,2.0,,-0.009679355784651605,0.29013695585744576,,0.6145973695764414,0.08523479960418892,,,0.34254996522804504
OU+T,Difficult,OULB,10,True,-71.91216001031758,47,CONVERGENCE: RELATIVE REDUCTION OF F <= FACTR*EPSMCH,2.0,,0.00678549972216644,0.05,-0.09645463518396279,0.05,1.0,0.3236548879928262,0.4951434183518396,0.35915188018239624
OU+L,Easy,OU,10,True,787.0286924148309,22,CONVERGENCE: RELATIVE REDUCTION OF F <= FACTR*EPSMCH,2.0,-5.429031675686817e-05,,,,0.050443633760524145,,,,0.049006426970370644
OU+L,Easy,OU+T,10,True,787.0663006473657,23,CONVERGENCE: RELATIVE REDUCTION OF F <= FACTR*EPSMCH,2.0,-0.0022567148091297007,,,0.0041671828038034806,0.05005870117112923,,,,0.0490303935056539
OU+L,Easy,OU+L,10,True,790.8476884728237,30,CONVERGENCE: RELATIVE REDUCTION OF F <= FACTR*EPSMCH,2.0,-0.0008503018784577389,,,,0.05,,0.0733915124128675,0.1443027945559629,0.04727267394263955
OU+L,Easy,OU+B,10,True,785.259334085889,34,CONVERGENCE: RELATIVE REDUCTION OF F <= FACTR*EPSMCH,2.0,,-9.788861378464146e-05,0.05,,0.05,1.0,,,0.04889778848625242
OU+L,Easy,OULB,10,True,788.8355820311621,70,CONVERGENCE: RELATIVE REDUCTION OF F <= FACTR*EPSMCH,2.0,,-0.0024684428303202136,0.05,0.002905904505192982,0.05,0.17626805779568405,0.06729794176927872,0.1502123698109456,0.047231681442636106
OU+L,Intermediate,OU,10,True,-28.54390016488356,16,CONVERGENCE: RELATIVE REDUCTION OF F <= FACTR*EPSMCH,2.0,-0.00480525529758916,,,,0.05,,,,0.23587076302117052
OU+L,Intermediate,OU+T,10,True,-28.5202486300089,21,CONVERGENCE: RELATIVE REDUCTION OF F <= FACTR*EPSMCH,2.0,0.0019274750350639195,,,-0.013200702410985551,0.05,,,,0.2358467723246156
OU+L,Intermediate,OU+L,10,True,-28.4389185525747,39,CONVERGENCE: RELATIVE REDUCTION OF F <= FACTR*EPSMCH,2.0,-0.0035786282079965453,,,,0.05,,1.0,0.07272858235538082,0.23146050133341897
OU+L,Intermediate,OU+B,10,True,-28.523799477866888,34,CONVERGENCE: RELATIVE REDUCTION OF F <= FACTR*EPSMCH,2.0,,-0.0047555365799578095,0.06365228623267102,,0.05,0.005,,,0.23530607192724837
OU+L,Intermediate,OULB,10,True,-28.428108318951875,66,CONVERGENCE: RELATIVE REDUCTION OF F <= FACTR*EPSMCH,2.0,,0.002207785503388444,0.05,-0.011463294659425935,0.05,0.005,1.0,0.06677444358914465,0.23179991826888896
OU+L,Difficult,OU,10,True,-62.25990330462517,22,CONVERGENCE: NORM OF PROJECTED GRADIENT <= PGTOL,2.0,0.04189470732592948,,,,0.05,,,,0.3930333245687668
OU+L,Difficult,OU+T,10,True,-62.19644148284597,15,CONVERGENCE: NORM OF PROJECTED GRADIENT <= PGTOL,2.0,0.05944353275491089,,,-0.037334882700084525,0.05,,,,0.3928053125235769
OU+L,Difficult,OU+L,10,True,-62.260560237621085,14,CONVERGENCE: NORM OF PROJECTED GRADIENT <= PGTOL,2.0,0.041893792610309497,,,,0.05,,0.005,0.05,0.3930241706544994
OU+L,Difficult,OU+B,10,True,-62.28997552006075,24,CONVERGENCE: RELATIVE REDUCTION OF F <= FACTR*EPSMCH,2.0,,0.04189916440521928,0.05,,0.05,1.0,,,0.392840006081843
OU+L,Difficult,OULB,10,True,-62.22674190622523,31,CONVERGENCE: RELATIVE REDUCTION OF F <= FACTR*EPSMCH,2.0,,0.05952967472746772,0.05,-0.037511544586151045,0.05,1.0,0.005,0.05,0.3925993068579572
OU+B,Easy,OU,10,True,750.8622084312644,16,CONVERGENCE: RELATIVE REDUCTION OF F <= FACTR*EPSMCH,2.0,-0.0019151565834039392,,,,0.05,,,,0.05254560317907075
OU+B,Easy,OU+T,10,True,751.01241703913,29,CONVERGENCE: RELATIVE REDUCTION OF F <= FACTR*EPSMCH,2.0,0.002380063878110259,,,-0.00885857064511627,0.05,,,,0.05253195225646303
OU+B,Easy,OU+L,10,True,750.84979856208,42,CONVERGENCE: RELATIVE REDUCTION OF F <= FACTR*EPSMCH,2.0,-0.001986577045400817,,,,0.05,,0.005,0.1331427326978961,0.05245708547512585
OU+B,Easy,OU+B,10,True,748.7295241922873,35,CONVERGENCE: RELATIVE REDUCTION OF F <= FACTR*EPSMCH,2.0,,-0.0018218116097374396,0.05,,0.05,1.0,,,0.052510007283039284
OU+B,Easy,OULB,10,True,748.8546051807919,70,CONVERGENCE: RELATIVE REDUCTION OF F <= FACTR*EPSMCH,2.0,,0.0024397404165978575,0.05,-0.008914345525103581,0.05,1.0,0.005,0.14081534736258683,0.05239962151012882
OU+B,Intermediate,OU,10,True,-9.665938849072953,16,CONVERGENCE: RELATIVE REDUCTION OF F <= FACTR*EPSMCH,2.0,-0.0180282085703185,,,,0.05,,,,0.21904125615003103
OU+B,Intermediate,OU+T,10,True,-9.665932046384583,31,CONVERGENCE: NORM OF PROJECTED GRADIENT <= PGTOL,2.0,-0.017928812453609923,,,-0.0002064211948141229,0.05,,,,0.21904123347329404
OU+B,Intermediate,OU+L,10,True,-9.662911626430901,25,CONVERGENCE: RELATIVE REDUCTION OF F <= FACTR*EPSMCH,2.0,-0.018566475204775168,,,,0.05,,0.01279623215471459,0.2577855923185478,0.21829086576344006
OU+B,Intermediate,OU+B,10,True,-9.762659812631167,35,CONVERGENCE: NORM OF PROJECTED GRADIENT <= PGTOL,2.0,,-0.018049646947049105,0.05,,0.05,1.0,,,0.2188451649691431
OU+B,Intermediate,OULB,10,True,-9.76102880409654,84,CONVERGENCE: RELATIVE REDUCTION OF F <= FACTR*EPSMCH,2.0,,-0.01783491377619042,0.05,-0.0013039664485225684,0.05,1.0,0.009593346433459951,0.2602296414959007,0.21827478851242138
OU+B,Difficult,OU,10,True,-73.71317989031968,19,CONVERGENCE: RELATIVE REDUCTION OF F <= FACTR*EPSMCH,2.0,-0.07627600010543195,,,,0.05,,,,0.43812998127818287
OU+B,Difficult,OU+T,10,True,-73.63875438634615,14,CONVERGENCE: RELATIVE REDUCTION OF F <= FACTR*EPSMCH,2.0,-0.054015082856790374,,,-0.04439193690260191,0.05,,,,0.437833218149957
OU+B,Difficult,OU+L,10,True,-73.46640139914953,20,CONVERGENCE: RELATIVE REDUCTION OF F <= FACTR*EPSMCH,2.0,-0.0951488166115213,,,,0.05,,0.0810726575156653,0.6124396178218143,0.4074083288743892
OU+B,Difficult,OU+B,10,True,-73.7166256563102,25,CONVERGENCE: NORM OF PROJECTED GRADIENT <= PGTOL,2.0,,-0.07619773388447325,0.05,,0.05,0.22540080200851983,,,0.4377831178679465
OU+B,Difficult,OULB,10,True,-73.37817583863,48,CONVERGENCE: RELATIVE REDUCTION OF F <= FACTR*EPSMCH,2.0,,-0.06969962763276487,0.05,-0.053748779797228315,0.05,0.4483843159131654,0.08120867783591477,0.6237102638868814,0.405658194194146
OULB,Easy,OU,10,True,787.9291136084656,28,CONVERGENCE: RELATIVE REDUCTION OF F <= FACTR*EPSMCH,2.0,-0.00498443609228582,,,,0.05,,,,0.049008722503033425
OULB,Easy,OU+T,10,True,787.9541152674374,25,CONVERGENCE: RELATIVE REDUCTION OF F <= FACTR*EPSMCH,2.0,-0.0033367176850362247,,,-0.003430305775154167,0.05,,,,0.04900655280143437
OULB,Easy,OU+L,10,True,787.9258953227168,16,CONVERGENCE: RELATIVE REDUCTION OF F <= FACTR*EPSMCH,2.0,-0.004963797384135412,,,,0.05,,0.005,0.05,0.04899667581824864
OULB,Easy,OU+B,10,True,786.6051958306432,35,CONVERGENCE: RELATIVE REDUCTION OF F <= FACTR*EPSMCH,2.0,,-0.004727215148643262,0.05,,0.05,1.0,,,0.04882942789119716
OULB,Easy,OULB,10,True,786.6140053581075,48,CONVERGENCE: RELATIVE REDUCTION OF F <= FACTR*EPSMCH,2.0,,-0.0032007043039771112,0.05,-0.003124855779960459,0.05,1.0,0.005,0.05,0.04881820146814208
OULB,Intermediate,OU,10,True,0.4665526167576357,15,CONVERGENCE: RELATIVE REDUCTION OF F <= FACTR*EPSMCH,2.0,-0.0007321530739111262,,,,0.05,,,,0.20884135294784528
OULB,Intermediate,OU+T,10,True,0.46664071875546,22,CONVERGENCE: NORM OF PROJECTED GRADIENT <= PGTOL,2.0,-0.0003880069695386958,,,-0.0007042085699574365,0.05,,,,0.20884131534746314
OULB,Intermediate,OU+L,10,True,0.5178896779351967,36,CONVERGENCE: NORM OF PROJECTED GRADIENT <= PGTOL,2.0,0.001203901452862018,,,,0.05,,0.014481524353947502,0.3737459588765606,0.20691946130794348
OULB,Intermediate,OU+B,10,True,0.4109669334881616,35,CONVERGENCE: NORM OF PROJECTED GRADIENT <= PGTOL,2.0,,-0.0007731724110315536,0.05,,0.05,0.005,,,0.20855966410588542
OULB,Intermediate,OULB,10,True,0.4293210762830153,55,CONVERGENCE: RELATIVE REDUCTION OF F <= FACTR*EPSMCH,2.0,,0.003155065671073983,0.05,-0.004126612746259547,0.05,1.0,0.0139930845901868,0.3775612474337708,0.206711145429226
OULB,Difficult,OU,10,True,-72.75626965425349,17,CONVERGENCE: RELATIVE REDUCTION OF F <= FACTR*EPSMCH,2.0,0.022831209358610695,,,,0.05,,,,0.4270375658206134
OULB,Difficult,OU+T,10,True,-71.4546141890637,17,CONVERGENCE: NORM OF PROJECTED GRADIENT <= PGTOL,2.0,-0.0766776073631505,,,0.19052068107847914,0.05,,,,0.422007920148248
OULB,Difficult,OU+L,10,True,-72.75638313483171,25,CONVERGENCE: RELATIVE REDUCTION OF F <= FACTR*EPSMCH,2.0,0.02282530244313815,,,,0.05,,0.005,0.05,0.4270256490250834
OULB,Difficult,OU+B,10,True,-72.7671734275133,36,CONVERGENCE: RELATIVE REDUCTION OF F <= FACTR*EPSMCH,2.0,,0.022784585252570877,0.05,,0.05,1.0,,,0.4267771645865643
OULB,Difficult,OULB,10,True,-71.46783356861732,42,CONVERGENCE: RELATIVE REDUCTION OF F <= FACTR*EPSMCH,2.0,,-0.07674623808133364,0.05,0.19055315419271152,0.05,1.0,0.005,0.05,0.421747456275218
Nonlinear,Easy,OU,10,True,133.02788452856103,15,CONVERGENCE: RELATIVE REDUCTION OF F <= FACTR*EPSMCH,0.2570835035960965,0.25357984047415444,,,,0.5195816986770745,,,,0.06173123011684594
Nonlinear,Easy,OU+T,10,True,134.19585384252656,20,CONVERGENCE: RELATIVE REDUCTION OF F <= FACTR*EPSMCH,0.31563133691402484,-0.1380813731096401,,,0.5954554704389418,0.5221213296391858,,,,0.06154868319101634
Nonlinear,Easy,OU+L,10,True,133.02782357534034,38,CONVERGENCE: RELATIVE REDUCTION OF F <= FACTR*EPSMCH,0.25708338683352533,0.2535608110741967,,,,0.519569074884553,,0.005,0.05,0.06173134768898191
Nonlinear,Easy,OU+B,10,True,173.8372290378526,24,CONVERGENCE: RELATIVE REDUCTION OF F <= FACTR*EPSMCH,2.0,,0.017386335357273682,1.4771084381480233,,0.49400808271948354,0.10919673502166208,,,0.06544771611618344
Nonlinear,Easy,OULB,10,True,174.4258127536645,79,CONVERGENCE: RELATIVE REDUCTION OF F <= FACTR*EPSMCH,2.0,,-0.021775905415456775,1.4505103551532146,0.06771151208614827,0.49206728543753986,0.11034135588575304,0.005,0.05,0.065768278124613
Nonlinear,Intermediate,OU,10,True,-138.9987768625394,13,CONVERGENCE: RELATIVE REDUCTION OF F <= FACTR*EPSMCH,0.49773201318379295,-0.21009808780386427,,,,0.5431786814328985,,,,0.2548025919361489
Nonlinear,Intermediate,OU+T,10,True,-138.99848081333357,18,CONVERGENCE: RELATIVE REDUCTION OF F <= FACTR*EPSMCH,0.4982905020972041,-0.21383198177114626,,,0.0072342312520333255,0.5433843787191587,,,,0.2547758034475822
Nonlinear,Intermediate,OU+L,10,True,-138.9341432472913,50,CONVERGENCE: RELATIVE REDUCTION OF F <= FACTR*EPSMCH,0.5028378420062112,-0.21266782800132897,,,,0.5009462813456975,,1.0,0.17144231364359785,0.2565662260376581
Nonlinear,Intermediate,OU+B,10,True,-114.70406286230237,32,CONVERGENCE: RELATIVE REDUCTION OF F <= FACTR*EPSMCH,2.0,,-0.021214500790984473,1.4394939869763832,,0.22020500231662313,0.12645876100274187,,,0.2843099151857871
Nonlinear,Intermediate,OULB,10,True,-114.33416359727978,52,CONVERGENCE: RELATIVE REDUCTION OF F <= FACTR*EPSMCH,2.0,,-0.056488828786894305,1.4345582639679026,0.07006510293064935,0.22487697105870832,0.12718705702273533,0.005,0.05,0.28341330990123237
Nonlinear,Difficult,OU,10,True,-107.91382264510379,14,CONVERGENCE: RELATIVE REDUCTION OF F <= FACTR*EPSMCH,0.8199009013257735,-0.33351843554932376,,,,0.7089858865908719,,,,0.4070876669318503
Nonlinear,Difficult,OU+T,10,True,-106.91366510042212,25,CONVERGENCE: RELATIVE REDUCTION OF F <= FACTR*EPSMCH,0.9826077082427377,-0.5217993236012045,,,0.3438375402608292,0.7552684027947065,,,,0.40397014246705776
Nonlinear,Difficult,OU+L,10,True,-107.85423466191911,44,CONVERGENCE: NORM OF PROJECTED GRADIENT <= PGTOL,0.8391463426575677,-0.33112224194784573,,,,0.6312672265564208,,1.0,0.1863033066893342,0.41669564068304515
Nonlinear,Difficult,OU+B,10,True,-104.77310909729822,37,CONVERGENCE: RELATIVE REDUCTION OF F <= FACTR*EPSMCH,2.0,,0.07111511505205495,1.4045933796899115,,0.40905527153235455,0.06438887873897785,,,0.4565377071139672
Nonlinear,Difficult,OULB,10,True,-103.42688610335445,46,CONVERGENCE: RELATIVE REDUCTION OF F <= FACTR*EPSMCH,2.0,,-0.13871948483424237,1.3072476651369387,0.2629002433255822,0.05,0.0890445305513503,0.005,0.05,0.476719931230909
