generator,difficulty,test_id,selected_model,test_elpd,test_elpd_per_obs,test_rmse,coverage95,residual_acf1,correct
Nonlinear,Difficult,0,OU+B,-8.33982980620057,-0.7581663460182336,0.4929713821404765,0.9090909090909091,-0.629484017486738,
Nonlinear,Difficult,1,OU+T,-8.657297368222233,-0.7870270334747484,0.5156928671742027,1.0,-0.5023873622658268,
Nonlinear,Difficult,2,OU+B,-5.253655474827179,-0.47760504316610713,0.2915625982049602,1.0,-0.3468789035379195,
Nonlinear,Difficult,3,OULB,-12.220501983100354,-1.1109547257363959,0.6961268546117918,0.9090909090909091,-0.2745443915257945,
Nonlinear,Difficult,4,OU,-11.985990238505348,-1.089635476227759,0.7155599960251121,0.9090909090909091,-0.3126797396620765,
Nonlinear,Difficult,5,OU+T,-13.854700614104106,-1.2595182376458278,0.8004344172610579,0.8181818181818182,-0.18063800313118766,
Nonlinear,Difficult,6,OULB,-9.75021996518182,-0.8863836331983473,0.5935122641198117,1.0,0.06584733577840532,
Nonlinear,Difficult,7,OU,-9.265472894104967,-0.8423157176459061,0.5442255305277991,0.9090909090909091,-0.21574614881291299,
Nonlinear,Difficult,8,OULB,-9.728633793386972,-0.8844212539442702,0.5278625506104381,1.0,-0.23839414623389668,
Nonlinear,Difficult,9,OU+L,-11.96850115914887,-1.0880455599226246,0.7482676336053222,0.8181818181818182,-0.1851563600557409,
Nonlinear,Difficult,10,OU+B,-13.83091613863219,-1.2573560126029264,0.831044595791497,0.8181818181818182,0.1648209241240641,
Nonlinear,Difficult,11,OU+T,-12.991179862527208,-1.181016351138837,0.7563168897571972,1.0,-0.3138438639668211,
Nonlinear,Difficult,12,OU+B,-8.546466514518402,-0.7769515013198547,0.5900255538697768,0.9090909090909091,-0.38292447204222374,
Nonlinear,Difficult,13,OULB,-13.915695440101233,-1.2650632218273847,0.7961839475012532,0.9090909090909091,-0.47393397973109,
Nonlinear,Difficult,14,OULB,-10.871389368941058,-0.988308124449187,0.6180308376548094,1.0,-0.1984351343437824,
Nonlinear,Difficult,15,OU+B,-7.841840203700435,-0.7128945639727667,0.5010553739064866,1.0,-0.10333111858933547,
Nonlinear,Difficult,16,OU+T,-9.811507112217308,-0.8919551920197553,0.5930643126915092,1.0,-0.21757252446780234,
Nonlinear,Difficult,17,OU,-16.930824641267716,-1.5391658764788831,0.9178408417053587,0.8181818181818182,-0.41088614532838663,
Nonlinear,Difficult,18,OU+L,-11.81535689406846,-1.0741233540062236,0.7425503734903507,0.9090909090909091,-0.2650460323585994,
Nonlinear,Difficult,19,OU+T,-8.748279456363274,-0.7952981323966614,0.5108342262955824,1.0,-0.4220816340799595,
Nonlinear,Difficult,20,OU+B,-8.531162465696438,-0.7755602241542217,0.5792504612305895,0.9090909090909091,-0.3435687591639758,
Nonlinear,Difficult,21,OU+B,-8.537095131710844,-0.7760995574282585,0.6394226817769725,0.9090909090909091,-0.1939458690203812,
Nonlinear,Difficult,22,OU+B,-7.317279054981116,-0.6652071868164651,0.5451849002785351,1.0,-0.32739488583184956,
Nonlinear,Difficult,23,OU+T,-11.296598287018456,-1.0269634806380414,0.6774413566002851,0.9090909090909091,-0.3180372435756999,
Nonlinear,Difficult,24,OU+L,-15.038498084561589,-1.367136189505599,0.8745195421275953,0.8181818181818182,-0.6222885887317586,
Nonlinear,Easy,0,OULB,9.3445388778654,0.15838201487907458,0.2671919036596001,0.8983050847457628,-0.2588995385241649,
Nonlinear,Easy,1,OU+L,4.268799810058885,0.07235253915354042,0.2836754375891114,0.9322033898305084,0.013699304202311188,
Nonlinear,Easy,2,OULB,17.235975481599716,0.29213517765423247,0.18897413765960017,0.9491525423728814,-0.39230327150765476,
Nonlinear,Easy,3,OU+B,16.592607130847494,0.2812306293363982,0.19126149988738067,0.9491525423728814,-0.14588959508383648,
Nonlinear,Easy,4,OU+B,22.786923250911208,0.3862190381510374,0.1930232358585725,0.9830508474576272,0.05021947997382457,
Nonlinear,Easy,5,OULB,15.868843977049538,0.26896345723812776,0.1955194611536478,0.9661016949152542,-0.03800558328741457,
Nonlinear,Easy,6,OULB,25.95449287590648,0.4399066589136692,0.18314549957874096,0.9491525423728814,0.2761332199216664,
Nonlinear,Easy,7,OU+T,7.060715106423606,0.11967313739701027,0.2554856841887433,0.9322033898305084,-0.03187846222937681,
Nonlinear,Easy,8,OULB,6.677185668205983,0.1131726384441692,0.22323313868041766,0.9322033898305084,-0.3537756467196148,
Nonlinear,Easy,9,OU,2.74742844934172,0.046566583887147794,0.25322506717670085,0.8813559322033898,0.042270583277294896,
Nonlinear,Easy,10,OULB,20.736420040455947,0.35146474644840586,0.19349368322565652,0.9661016949152542,-0.39432502556437915,
Nonlinear,Easy,11,OULB,7.856152932756718,0.1331551344535037,0.22462987613145427,0.9491525423728814,-0.19419404456485803,
Nonlinear,Easy,12,OULB,19.26116586919754,0.3264604384609753,0.2698368031695345,0.9322033898305084,-0.09834590113229445,
Nonlinear,Easy,13,OU+B,14.154090729926331,0.2398998428801073,0.2053140836775473,0.8983050847457628,-0.35740695590968014,
Nonlinear,Easy,14,OU+B,2.250524975307299,0.03814449110690337,0.2891523833836785,0.8305084745762712,0.10243021164647428,
Nonlinear,Easy,15,OU+B,-4.423900448589497,-0.0749813635354152,0.2654177727302235,0.847457627118644,-0.25738711112495855,
Nonlinear,Easy,16,OULB,-3.9584138547320658,-0.06709176024969603,0.29889280817142444,0.8813559322033898,-0.20435288096912646,
Nonlinear,Easy,17,OU+T,10.412916019604811,0.1764901020272002,0.22730068658749664,0.9152542372881356,-0.18057367002891486,
Nonlinear,Easy,18,OU+B,14.218867295301733,0.24099775076782598,0.2375538545442752,0.9322033898305084,-0.04583256439638287,
Nonlinear,Easy,19,OU+B,25.398671254938485,0.43048595347353363,0.15991605875043796,1.0,-0.13304015489296084,
Nonlinear,Easy,20,OU+B,12.628707539905363,0.21404589050687056,0.21583920325704092,0.9322033898305084,0.19519583749743508,
Nonlinear,Easy,21,OU+B,13.105284570344777,0.22212346729397928,0.2159823296267793,0.8983050847457628,-0.0919937461439899,
Nonlinear,Easy,22,OULB,-1.092606932559443,-0.018518761568804117,0.2670594716158515,0.8983050847457628,-0.06889378397925247,
Nonlinear,Easy,23,OU+B,24.14591982717279,0.4092528784266575,0.1748634999085738,0.9830508474576272,0.022676790141181274,
Nonlinear,Easy,24,OU+T,-0.9190168534918259,-0.015576556838844508,0.283592263051804,0.864406779661017,0.013038408772288856,
Nonlinear,Intermediate,0,OU+B,-3.4203596029419487,-0.14871128708443254,0.20677909144667697,1.0,-0.042559938783961415,
Nonlinear,Intermediate,1,OU+B,-6.930005344691379,-0.301304580203973,0.3076729678758234,1.0,-0.32780605057150886,
Nonlinear,Intermediate,2,OU+T,-9.567139586751686,-0.4159625907283342,0.35457972716990027,1.0,-0.3031870529558252,
Nonlinear,Intermediate,3,OULB,-12.825474176261373,-0.557629312011364,0.4331664448826216,0.9565217391304348,-0.38224801046414875,
Nonlinear,Intermediate,4,OULB,-7.864785085774358,-0.3419471776423634,0.43899626063594155,0.9565217391304348,0.03876853273136522,
Nonlinear,Intermediate,5,OU+B,-7.547693303506783,-0.3281605784133384,0.3354604056145943,1.0,-0.03896978634369,
Nonlinear,Intermediate,6,OULB,-9.680296020919053,-0.42088243569213274,0.3673427727927624,0.9565217391304348,-0.2592398258113725,
Nonlinear,Intermediate,7,OU+L,-12.177382628629996,-0.5294514186360868,0.4315833954227812,0.9565217391304348,-0.357848360845105,
Nonlinear,Intermediate,8,OU+B,-12.347200030500751,-0.5368347839348153,0.4018903740010005,0.9565217391304348,-0.49583770051736126,
Nonlinear,Intermediate,9,OU+T,-13.708411694081606,-0.5960178997426785,0.479012131166719,0.8695652173913043,-0.09694761501077925,
Nonlinear,Intermediate,10,OULB,-14.782667672698283,-0.6427246814216645,0.5402012423020004,0.8695652173913043,-0.5884154612761295,
Nonlinear,Intermediate,11,OU+B,-10.306548310647791,-0.44811079611512133,0.3974370652368539,0.9565217391304348,-0.5397738720962232,
Nonlinear,Intermediate,12,OULB,-7.979116807146538,-0.3469181220498495,0.4168346560915387,0.9565217391304348,-0.25217916942717805,
Nonlinear,Intermediate,13,OU+B,-11.874010930528094,-0.5162613448055693,0.5000226002728487,0.8695652173913043,-0.0036819933061002603,
Nonlinear,Intermediate,14,OU+B,-7.254263714652286,-0.3154027702022733,0.33587774379806784,1.0,0.014080335775008813,
Nonlinear,Intermediate,15,OU+B,-7.327480543909665,-0.31858611060476805,0.42455033140197157,0.9565217391304348,0.13109517186636688,
Nonlinear,Intermediate,16,OULB,-11.996327327057065,-0.5215794490024811,0.45145329871520345,0.9130434782608695,-0.16376596663466847,
Nonlinear,Intermediate,17,OU+L,-12.853481628912503,-0.5588470273440219,0.4454269978423894,1.0,-0.2147411862668976,
Nonlinear,Intermediate,18,OU+B,-12.948166631718664,-0.5629637665964636,0.5061686610742038,0.9565217391304348,-0.07306945686005281,
Nonlinear,Intermediate,19,OU+B,-16.36500413893306,-0.711521919084046,0.5251717211602855,0.9565217391304348,-0.0653638731856968,
Nonlinear,Intermediate,20,OULB,-12.305755549750483,-0.5350328499891515,0.41814633114002997,0.9130434782608695,-0.3192058621755418,
Nonlinear,Intermediate,21,OULB,-5.751939644570626,-0.25008433237263594,0.32551368046803636,0.9565217391304348,-0.001973052676899811,
Nonlinear,Intermediate,22,OU+B,-12.86271361712092,-0.5592484181356923,0.415353272882402,0.9565217391304348,-0.21202222828495168,
Nonlinear,Intermediate,23,OULB,-13.85034996578463,-0.6021891289471578,0.5015309431515439,0.9130434782608695,-0.5009384826904848,
Nonlinear,Intermediate,24,OU+L,-20.6913492160436,-0.8996238789584174,0.5883479832199145,0.8695652173913043,-0.4053815135456349,
OU,Difficult,0,OU,-7.120255754708993,-0.6472959777008176,0.4661800339812908,1.0,-0.2532090839608437,1.0
OU,Difficult,1,OU+T,-8.235575076162691,-0.7486886432875174,0.5198829726172016,0.9090909090909091,-0.5676013395313717,0.0
OU,Difficult,2,OU+B,-7.70543673860224,-0.70049424896384,0.47676494657618634,1.0,-0.24796289548211017,0.0
OU,Difficult,3,OU+T,-4.10676529935583,-0.3733422999414391,0.2897655820413424,1.0,0.1016163966502798,0.0
OU,Difficult,4,OU+B,-13.319190413569206,-1.2108354921426552,0.6636196244119125,0.9090909090909091,-0.5721268837237032,0.0
OU,Difficult,5,OU+T,-5.714854418274311,-0.5195322198431191,0.3872410283951759,1.0,-0.5327545553741657,0.0
OU,Difficult,6,OU,-7.393873084938099,-0.6721702804489181,0.47464701777679513,1.0,-0.4397560689443617,1.0
OU,Difficult,7,OU,-5.636285300373511,-0.5123895727612283,0.38186235569741644,1.0,-0.3920935282852797,1.0
OU,Difficult,8,OU+T,-5.000473094597835,-0.4545884631452577,0.35754201425095045,1.0,-0.08234281537758772,0.0
OU,Difficult,9,OU+T,-3.647498190760387,-0.33159074461458066,0.2701827283087474,1.0,-0.15770866501733727,0.0
OU,Difficult,10,OU,-4.011912568828906,-0.36471932443899147,0.2512385276682774,1.0,-0.1783117482640735,1.0
OU,Difficult,11,OU,-6.511478552447418,-0.591952595677038,0.44419460368230523,1.0,-0.4759721482978877,1.0
OU,Difficult,12,OU,-7.118262841510573,-0.6471148037736885,0.46126733896466693,1.0,0.007017511864791384,1.0
OU,Difficult,13,OULB,-5.733927127384092,-0.5212661024894629,0.3735934702607625,1.0,-0.38763516464421305,0.0
OU,Difficult,14,OU+B,-9.18022572335611,-0.8345659748505554,0.5426499222748952,0.9090909090909091,-0.6355248484371016,0.0
OU,Difficult,15,OU,-8.36875334341719,-0.7607957584924718,0.5487362335692443,1.0,-0.45339519286426366,1.0
OU,Difficult,16,OU+B,-10.314659292401137,-0.9376962993091943,0.5872014223854412,0.9090909090909091,-0.07216783294040122,0.0
OU,Difficult,17,OULB,-7.1588748290249224,-0.6508068026386293,0.4505618802782037,0.9090909090909091,-0.09430051909628925,0.0
OU,Difficult,18,OU+B,-11.440297889952314,-1.0400270809047558,0.601914351522472,0.9090909090909091,-0.37714141807959656,0.0
OU,Difficult,19,OULB,-11.538848688782238,-1.0489862444347489,0.6357082625489184,0.9090909090909091,-0.15109198499093976,0.0
OU,Difficult,20,OU,-5.162553616678329,-0.46932305606166624,0.3723983263163614,1.0,-0.1784833199247614,1.0
OU,Difficult,21,OU+L,-6.843751014523328,-0.6221591831384843,0.44451219017713317,1.0,-0.15212148379055812,0.0
OU,Difficult,22,OU,-8.314183032778626,-0.7558348211616933,0.5492772682517302,0.9090909090909091,-0.35754319386889044,1.0
OU,Difficult,23,OU,-7.869346400829145,-0.7153951273481041,0.5111287318547859,1.0,-0.021756590116610103,1.0
OU,Difficult,24,OU,-6.0384637212805865,-0.5489512473891442,0.42290882881338915,1.0,-0.3084779968022454,1.0
OU,Easy,0,OU+L,74.9073316741,1.2696157910864407,0.06739566889458198,0.9830508474576272,-0.4467888136434485,0.0
OU,Easy,1,OU+T,79.02304312935642,1.3393736123619733,0.06295030975461104,0.9491525423728814,-0.4466138728066617,0.0
OU,Easy,2,OU+T,79.38166038605881,1.3454518709501493,0.06328897442337807,0.9661016949152542,-0.5863580005256006,0.0
OU,Easy,3,OULB,76.88828741496151,1.3031913121179917,0.06534973378064493,0.9661016949152542,-0.4828026621358777,0.0
OU,Easy,4,OU+L,82.743503812016,1.4024322680002712,0.058636907843191866,0.9661016949152542,-0.4161340423162243,0.0
OU,Easy,5,OULB,85.90311934319843,1.4559850736135327,0.05443351023142111,1.0,-0.33314967087441094,0.0
OU,Easy,6,OU+L,84.03511279885875,1.4243239457433685,0.05704271028579398,1.0,-0.5133817609490097,0.0
OU,Easy,7,OU+B,78.84060282545872,1.3362814038213342,0.062152254872206,0.9661016949152542,-0.5324272837346303,0.0
OU,Easy,8,OU+L,78.13659253092318,1.3243490259478505,0.06364204057233912,0.9322033898305084,-0.5147857789867983,0.0
OU,Easy,9,OU,85.29360003951298,1.4456542379578472,0.05613110160810123,1.0,-0.4178665644654058,1.0
OU,Easy,10,OU,83.58635075390627,1.416717809388242,0.058142233649691406,0.9661016949152542,-0.4786256017722897,1.0
OU,Easy,11,OU,71.8409615834427,1.2176434166685204,0.07157793139038189,0.9661016949152542,-0.46361572134485063,1.0
OU,Easy,12,OU,82.28954371294272,1.3947380290329274,0.06038322071615731,0.9830508474576272,-0.4273283436961899,1.0
OU,Easy,13,OU,80.03351556097199,1.356500263745288,0.06220212365387076,0.9661016949152542,-0.5101547450088593,1.0
OU,Easy,14,OU+T,84.11454020343318,1.4256701729395453,0.05792977423976711,0.9661016949152542,-0.4105486276192698,0.0
OU,Easy,15,OU+T,82.9112749041615,1.4052758458332457,0.05969804731623201,0.9661016949152542,-0.4649798552776349,0.0
OU,Easy,16,OU+T,84.02003664408366,1.4240684176963332,0.05771624623637302,0.9661016949152542,-0.4380085084367369,0.0
OU,Easy,17,OU+T,83.40828668079277,1.413699774250725,0.059180818715992456,0.9830508474576272,-0.4182667959713952,0.0
OU,Easy,18,OU,79.70412894020168,1.3509174396644352,0.06385299519056908,0.9491525423728814,-0.5145835794667082,1.0
OU,Easy,19,OU,80.99039742059385,1.3727186003490484,0.06154853183045777,0.9491525423728814,-0.5308400988195967,1.0
OU,Easy,20,OU,82.88972621382452,1.4049106137936358,0.0587050562589542,1.0,-0.37803050020402,1.0
OU,Easy,21,OU,82.27299885895877,1.3944576077789623,0.060463284861026374,0.9661016949152542,-0.4313230308685094,1.0
OU,Easy,22,OU,82.96847896563168,1.406245406197147,0.05946203034114845,0.9661016949152542,-0.49975086311426187,1.0
OU,Easy,23,OU+T,69.69114888137082,1.1812059132435733,0.07307342193811707,0.8983050847457628,-0.5774537699541077,0.0
OU,Easy,24,OU+T,78.3534185430955,1.3280240431033137,0.06420090891992007,0.9491525423728814,-0.6137546391744904,0.0
OU,Intermediate,0,OU+T,-3.9001837723578374,-0.16957320749381902,0.28377194701661107,0.9130434782608695,-0.3561513446426326,0.0
OU,Intermediate,1,OU,1.025432721766843,0.04458403138116709,0.2323679265381246,1.0,-0.3640158050133181,1.0
OU,Intermediate,2,OU+T,1.8036086497937498,0.07841776738233695,0.2172901911381393,1.0,-0.38149173376583895,0.0
OU,Intermediate,3,OU+T,0.0652597237584509,0.0028373792938456914,0.2413288127443839,0.9565217391304348,-0.3784039547351848,0.0
OU,Intermediate,4,OU+T,3.2431230679574368,0.14100535078075813,0.1988285160009239,1.0,-0.37847580917865853,0.0
OU,Intermediate,5,OU+B,-7.641061214365567,-0.3322200527985029,0.32694103869057944,0.8260869565217391,-0.184159167564408,0.0
OU,Intermediate,6,OU+T,3.1311560152995717,0.1361372180565031,0.20233906034960994,1.0,-0.4689730401778012,0.0
OU,Intermediate,7,OU+T,-0.05460394451951456,-0.00237408454432672,0.24001352767185227,1.0,-0.615321978415764,0.0
OU,Intermediate,8,OU+T,1.3043804931840566,0.05671219535582855,0.22381129929325283,1.0,-0.521516274634635,0.0
OU,Intermediate,9,OU+B,-0.34707862600367456,-0.015090375043638025,0.2509137425786067,0.9565217391304348,-0.3105223663265963,0.0
OU,Intermediate,10,OU+T,3.956097949189842,0.17200425866042793,0.1891904844254875,1.0,-0.4425697567390256,0.0
OU,Intermediate,11,OU,-1.7378844025791804,-0.07556019141648611,0.2616986791334495,1.0,-0.6572160187416329,1.0
OU,Intermediate,12,OU+T,3.142342137041041,0.13662357117569743,0.20045356283820864,1.0,0.1507111029359438,0.0
OU,Intermediate,13,OU+T,-0.5364720777360281,-0.023324872945044702,0.24982696641550498,0.9565217391304348,-0.46814420054242895,0.0
OU,Intermediate,14,OU+L,-5.553210028516568,-0.24144391428332904,0.30232597998774424,0.8695652173913043,-0.37013742887356105,0.0
OU,Intermediate,15,OU+T,1.0038100148852394,0.04364391369066258,0.23250576814954294,1.0,-0.35055757855007436,0.0
OU,Intermediate,16,OU+L,3.318947723854299,0.1443020749501869,0.19930012356599336,1.0,-0.6313698564978215,0.0
OU,Intermediate,17,OU,3.5577018919608374,0.154682690954819,0.19740954827685347,1.0,-0.47284586157165676,1.0
OU,Intermediate,18,OU+B,-4.413296658390206,-0.19188246340826984,0.2916271235067974,0.9130434782608695,-0.4389376426130864,0.0
OU,Intermediate,19,OU+L,-5.89899809875011,-0.2564781782065265,0.3101565157597462,0.9130434782608695,-0.5061670213260537,0.0
OU,Intermediate,20,OU,-8.26137491327558,-0.3591902136206774,0.32883143240226564,0.8260869565217391,-0.7368731898763259,1.0
OU,Intermediate,21,OU+T,0.5798391316065238,0.0252103970263706,0.23523078278917992,0.9565217391304348,-0.5766372120970426,0.0
OU,Intermediate,22,OU,-1.3480925196141462,-0.058612718244093316,0.2558037106099413,0.9565217391304348,-0.5363135761661472,1.0
OU,Intermediate,23,OU+B,-6.068829210085617,-0.2638621395689399,0.30453825170607196,0.9130434782608695,-0.6910507905853983,0.0
OU,Intermediate,24,OU,4.941312172954786,0.21483965969368637,0.17330579966019538,1.0,-0.23963861370469652,1.0
OU+B,Difficult,0,OU+T,-10.501187450150297,-0.954653404559118,0.5908772571245821,0.9090909090909091,-0.4703236405137163,0.0
OU+B,Difficult,1,OU+L,-3.3897612684311937,-0.3081601153119267,0.26754916387059074,1.0,-0.5273659977258184,0.0
OU+B,Difficult,2,OU,-6.5836590264495225,-0.5985144569499566,0.440280827593867,1.0,-0.3955716023092661,0.0
OU+B,Difficult,3,OU+T,-19.450477458841213,-1.7682252235310194,0.9275693040316713,0.8181818181818182,-0.28857108164257633,0.0
OU+B,Difficult,4,OU+T,-6.337322674297184,-0.5761202431179258,0.4307446252034589,1.0,-0.4968725315120872,0.0
OU+B,Difficult,5,OU,-6.839358895414801,-0.6217598995831637,0.45263930419018583,1.0,-0.2184589712354396,0.0
OU+B,Difficult,6,OU+T,-9.947282280455916,-0.9042983891323559,0.6317265184918953,0.9090909090909091,-0.480936501760071,0.0
OU+B,Difficult,7,OU+T,-8.190353674155896,-0.744577606741445,0.5075493051522821,0.9090909090909091,-0.1697315955629105,0.0
OU+B,Difficult,8,OU+T,-6.038834752936753,-0.5489849775397049,0.4052547244928957,1.0,-0.5779789365945888,0.0
OU+B,Difficult,9,OU+L,-4.724262587198984,-0.4294784170180895,0.36717408162047827,1.0,-0.27758701100594685,0.0
OU+B,Difficult,10,OU+T,-7.593715987656558,-0.6903378170596871,0.48385134336007274,1.0,-0.28964841873791825,0.0
OU+B,Difficult,11,OULB,-4.725409118720456,-0.42958264715640504,0.33203255103946133,1.0,0.18455308808548349,0.0
OU+B,Difficult,12,OU+T,-7.9849529601796245,-0.725904814561784,0.49046876509191867,0.9090909090909091,-0.5074300952961611,0.0
OU+B,Difficult,13,OU+T,-6.8092915630066075,-0.6190265057278734,0.4642154109609596,1.0,-0.4603955018041523,0.0
OU+B,Difficult,14,OU+T,-6.508898315652842,-0.5917180286957129,0.43310926857951276,1.0,0.07029377262377805,0.0
OU+B,Difficult,15,OU+T,-11.661210458379088,-1.0601100416708262,0.6219293336926394,0.9090909090909091,-0.08784846776727677,0.0
OU+B,Difficult,16,OU,-7.455576846192164,-0.6777797132901967,0.4885933719491684,1.0,0.08957397974795868,0.0
OU+B,Difficult,17,OU,-8.163788412140546,-0.7421625829218678,0.4749325313309126,0.9090909090909091,-0.428646754744086,0.0
OU+B,Difficult,18,OU+T,-6.673621141589171,-0.606692831053561,0.4645431538506788,1.0,-0.20056007706634757,0.0
OU+B,Difficult,19,OULB,-6.068418411817105,-0.5516744010742823,0.40526884780694633,1.0,-0.24008258289899267,0.0
OU+B,Difficult,20,OU+B,-7.9801376936529795,-0.7254670630593618,0.49145173877733894,1.0,0.23354744425007767,1.0
OU+B,Difficult,21,OU,-7.430315748061925,-0.6754832498238114,0.47388356672590554,0.9090909090909091,-0.3880071549258266,0.0
OU+B,Difficult,22,OU,-8.068241006743229,-0.7334764551584754,0.5268412393975032,0.9090909090909091,-0.43213508083322477,0.0
OU+B,Difficult,23,OU+L,-3.7432573098887696,-0.3402961190807972,0.30433064793805503,1.0,-0.3706787665159622,0.0
OU+B,Difficult,24,OULB,-5.004401377543072,-0.4549455797766429,0.32370891770877197,1.0,0.04908929961401109,0.0
OU+B,Easy,0,OU,78.79708922336799,1.3355438851418304,0.06508727299642109,0.9830508474576272,-0.3579168064542241,0.0
OU+B,Easy,1,OU+T,81.37246525737793,1.379194326396236,0.060812490910507125,0.9830508474576272,-0.4466586492393708,0.0
OU+B,Easy,2,OU+T,89.48843194685175,1.5167530838449448,0.04839670556462738,1.0,-0.5631469294636396,0.0
OU+B,Easy,3,OU,76.9982816099904,1.305055620508312,0.06652917707944313,0.9830508474576272,-0.4077656381221649,0.0
OU+B,Easy,4,OU+T,76.09827408754667,1.28980125572113,0.0659372096092613,0.9152542372881356,-0.24687547423208198,0.0
OU+B,Easy,5,OU+T,76.17508904184186,1.2911032040990145,0.06592791897929379,0.9661016949152542,-0.4294883543312371,0.0
OU+B,Easy,6,OU+T,83.83714756736599,1.4209686028367117,0.057588540460540336,0.9830508474576272,-0.27032558807000046,0.0
OU+B,Easy,7,OU+L,78.1095955981941,1.3238914508168493,0.06339788878090377,0.9830508474576272,-0.1805324750766994,0.0
OU+B,Easy,8,OU,76.01096963794573,1.288321519287216,0.06762361839743196,0.9661016949152542,-0.579840783697323,0.0
OU+B,Easy,9,OU+T,76.8023137225361,1.3017341308904424,0.06628260452809426,0.9661016949152542,-0.3998589434823026,0.0
OU+B,Easy,10,OU,76.38202902689036,1.294610661472718,0.06605380033886005,0.9830508474576272,-0.4549461547775678,0.0
OU+B,Easy,11,OU+T,71.30395444449023,1.2085416007540717,0.0722578111390659,0.9491525423728814,-0.5619263068903183,0.0
OU+B,Easy,12,OU+L,77.70670928899905,1.3170628693050686,0.06432816387296625,0.9322033898305084,-0.3117624192163652,0.0
OU+B,Easy,13,OU+L,83.06531812484906,1.4078867478787975,0.059489152627647375,0.9830508474576272,-0.3387406945640402,0.0
OU+B,Easy,14,OU+L,80.63687006159033,1.3667266112133953,0.06133857315871393,0.9830508474576272,-0.23298014663595412,0.0
OU+B,Easy,15,OU+T,75.34983637780499,1.2771158708102541,0.06786128313617756,0.9661016949152542,-0.5065088220601397,0.0
OU+B,Easy,16,OU+L,87.0080115814206,1.474712060702044,0.052589454521772175,1.0,-0.4140709258225027,0.0
OU+B,Easy,17,OU+T,84.91044144095308,1.4391600244229334,0.05645629184703846,1.0,-0.2386296057719122,0.0
OU+B,Easy,18,OU+T,77.45946782580894,1.31287233603066,0.06538445983466087,0.9322033898305084,-0.6561908241320185,0.0
OU+B,Easy,19,OU+L,80.08183209718428,1.357319188087869,0.06220954331157367,0.9661016949152542,-0.4214632927860248,0.0
OU+B,Easy,20,OU,75.77985711749496,1.2844043579236433,0.06655903093606039,0.9491525423728814,-0.3410719596305883,0.0
OU+B,Easy,21,OU+L,84.49694927858566,1.4321516826878926,0.05581204401390593,1.0,-0.5132004133650013,0.0
OU+B,Easy,22,OU+L,78.02649647393123,1.3224829910835803,0.06358462775015773,0.9322033898305084,-0.48913251372159033,0.0
OU+B,Easy,23,OU+T,86.33322122810955,1.4632749360696533,0.05417641209456741,1.0,-0.40537218988531004,0.0
OU+B,Easy,24,OU+T,84.06807713110275,1.4248826632390297,0.05586866365102744,1.0,-0.4043339902915368,0.0
OU+B,Intermediate,0,OULB,-5.768727039458566,-0.25081421910689417,0.29103127543853957,0.8695652173913043,-0.19819461856023976,0.0
OU+B,Intermediate,1,OU+B,-2.0812030779690938,-0.09048709034648234,0.24955996233446065,0.9565217391304348,-0.18185527272635807,1.0
OU+B,Intermediate,2,OU+T,-3.284865724561035,-0.14282024889395806,0.27499127226663034,0.8695652173913043,-0.38593738732713834,0.0
OU+B,Intermediate,3,OU+L,2.9677393355962876,0.12903214502592555,0.20161755283301228,1.0,-0.112245338441665,0.0
OU+B,Intermediate,4,OU,-3.4460987338751226,-0.14983037973370097,0.2801777457657053,0.9565217391304348,-0.5187744830812806,0.0
OU+B,Intermediate,5,OU,1.6094744669472165,0.0699771507368355,0.23378599437172823,0.9565217391304348,-0.29759043298556215,0.0
OU+B,Intermediate,6,OU,2.588919385146905,0.11256171239769151,0.21041812700904136,1.0,-0.2696925756355016,0.0
OU+B,Intermediate,7,OULB,-0.47383948881706794,-0.020601716905089912,0.23781520572185783,1.0,-0.4394265320221542,0.0
OU+B,Intermediate,8,OU+T,-1.7880421564773767,-0.07774096332510334,0.26971481894856747,0.9565217391304348,-0.6048237874418403,0.0
OU+B,Intermediate,9,OU,1.072896646476142,0.046647680281571395,0.24053889895373373,0.9130434782608695,-0.40319095606070515,0.0
OU+B,Intermediate,10,OU,-2.6442635302307886,-0.11496797957525168,0.27872440688254463,0.9565217391304348,-0.3794322202092239,0.0
OU+B,Intermediate,11,OU+B,0.3660826650115161,0.01591663760919635,0.23375824493690764,0.9565217391304348,-0.34833397988871867,1.0
OU+B,Intermediate,12,OULB,-2.525912508273268,-0.10982228296840295,0.2668163881415688,0.9130434782608695,-0.3754064591241173,0.0
OU+B,Intermediate,13,OULB,-5.308491105522781,-0.23080396110968612,0.2957833933644663,0.9565217391304348,-0.4926764225226592,0.0
OU+B,Intermediate,14,OU+L,-6.693274781748947,-0.2910119470325629,0.30470356951438254,0.8695652173913043,-0.4812946720091328,0.0
OU+B,Intermediate,15,OU+L,2.0467035156880353,0.08898710937774067,0.21869219285629887,1.0,-0.3547359727987476,0.0
OU+B,Intermediate,16,OU+B,1.0490920847282124,0.045612699336009234,0.22008623671677127,1.0,-0.2058291775655044,1.0
OU+B,Intermediate,17,OU+L,0.9416378743806779,0.040940777146986,0.2270807966013164,1.0,-0.23296379879574045,0.0
OU+B,Intermediate,18,OU+T,-2.6137158698134075,-0.1136398204266699,0.2791429073215479,0.9565217391304348,-0.3963941538372235,0.0
OU+B,Intermediate,19,OU,2.9662134716258075,0.12896580311416556,0.21891643299162292,0.9565217391304348,-0.31571288573019307,0.0
OU+B,Intermediate,20,OU+T,-2.1437230357418686,-0.09320534938008125,0.2663714114820025,0.9565217391304348,-0.3234878863344922,0.0
OU+B,Intermediate,21,OU+T,2.0125135642474734,0.08750058974989015,0.22112170628281236,1.0,-0.16186577033547447,0.0
OU+B,Intermediate,22,OU,2.9789558069466104,0.1295198176933309,0.2089661284904912,1.0,-0.49356984859413067,0.0
OU+B,Intermediate,23,OU+T,-8.367858436348154,-0.3638199320151371,0.32132007924330097,0.8260869565217391,-0.6906433013164834,0.0
OU+B,Intermediate,24,OU,2.7790455434680186,0.12082806710730516,0.21664114272642288,1.0,-0.1366970670069609,0.0
OU+L,Difficult,0,OU+T,-6.676686410260498,-0.6069714918418634,0.4590586318633837,0.9090909090909091,-0.21131065140256125,0.0
OU+L,Difficult,1,OU+T,-8.935154685246248,-0.8122867895678407,0.5424002242422394,0.8181818181818182,-0.12915190835614657,0.0
OU+L,Difficult,2,OU+T,-6.820244109872876,-0.6200221918066251,0.4436182713154609,0.9090909090909091,-0.40942705723683653,0.0
OU+L,Difficult,3,OULB,-4.896179434551923,-0.44510722132290215,0.34933785356602165,0.9090909090909091,0.03680908711792868,0.0
OU+L,Difficult,4,OULB,-12.710585444975363,-1.155507767725033,0.6442264691307921,0.8181818181818182,-0.7235639601594607,0.0
OU+L,Difficult,5,OU+T,-4.986469971880115,-0.45331545198910134,0.39846610382612146,1.0,-0.5870577593393924,0.0
OU+L,Difficult,6,OULB,-5.774492133319621,-0.5249538303017837,0.3839444952733076,0.9090909090909091,-0.17982848585553357,0.0
OU+L,Difficult,7,OU+B,-13.575680018675763,-1.2341527289705239,0.6820491380765848,0.7272727272727273,-0.46085707902218565,0.0
OU+L,Difficult,8,OU+B,-9.561762982875095,-0.8692511802613723,0.5430678112196073,0.9090909090909091,-0.49346006665449416,0.0
OU+L,Difficult,9,OU+B,-11.246133720472674,-1.022375792770243,0.5710004484069269,0.8181818181818182,-0.13039075159600677,0.0
OU+L,Difficult,10,OULB,-8.574825798773308,-0.7795296180703007,0.5019319873820074,0.9090909090909091,0.14660059750961602,0.0
OU+L,Difficult,11,OU,-8.901199966023801,-0.8091999969112547,0.5606300771890244,0.8181818181818182,-0.3101392155014989,0.0
OU+L,Difficult,12,OU+T,-6.719025542356887,-0.610820503850626,0.4582853749719725,0.9090909090909091,-0.5592192785536919,0.0
OU+L,Difficult,13,OU,-4.018427397478494,-0.365311581588954,0.32819758284993916,1.0,-0.04857970829486132,0.0
OU+L,Difficult,14,OULB,-9.115461337968501,-0.8286783034516819,0.530687302004895,0.9090909090909091,-0.44783343957464145,0.0
OU+L,Difficult,15,OU+T,-8.4695166171005,-0.7699560561000454,0.5409750907342453,0.8181818181818182,-0.6165018734373726,0.0
OU+L,Difficult,16,OU,-4.36196209552541,-0.3965420086841282,0.3764570026267118,1.0,-0.052873890653404094,0.0
OU+L,Difficult,17,OU+B,-6.023231012888996,-0.5475664557171814,0.41367343738308976,0.9090909090909091,-0.0714283491678128,0.0
OU+L,Difficult,18,OU,-7.4729730365952,-0.6793611851450182,0.4649093664121093,0.9090909090909091,-0.514985600873696,0.0
OU+L,Difficult,19,OU+T,-6.192907943637787,-0.5629916312397989,0.43385723961472017,1.0,0.13806252871938246,0.0
OU+L,Difficult,20,OU,-9.003689508196507,-0.8185172280178642,0.5647408284170501,0.8181818181818182,-0.6546475193734057,0.0
OU+L,Difficult,21,OULB,-7.254530803144858,-0.6595028002858961,0.44620509486242316,0.8181818181818182,-0.3416033199257887,0.0
OU+L,Difficult,22,OU+T,-3.5375926641862767,-0.32159933310784333,0.34543441733298424,1.0,-0.12110728596614809,0.0
OU+L,Difficult,23,OU,-4.413292841291432,-0.4012084401174029,0.34741605120320634,1.0,-0.4333407795154831,0.0
OU+L,Difficult,24,OULB,-10.599159335882698,-0.9635599396256999,0.5738812399670302,0.8181818181818182,-0.5667112383417884,0.0
OU+L,Easy,0,OU,73.38626933439895,1.2438350734643888,0.0694507808304265,0.9152542372881356,-0.546802062139856,0.0
OU+L,Easy,1,OU,81.50643616918833,1.3814650198167515,0.060969354651024446,0.9830508474576272,-0.4603974321722869,0.0
OU+L,Easy,2,OU+L,90.54752653628748,1.5347038395980928,0.05051219367675909,0.9661016949152542,-0.2804555158407645,1.0
OU+L,Easy,3,OU+T,82.01958961363752,1.3901625358243648,0.06208437596577137,0.9491525423728814,-0.26198663578895603,0.0
OU+L,Easy,4,OU+T,83.6406140901057,1.417637526950944,0.05913061221854473,0.9661016949152542,-0.22421370891835765,0.0
OU+L,Easy,5,OU,72.83444338659035,1.2344820912981416,0.07028803887667441,0.9491525423728814,-0.5986036411357702,0.0
OU+L,Easy,6,OU,81.96498455712914,1.3892370263920193,0.060113589786912884,0.9661016949152542,-0.42658104290103654,0.0
OU+L,Easy,7,OU,70.22896045223075,1.1903213635971315,0.07200234725183119,0.8813559322033898,-0.6559542632234262,0.0
OU+L,Easy,8,OU,79.30067445162543,1.3440792279936513,0.06336627725187785,0.9661016949152542,-0.39816882210782495,0.0
OU+L,Easy,9,OU+T,80.63369581091897,1.3666728103545587,0.06207342033519793,0.9830508474576272,-0.29778044819834903,0.0
OU+L,Easy,10,OU+L,86.49955787139648,1.4660942012101097,0.05554316897330291,0.9830508474576272,-0.43687621813808314,1.0
OU+L,Easy,11,OU+L,90.68433262275295,1.5370225868263212,0.050002616522185836,1.0,-0.38744444526687144,1.0
OU+L,Easy,12,OU,71.1035614074935,1.2051451086015847,0.07211660509214873,0.9322033898305084,-0.39259411026472113,0.0
OU+L,Easy,13,OU+L,83.98060680154735,1.4234001152804636,0.05768431900863492,1.0,-0.4426456372003906,1.0
OU+L,Easy,14,OU+B,71.25646028032034,1.2077366149206836,0.0713086640846439,0.9661016949152542,-0.5487821799636111,0.0
OU+L,Easy,15,OU+L,86.87917137252265,1.4725283283478414,0.054980817871023165,0.9830508474576272,-0.47374855826285844,1.0
OU+L,Easy,16,OU+T,65.9440699765274,1.1176961012970745,0.07673469120464471,0.847457627118644,-0.33121642671008505,0.0
OU+L,Easy,17,OU+T,69.14764369037644,1.171993960853838,0.07524631364254016,0.8983050847457628,-0.41257891801616847,0.0
OU+L,Easy,18,OU+T,76.58784982906599,1.2980991496451861,0.06769373116284816,0.9491525423728814,-0.4843719532479053,0.0
OU+L,Easy,19,OU+T,78.73007397845943,1.3344080335332107,0.06369129963193727,0.9830508474576272,-0.4981139064254791,0.0
OU+L,Easy,20,OU,76.05622505038366,1.2890885601759943,0.06673015010193159,0.9322033898305084,-0.5148590746200408,0.0
OU+L,Easy,21,OU+L,73.7499659865548,1.2499994235009289,0.06851784323917001,0.8983050847457628,-0.5508700322784836,1.0
OU+L,Easy,22,OU+T,79.48518966770898,1.3472066045374402,0.06368885954047923,0.9322033898305084,-0.5049881727708043,0.0
OU+L,Easy,23,OU+T,75.7437616365865,1.2837925701116355,0.06682492856747868,0.9491525423728814,-0.4454248312772128,0.0
OU+L,Easy,24,OULB,86.7694477532342,1.4706686059870204,0.05449091323776672,0.9491525423728814,-0.2524107284700461,0.0
OU+L,Intermediate,0,OU+T,3.232048858059901,0.14052386339390874,0.19642618373273615,1.0,-0.32921324382855577,0.0
OU+L,Intermediate,1,OULB,-4.083996385096164,-0.17756506022157234,0.28932735550910044,1.0,-0.7156602078999603,0.0
OU+L,Intermediate,2,OU+B,4.435283243377102,0.19283840188596094,0.16954078671915435,1.0,-0.12751540833267752,0.0
OU+L,Intermediate,3,OU,-0.40820861520271234,-0.017748200660987493,0.25135699481447143,0.9565217391304348,-0.36097753908906466,0.0
OU+L,Intermediate,4,OU+L,-0.34308963351826055,-0.01491694058775046,0.2355006083258024,0.9565217391304348,0.09647903888937803,1.0
OU+L,Intermediate,5,OU+T,-2.4004357260345257,-0.10436677069715329,0.27073398471690646,0.9130434782608695,-0.46930392711466923,0.0
OU+L,Intermediate,6,OU+L,1.9508123403466469,0.08481792784115856,0.20600230684785778,0.9565217391304348,-0.4444300157038861,1.0
OU+L,Intermediate,7,OU+L,1.1823632508886863,0.05140709786472549,0.21253843390279778,1.0,-0.3207103420282851,1.0
OU+L,Intermediate,8,OU+T,-5.056887278291255,-0.21986466427353282,0.3106849122218822,0.9130434782608695,-0.7601245433982339,0.0
OU+L,Intermediate,9,OULB,-6.445642400915665,-0.28024532177894196,0.30619011542304436,0.9130434782608695,-0.44355936551756747,0.0
OU+L,Intermediate,10,OU,-6.453464650107954,-0.280585419569911,0.3361968876083572,0.8695652173913043,-0.2618902879360924,0.0
OU+L,Intermediate,11,OU,2.8143795915894225,0.12236433006910533,0.20709375167173588,1.0,-0.21004935063256006,0.0
OU+L,Intermediate,12,OU+T,2.2922423451588703,0.09966271065908132,0.2085147620246533,1.0,-0.3113724458220391,0.0
OU+L,Intermediate,13,OULB,0.10195185374475768,0.004432689293250334,0.2394001700819527,1.0,-0.24896527371572802,0.0
OU+L,Intermediate,14,OU+L,1.2117845866403905,0.05268628637566915,0.21397613233215731,1.0,-0.46381145445248423,1.0
OU+L,Intermediate,15,OULB,0.7747876455629558,0.03368641937230243,0.2193804310906957,1.0,-0.5204388677140497,0.0
OU+L,Intermediate,16,OU,0.09325035996995223,0.004054363476954445,0.25016573202976417,1.0,-0.26972211083658104,0.0
OU+L,Intermediate,17,OU,0.28955679909202026,0.012589426047479141,0.23541745986391488,1.0,-0.4206167797851419,0.0
OU+L,Intermediate,18,OU+L,4.288651672533192,0.1864631161970953,0.15601547618173797,1.0,0.04060825105371748,1.0
OU+L,Intermediate,19,OU+T,0.9359770542578594,0.04069465453295041,0.23556033680905095,0.9565217391304348,-0.3213264793398646,0.0
OU+L,Intermediate,20,OU+B,1.8341905576078117,0.07974741554816572,0.2127972241230458,1.0,-0.3937035410491376,0.0
OU+L,Intermediate,21,OULB,-5.641701356123651,-0.24529136330972395,0.30750521816472054,0.9130434782608695,-0.16518953522104207,0.0
OU+L,Intermediate,22,OU+T,1.8900592522283548,0.08217648922731978,0.2111503516987368,1.0,-0.2413411011761056,0.0
OU+L,Intermediate,23,OU+T,-11.797027316024788,-0.5129142311315126,0.35797536989267625,0.8695652173913043,-0.29366488411172725,0.0
OU+L,Intermediate,24,OU,-3.6761625886194818,-0.159833156026934,0.2795070686188342,0.9565217391304348,-0.5350033703210143,0.0
OU+T,Difficult,0,OU,-8.733996707432631,-0.7939997006756937,0.5266150331118082,0.9090909090909091,-0.6857385591760556,0.0
OU+T,Difficult,1,OU,-6.161351455079707,-0.5601228595527007,0.4163498398663481,1.0,-0.3600750447940638,0.0
OU+T,Difficult,2,OULB,-3.317101442214131,-0.301554676564921,0.2706463397120048,1.0,-0.12023438589266291,0.0
OU+T,Difficult,3,OU+T,-5.306419675680621,-0.48240178869823824,0.3722701155461343,1.0,-0.28042237938725045,1.0
OU+T,Difficult,4,OU+T,-6.367756155324498,-0.578886923211318,0.4269739944532332,1.0,-0.24147627557228601,1.0
OU+T,Difficult,5,OULB,-5.9875780148922955,-0.5443252740811177,0.4169360975391991,1.0,-0.27737782319461757,0.0
OU+T,Difficult,6,OU+L,-5.995735081363664,-0.5450668255785149,0.40961092902927665,1.0,0.03942196080933925,0.0
OU+T,Difficult,7,OU+T,-11.51575537423755,-1.0468868522034136,0.6257958678285348,0.9090909090909091,-0.6131196297792556,1.0
OU+T,Difficult,8,OU+T,-6.655223712366659,-0.6050203374878781,0.4404508697072737,1.0,-0.44696376180427533,1.0
OU+T,Difficult,9,OU+B,-13.44277447166132,-1.2220704065146655,0.6883143015816332,0.8181818181818182,-0.620290710246098,0.0
OU+T,Difficult,10,OU+B,-6.23704033409032,-0.5670036667354836,0.41867623967048784,0.9090909090909091,-0.2504089416091357,0.0
OU+T,Difficult,11,OU+T,-8.759817827898742,-0.796347075263522,0.5281716182218683,0.9090909090909091,-0.01993797726974322,1.0
OU+T,Difficult,12,OULB,-8.141801102432026,-0.7401637365847297,0.5239694069465751,1.0,-0.43982708739022325,0.0
OU+T,Difficult,13,OU,-5.105620814766658,-0.4641473467969689,0.3600561326168666,1.0,-0.474612187242484,0.0
OU+T,Difficult,14,OU+L,-12.255099488868172,-1.1140999535334701,0.6480611799139542,0.8181818181818182,-0.594274559575346,0.0
OU+T,Difficult,15,OU+B,-9.160561639723669,-0.8327783308839699,0.5462351358285554,0.8181818181818182,-0.2309609240905299,0.0
OU+T,Difficult,16,OU+B,-8.11384708910316,-0.7376224626457418,0.5070273977790931,0.9090909090909091,-0.41776081733129855,0.0
OU+T,Difficult,17,OU+L,-7.957306519563964,-0.7233915017785422,0.508552335421858,1.0,-0.68273914480164,0.0
OU+T,Difficult,18,OULB,-4.233127905026595,-0.3848298095478722,0.31554892445833,1.0,0.21218118602920788,0.0
OU+T,Difficult,19,OU,-9.255074183981453,-0.8413703803619502,0.5461353775366264,0.9090909090909091,-0.4028153600931593,0.0
OU+T,Difficult,20,OU+T,-6.11314311523507,-0.5557402832031882,0.4136493846472902,0.9090909090909091,-0.010545172616397038,1.0
OU+T,Difficult,21,OU+T,-11.314169534112446,-1.028560866737495,0.6205034166540501,0.8181818181818182,-0.2920316228522315,1.0
OU+T,Difficult,22,OU,-8.061298508221528,-0.7328453189292298,0.5010326102179447,1.0,-0.008090263284870957,0.0
OU+T,Difficult,23,OU+L,-5.890050873388335,-0.5354591703080305,0.40726437968125484,1.0,-0.4104850761694084,0.0
OU+T,Difficult,24,OULB,-4.378861767277543,-0.3980783424797767,0.32954490441462986,1.0,-0.6123170085677777,0.0
OU+T,Easy,0,OU+L,83.74354063509404,1.4193820446626109,0.05753525499737159,0.9661016949152542,-0.34888126919276635,0.0
OU+T,Easy,1,OU+L,84.37084940135499,1.4300143966331353,0.05700647984877749,1.0,-0.20174960892006075,0.0
OU+T,Easy,2,OU+L,81.94301725035399,1.3888646991585423,0.05969134223776455,0.9830508474576272,-0.5855663542012716,0.0
OU+T,Easy,3,OU+L,87.87391572393568,1.4893884021006047,0.05249603896210861,0.9830508474576272,-0.3155220942505761,0.0
OU+T,Easy,4,OU+L,80.01796504857128,1.3562366957384964,0.06238874819905294,0.9661016949152542,-0.5195414282168382,0.0
OU+T,Easy,5,OULB,66.47660023514442,1.1267220378838037,0.07698512399529597,0.9152542372881356,-0.5575512302598714,0.0
OU+T,Easy,6,OU+L,87.7248148643075,1.4868612688865679,0.052115383751863,0.9661016949152542,-0.33444131541851335,0.0
OU+T,Easy,7,OU+L,76.21912979821009,1.2918496575967813,0.08130915182618326,0.9661016949152542,-0.6281824902435469,0.0
OU+T,Easy,8,OU+L,79.08421255888342,1.3404103823539564,0.0636578249023546,0.9661016949152542,-0.4278331995806656,0.0
OU+T,Easy,9,OU+L,75.98314930209705,1.2878499881711365,0.06707920128823303,0.9661016949152542,-0.2614551555665449,0.0
OU+T,Easy,10,OU+L,70.76105470576114,1.199339910267138,0.0722006340981792,0.9491525423728814,-0.4160744691774764,0.0
OU+T,Easy,11,OU+L,77.02419686460722,1.3054948621119868,0.0659224546687547,0.9830508474576272,-0.5709688154193133,0.0
OU+T,Easy,12,OU+L,80.40139879072476,1.3627355727241484,0.061627961703621024,0.9491525423728814,-0.4830664593586611,0.0
OU+T,Easy,13,OU+L,87.42755201687719,1.4818229155402913,0.052526873931580356,1.0,-0.5486880523925484,0.0
OU+T,Easy,14,OU+L,78.85955208286299,1.3366025776756438,0.06373104177223583,0.9491525423728814,-0.6346339314362182,0.0
OU+T,Easy,15,OU+L,66.16976304559685,1.121521407552489,0.08161207464299132,0.9322033898305084,-0.5565302732723609,0.0
OU+T,Easy,16,OU+L,85.05369285631491,1.441588014513812,0.05597527695831084,0.9830508474576272,-0.45257617496389774,0.0
OU+T,Easy,17,OU+L,83.08644592894093,1.4082448462532362,0.05970696544585771,0.9491525423728814,-0.33527301525250097,0.0
OU+T,Easy,18,OU+L,75.97110099613617,1.2876457795955283,0.06640572563389058,0.9491525423728814,-0.43553354667939415,0.0
OU+T,Easy,19,OU+L,79.47787587851488,1.3470826420087267,0.0636583738984918,0.9322033898305084,-0.47978123572014747,0.0
OU+T,Easy,20,OU+L,84.42605122768202,1.4309500208081698,0.057765741003919985,0.9830508474576272,-0.37259598555068046,0.0
OU+T,Easy,21,OU+T,79.59275507830739,1.3490297470899557,0.06182198368414668,0.9830508474576272,-0.370240580771669,1.0
OU+T,Easy,22,OU+T,71.47163897733456,1.2113837114802468,0.07187992639559876,0.9491525423728814,-0.48648726644203166,1.0
OU+T,Easy,23,OU+L,72.23719348211114,1.2243592115612056,0.0705597974388008,0.9491525423728814,-0.48171845047930667,0.0
OU+T,Easy,24,OU+L,88.45461382917284,1.4992307428673364,0.05237900054493263,0.9830508474576272,-0.4768078866276645,0.0
OU+T,Intermediate,0,OU,1.53867383957241,0.06689886259010479,0.2263729968157863,1.0,-0.4280546256140813,0.0
OU+T,Intermediate,1,OU+L,-6.532988083975311,-0.2840429601728396,0.30882016312183347,0.8695652173913043,-0.34009448100017137,0.0
OU+T,Intermediate,2,OU+T,-2.837931220642458,-0.12338831394097642,0.26979234412215475,1.0,-0.48633947745090755,1.0
OU+T,Intermediate,3,OU+T,0.8659439184999778,0.03764973558695556,0.2277544600879309,0.9565217391304348,-0.6898059039476209,1.0
OU+T,Intermediate,4,OU,0.00842506053803982,0.00036630697991477476,0.24380946087824107,0.9565217391304348,-0.31864768747728706,0.0
OU+T,Intermediate,5,OULB,1.415427028204554,0.06154030557411105,0.22883140582003889,1.0,-0.31403837238350524,0.0
OU+T,Intermediate,6,OU+L,-2.502371294073353,-0.10879875191623274,0.2617297958717199,0.9130434782608695,-0.14542766664279042,0.0
OU+T,Intermediate,7,OU+T,0.4394274115307968,0.019105539631773773,0.24279742631297496,1.0,-0.46583062378157003,1.0
OU+T,Intermediate,8,OU+L,2.879569237058362,0.12519866248079833,0.21741044738453152,0.9565217391304348,-0.1568043756321979,0.0
OU+T,Intermediate,9,OU,2.5621823987132286,0.11139923472666212,0.2081938678076886,1.0,-0.3272297101986896,0.0
OU+T,Intermediate,10,OU+L,1.8549667987518867,0.08065073038051682,0.218690833717197,0.9565217391304348,-0.007392919031336158,0.0
OU+T,Intermediate,11,OU+L,-6.064315419647279,-0.2636658878107513,0.30016463662912574,0.9130434782608695,-0.30378172538024767,0.0
OU+T,Intermediate,12,OU+L,4.867551305025786,0.21163266543590373,0.18189716565380276,1.0,-0.35405548519728497,0.0
OU+T,Intermediate,13,OULB,2.020775927620069,0.08785982294000301,0.22212740862593705,0.9565217391304348,-0.3019894312133151,0.0
OU+T,Intermediate,14,OU+T,-3.3491462230417515,-0.14561505317572832,0.27912840262248145,1.0,-0.33393317549095825,1.0
OU+T,Intermediate,15,OU,-3.5495154569605907,-0.15432675899828655,0.2803022460648067,0.9565217391304348,-0.6662287187133357,0.0
OU+T,Intermediate,16,OU,-2.2421111505430895,-0.09748309350187345,0.27256043472308217,0.9565217391304348,-0.4493099938158816,0.0
OU+T,Intermediate,17,OU,1.2982422072943431,0.05644531336062362,0.21918372441068326,0.9565217391304348,-0.0715053948234477,0.0
OU+T,Intermediate,18,OULB,-8.250987536387191,-0.35873858853857354,0.32427000588854626,0.9130434782608695,-0.4561608162903297,0.0
OU+T,Intermediate,19,OU,-21.3494483659546,-0.928236885476287,0.42367659036891603,0.6521739130434783,-0.7285772595797239,0.0
OU+T,Intermediate,20,OU,0.7307136795944671,0.03177015998236814,0.23271819882442976,0.9565217391304348,-0.30642421952786697,0.0
OU+T,Intermediate,21,OULB,-1.956060764342089,-0.08504612018878648,0.2771315047812704,0.9565217391304348,-0.31743920133385756,0.0
OU+T,Intermediate,22,OULB,4.89888421674717,0.21299496594552914,0.18362790743062823,1.0,-0.28193524821630367,0.0
OU+T,Intermediate,23,OU,0.6879235539552339,0.029909719737184082,0.22850107742935416,1.0,-0.44431824985522367,0.0
OU+T,Intermediate,24,OU+T,-1.9426409215136808,-0.08446264876146438,0.2736713110657429,0.9565217391304348,-0.436121345598837,1.0
OULB,Difficult,0,OU+L,-5.356872062481146,-0.4869883693164678,0.38304127268142396,1.0,-0.2859358241954319,0.0
OULB,Difficult,1,OU,-6.522204703234983,-0.5929277002940894,0.46672589795943387,1.0,-0.619032768971002,0.0
OULB,Difficult,2,OU,-4.627703263849506,-0.4207002967135915,0.3555192576444542,1.0,-0.007103127206438331,0.0
OULB,Difficult,3,OU+B,-9.021406628260259,-0.8201278752963872,0.518551366228463,0.9090909090909091,-0.6389922655488812,0.0
OULB,Difficult,4,OU+T,-3.8995519896460245,-0.35450472633145674,0.27546964328762485,1.0,-0.21106720711329074,0.0
OULB,Difficult,5,OU,-8.820502095122093,-0.8018638268292811,0.5447706757620291,0.9090909090909091,-0.29021414162234377,0.0
OULB,Difficult,6,OU,-7.295275166286164,-0.6632068332987422,0.46509989154559117,1.0,-0.2422221061865576,0.0
OULB,Difficult,7,OU+B,-8.123009546912947,-0.7384554133557224,0.49276246809137136,1.0,-0.3964087586844723,0.0
OULB,Difficult,8,OU+T,-6.486160766315587,-0.5896509787559624,0.4389049754280426,1.0,-0.2849887783453798,0.0
OULB,Difficult,9,OU,-4.481607154148987,-0.40741883219536246,0.3434934717243178,1.0,-0.3626382342465609,0.0
OULB,Difficult,10,OULB,-7.329580753551307,-0.6663255230501188,0.45935049694321545,0.9090909090909091,-0.30885429288995114,1.0
OULB,Difficult,11,OU+B,-7.121764166708466,-0.6474331060644061,0.45870086939634486,1.0,-0.21008876678191235,0.0
OULB,Difficult,12,OU+T,-3.26681447611266,-0.29698313419206,0.26304562488269445,1.0,-0.11120080265247645,0.0
OULB,Difficult,13,OU+B,-13.340612752239688,-1.2127829774763352,0.6534666665593065,0.8181818181818182,-0.039682673867943996,0.0
OULB,Difficult,14,OU+T,-4.157446143639802,-0.37794964942180015,0.2977227675024244,1.0,0.07968526962994456,0.0
OULB,Difficult,15,OU+B,-10.668403723337583,-0.9698548839397803,0.5752881330338031,0.9090909090909091,-0.34348298197209476,0.0
OULB,Difficult,16,OU,-5.905131929122687,-0.5368301753747897,0.41574719721429465,1.0,-0.43312755932298264,0.0
OULB,Difficult,17,OU+T,-6.021640980572517,-0.5474219073247742,0.44100067097574025,0.9090909090909091,-0.3134072869689848,0.0
OULB,Difficult,18,OU+L,-6.616298690881029,-0.6014816991710027,0.4319060379845932,0.9090909090909091,-0.1664964802484111,0.0
OULB,Difficult,19,OU+B,-16.752171099207306,-1.5229246453824823,0.7551655558456658,0.8181818181818182,-0.4704097289003405,0.0
OULB,Difficult,20,OU,-4.705455225210099,-0.42776865683728177,0.3461124776621923,1.0,-0.6046834532124001,0.0
OULB,Difficult,21,OU+B,-6.322725685475062,-0.5747932441340965,0.4415832783094195,1.0,0.015043432763045718,0.0
OULB,Difficult,22,OU+B,-9.9962476109525,-0.9087497828138636,0.5525753067095579,0.9090909090909091,-0.26425990693171214,0.0
OULB,Difficult,23,OU+B,-11.226346473584096,-1.0205769521440087,0.5874223322899774,0.8181818181818182,-0.5660796893539913,0.0
OULB,Difficult,24,OU+B,-8.612054765817394,-0.7829140696197631,0.5081983815289478,0.9090909090909091,-0.7356340679179871,0.0
OULB,Easy,0,OU,77.89164261734537,1.320197332497379,0.06497647562680725,0.9152542372881356,-0.6157757528728531,0.0
OULB,Easy,1,OU+T,82.13479477543763,1.3921151656853834,0.060207855633251685,0.9491525423728814,-0.46490716085358524,0.0
OULB,Easy,2,OU+T,72.32491409085303,1.2258460015398818,0.07171949952006398,0.9491525423728814,-0.3769709760479654,0.0
OULB,Easy,3,OU+T,79.85504293840751,1.3534753040408052,0.0631656060641832,0.9322033898305084,-0.37493967746831636,0.0
OULB,Easy,4,OU+L,74.9982883793564,1.271157430158583,0.06808959785198404,0.9322033898305084,-0.43063066629714636,0.0
OULB,Easy,5,OU+L,80.61917750400761,1.3664267373560612,0.06205160552320199,0.9830508474576272,-0.44718232913451056,0.0
OULB,Easy,6,OU+B,75.87510337275107,1.286018701233069,0.06588871600424688,0.9661016949152542,-0.5735824233182293,0.0
OULB,Easy,7,OU,82.79252734685518,1.4032631753704268,0.0596135385820823,0.9661016949152542,-0.4320403406943029,0.0
OULB,Easy,8,OU+T,73.69667356467137,1.249096162113074,0.06959311129672692,0.9152542372881356,-0.599477665317278,0.0
OULB,Easy,9,OU,81.27556017061181,1.3775518672985052,0.06120804468240675,0.9322033898305084,-0.5470799429335532,0.0
OULB,Easy,10,OU+T,79.87946745697684,1.3538892789318109,0.06322108038891742,0.9830508474576272,-0.5114857156745198,0.0
OULB,Easy,11,OU,77.57772610355129,1.3148767136195134,0.06514122651283379,0.9491525423728814,-0.5266735552882659,0.0
OULB,Easy,12,OU+T,78.21713484452498,1.325714149907203,0.06374886229533223,0.9322033898305084,-0.3972347959921423,0.0
OULB,Easy,13,OU+T,81.12282107533963,1.374963069073553,0.06210257271119675,0.9661016949152542,-0.5616746252499413,0.0
OULB,Easy,14,OU,86.71492207547044,1.4697444419571262,0.05495092681481337,0.9830508474576272,-0.18805640113407465,0.0
OULB,Easy,15,OU+T,72.69517497757703,1.2321216097894412,0.07142933595451592,0.9491525423728814,-0.5052265482557943,0.0
OULB,Easy,16,OU,76.66231228511509,1.2993612251714421,0.06683839949576102,0.9322033898305084,-0.36132898543241926,0.0
OULB,Easy,17,OU,88.43985784889077,1.4989806415066231,0.05214811768278578,1.0,-0.4810391942885632,0.0
OULB,Easy,18,OU+L,84.89142372320734,1.438837690223853,0.05659221365888446,0.9830508474576272,-0.33604060736330416,0.0
OULB,Easy,19,OU+T,76.15374804292829,1.2907414922530218,0.06807681430788431,0.9152542372881356,-0.4660217839931068,0.0
OULB,Easy,20,OU+T,80.09723712987181,1.3575802903368104,0.06349691629143661,0.9661016949152542,-0.3548951302535144,0.0
OULB,Easy,21,OU+T,81.72091430502745,1.3851002424580923,0.06134803013635184,0.9661016949152542,-0.43174438949724536,0.0
OULB,Easy,22,OU,86.18110278811233,1.4606966574256326,0.0558625865106837,1.0,-0.5338398999928976,0.0
OULB,Easy,23,OU,76.76992963994984,1.301185248134743,0.06769796587943422,0.9491525423728814,-0.39771849212416854,0.0
OULB,Easy,24,OU+T,86.00725390775044,1.4577500662330583,0.05544248014054258,0.9661016949152542,-0.4133492859706753,0.0
OULB,Intermediate,0,OU,0.8909566120978583,0.038737244004254705,0.23669532495108989,1.0,-0.7010659055120931,0.0
OULB,Intermediate,1,OU,-2.033703992761628,-0.08842191272876644,0.26605258697799244,0.9565217391304348,-0.3630824584572023,0.0
OULB,Intermediate,2,OU+L,2.790515248593762,0.12132674993885922,0.21005952571703593,1.0,-0.3823591967341447,0.0
OULB,Intermediate,3,OU+B,-1.6823997241781319,-0.07314781409470139,0.2569511302386866,0.9565217391304348,-0.3839686107433522,0.0
OULB,Intermediate,4,OU,-3.897582435970155,-0.16946010591174587,0.28474177268243983,0.8695652173913043,-0.0707134742816843,0.0
OULB,Intermediate,5,OU,1.5830864946141967,0.0688298475919216,0.2319015803673353,0.9565217391304348,-0.48753872569132545,0.0
OULB,Intermediate,6,OU+T,-2.766879839483948,-0.12029912345582383,0.2733176914382741,0.8695652173913043,-0.3600919517127023,0.0
OULB,Intermediate,7,OU+L,1.1382306123296173,0.049488287492592056,0.23095015724679313,0.9565217391304348,-0.30420021586394536,0.0
OULB,Intermediate,8,OULB,-15.10491023092532,-0.6567352274315357,0.37486162163500397,0.8260869565217391,-0.46795653674988885,1.0
OULB,Intermediate,9,OU+L,4.123307293099233,0.17927423013474927,0.20176915628575784,0.9565217391304348,-0.6394960344235628,0.0
OULB,Intermediate,10,OU,-4.087995228834832,-0.1777389229928188,0.29220527634494287,0.9130434782608695,-0.5337059727427547,0.0
OULB,Intermediate,11,OU+T,-0.060996349228546354,-0.0026520151838498414,0.2507449107283806,0.9565217391304348,-0.5174038924677543,0.0
OULB,Intermediate,12,OU,-0.6593895257255702,-0.028669109814155224,0.249184614700921,0.9130434782608695,-0.1765944517105489,0.0
OULB,Intermediate,13,OU,-1.1247316773119387,-0.04890137727443212,0.25513874394269576,0.9565217391304348,-0.5805196000099972,0.0
OULB,Intermediate,14,OU+T,-2.8320909203081412,-0.1231343878394844,0.28117906011148575,0.9565217391304348,-0.44160080008619823,0.0
OULB,Intermediate,15,OU+T,-2.141257218598327,-0.09309813993905769,0.2633524294897456,1.0,-0.4356919185459613,0.0
OULB,Intermediate,16,OU,-2.9236985359764285,-0.12711732765114905,0.2642121201309098,0.9565217391304348,-0.21681274291867736,0.0
OULB,Intermediate,17,OU+L,5.797406223420756,0.25206114014872855,0.177611805353296,1.0,-0.14765546214901554,0.0
OULB,Intermediate,18,OU+L,3.416124912403766,0.14852717010451155,0.2117309263182264,0.9565217391304348,-0.5379040250835174,0.0
OULB,Intermediate,19,OU,-9.43037872087455,-0.41001646612498044,0.3290459288378517,0.8260869565217391,-0.5755424754329584,0.0
OULB,Intermediate,20,OU+T,0.7082342279967808,0.030792792521599166,0.23835061587615913,0.9565217391304348,-0.25536034528324614,0.0
OULB,Intermediate,21,OULB,3.5423555573295973,0.1540154590143303,0.20233042217657232,1.0,-0.15262400615265692,1.0
OULB,Intermediate,22,OU+T,-7.223914514035995,-0.3140832397406954,0.322739431177991,0.8260869565217391,-0.4970771430539403,0.0
OULB,Intermediate,23,OU,0.8789178639182439,0.03821382017035843,0.24412371235563032,1.0,-0.31625392859454154,0.0
OULB,Intermediate,24,OU+B,-4.664132600438643,-0.20278837393211493,0.2905248303202616,0.8695652173913043,-0.39131667520425256,0.0
