n_observations,noise_sd,missing_probability,interval_pattern,n_fits,observed_n_mean,theta_rmse_naive,theta_rmse_measurement_aware,theta_rmse_improvement,sigma_rmse_naive,sigma_rmse_measurement_aware,sigma_rmse_improvement,theta_boundary_fraction_naive,theta_boundary_fraction_measurement_aware,theta_boundary_reduction,sigma_boundary_fraction_naive,sigma_boundary_fraction_measurement_aware,sigma_boundary_reduction,fit_success_fraction_naive,fit_success_fraction_measurement_aware
5,0.0,0.0,irregular,10,5.0,8.008689145477891,8.008689145477891,0.0,0.24734547483309802,0.24734547483309802,0.0,0.1,0.1,0.0,0.0,0.0,0.0,1.0,1.0
5,0.0,0.0,regular,10,5.0,9.47874220991988,9.47874220991988,0.0,0.4244064281508268,0.4244064281508268,0.0,0.0,0.0,0.0,0.0,0.0,0.0,1.0,1.0
5,0.0,0.1,irregular,10,4.5,8.070537506472448,8.070537506472448,0.0,0.16289520431305068,0.16289520431305068,0.0,0.0,0.0,0.0,0.0,0.0,0.0,1.0,1.0
5,0.0,0.1,regular,10,4.8,11.464149195612443,11.464149195612443,0.0,0.6180743778965618,0.6180743778965618,0.0,0.0,0.0,0.0,0.0,0.0,0.0,1.0,1.0
5,0.0,0.3,irregular,9,4.555555555555555,13.997978943731756,13.997978943731756,0.0,0.40150647875023726,0.40150647875023726,0.0,0.4444444444444444,0.4444444444444444,0.0,0.0,0.0,0.0,1.0,1.0
5,0.0,0.3,regular,7,4.0,11.003099575702322,11.003099575702322,0.0,0.5831883096901143,0.5831883096901143,0.0,0.0,0.0,0.0,0.0,0.0,0.0,1.0,1.0
5,0.1,0.0,irregular,10,5.0,11.925556771785246,9.172527510850085,2.753029260935161,0.4479804292907579,0.3843695887350727,0.06361084055568517,0.3,0.0,0.3,0.0,0.0,0.0,1.0,1.0
5,0.1,0.0,regular,10,5.0,10.85769581046764,11.88045000197612,-1.022754191508481,0.5986802189632747,0.5292942534863533,0.06938596547692144,0.0,0.1,-0.1,0.0,0.0,0.0,1.0,1.0
5,0.1,0.1,irregular,9,4.888888888888889,13.355534910688,12.89504359951738,0.46049131117061926,0.6846146692314792,0.5824928326138324,0.10212183661764673,0.3333333333333333,0.3333333333333333,0.0,0.0,0.0,0.0,1.0,1.0
5,0.1,0.1,regular,9,4.555555555555555,12.028044826568705,13.443620336777096,-1.4155755102083916,0.4889203901822547,0.3935799933867039,0.09534039679555079,0.0,0.1111111111111111,-0.1111111111111111,0.0,0.0,0.0,1.0,1.0
5,0.1,0.3,irregular,7,4.285714285714286,2.949842306920229,12.10957670181107,-9.15973439489084,0.2860924998954167,0.3201892517181719,-0.034096751822755234,0.0,0.2857142857142857,-0.2857142857142857,0.0,0.0,0.0,1.0,1.0
5,0.1,0.3,regular,7,4.428571428571429,9.091736338531092,8.60746190520298,0.48427443332811215,0.5954168067204146,0.45758115560634416,0.13783565111407048,0.0,0.0,0.0,0.0,0.0,0.0,1.0,1.0
5,0.25,0.0,irregular,10,5.0,14.682647384515953,13.579134950464404,1.1035124340515488,0.7109776132997915,0.22670185229042333,0.48427576100936814,0.4,0.5,-0.09999999999999998,0.0,0.0,0.0,1.0,1.0
5,0.25,0.0,regular,10,5.0,12.34516699196132,16.50959426231746,-4.164427270356141,0.8466575831836027,0.30284931246162344,0.5438082707219793,0.0,0.7,-0.7,0.0,0.0,0.0,1.0,1.0
5,0.25,0.1,irregular,9,4.666666666666667,13.93540081082283,14.339810963376813,-0.40441015255398227,0.5712313696059849,0.2314786700809374,0.3397526995250475,0.3333333333333333,0.5555555555555556,-0.22222222222222227,0.0,0.1111111111111111,-0.1111111111111111,1.0,1.0
5,0.25,0.1,regular,10,4.7,12.332765261736208,16.124697185485488,-3.7919319237492797,1.036100174201739,0.687255805557713,0.348844368644026,0.0,0.4,-0.4,0.0,0.0,0.0,1.0,1.0
5,0.25,0.3,irregular,6,4.833333333333333,15.696218073237791,12.792464489217322,2.9037535840204693,1.2561759446705254,0.5566142203065483,0.6995617243639771,0.6666666666666666,0.16666666666666666,0.5,0.0,0.0,0.0,1.0,1.0
5,0.25,0.3,regular,8,4.5,12.235612121312009,16.275064475990668,-4.039452354678659,0.8435060753666453,0.2383242225020251,0.6051818528646202,0.0,0.625,-0.625,0.0,0.0,0.0,1.0,1.0
5,0.5,0.0,irregular,10,5.0,18.298913581700344,17.17580888222572,1.1231046994746237,2.612334508889022,1.1234055701275607,1.4889289387614615,0.8,0.8,0.0,0.0,0.1,-0.1,1.0,1.0
5,0.5,0.0,regular,10,5.0,13.141799156574272,16.51804181705414,-3.3762426604798677,1.526307022963229,0.4470931346134707,1.0792138883497582,0.0,0.7,-0.7,0.0,0.0,0.0,1.0,1.0
5,0.5,0.1,irregular,10,5.0,16.119304803131406,15.211966892217141,0.907337910914265,2.6604860560899755,1.5739799881652077,1.0865060679247678,0.5,0.6,-0.09999999999999998,0.0,0.0,0.0,1.0,1.0
5,0.5,0.1,regular,10,4.9,13.986573636256775,16.918786009968983,-2.9322123737122077,1.9159520679520754,0.6169084213762522,1.2990436465758233,0.0,0.6,-0.6,0.0,0.0,0.0,1.0,1.0
5,0.5,0.3,irregular,7,4.142857142857143,15.350132880431726,16.833724195494725,-1.4835913150629985,2.812964299974886,2.0203244824419246,0.7926398175329612,0.5714285714285714,0.7142857142857143,-0.1428571428571429,0.0,0.0,0.0,1.0,1.0
5,0.5,0.3,regular,8,4.25,12.058395029698277,16.631849972674768,-4.5734549429764915,1.735023748507818,0.23331553404098498,1.501708214466833,0.0,0.75,-0.75,0.0,0.0,0.0,1.0,1.0
10,0.0,0.0,irregular,10,10.0,1.7061983178587115,1.7061983178587115,0.0,0.06204662528732632,0.06204662528732632,0.0,0.0,0.0,0.0,0.0,0.0,0.0,1.0,1.0
10,0.0,0.0,regular,10,10.0,1.591467952209447,1.591467952209447,0.0,0.0676300317116527,0.0676300317116527,0.0,0.0,0.0,0.0,0.0,0.0,0.0,1.0,1.0
10,0.0,0.1,irregular,10,9.6,6.119285179699157,6.119285179699157,0.0,0.11004443841958195,0.11004443841958195,0.0,0.1,0.1,0.0,0.0,0.0,0.0,1.0,1.0
10,0.0,0.1,regular,10,9.6,1.869450597489007,1.869450597489007,0.0,0.08780499742894077,0.08780499742894077,0.0,0.0,0.0,0.0,0.0,0.0,0.0,1.0,1.0
10,0.0,0.3,irregular,10,7.5,8.845588772901216,8.845588772901216,0.0,0.10117457884273119,0.10117457884273119,0.0,0.2,0.2,0.0,0.0,0.0,0.0,1.0,1.0
10,0.0,0.3,regular,10,7.4,6.24394201147925,6.24394201147925,0.0,0.25270557315698067,0.25270557315698067,0.0,0.1,0.1,0.0,0.0,0.0,0.0,1.0,1.0
10,0.1,0.0,irregular,10,10.0,7.3454768178629015,7.3090375810123085,0.036439236850593026,0.3001891278722978,0.3099000064190498,-0.009710878546752011,0.0,0.0,0.0,0.0,0.0,0.0,1.0,1.0
10,0.1,0.0,regular,10,10.0,10.301741092418064,10.452259297153757,-0.15051820473569322,0.3548316359347618,0.2618394629079859,0.09299217302677593,0.2,0.1,0.1,0.0,0.0,0.0,1.0,1.0
10,0.1,0.1,irregular,10,8.7,11.966600372830783,8.27488977286951,3.6917105999612723,0.7931259426157632,0.2014796165947292,0.591646326021034,0.3,0.1,0.19999999999999998,0.0,0.0,0.0,1.0,1.0
10,0.1,0.1,regular,10,9.5,1.6809676072650546,1.6180113210428115,0.06295628622224303,0.14541114962228632,0.10452175388065577,0.04088939574163056,0.0,0.0,0.0,0.0,0.0,0.0,1.0,1.0
10,0.1,0.3,irregular,10,7.8,12.438312794567363,10.854956645033377,1.5833561495339854,0.5472967745980462,0.2760715372081054,0.27122523738994075,0.3,0.3,0.0,0.0,0.0,0.0,1.0,1.0
10,0.1,0.3,regular,10,7.7,6.267724524074675,6.278621034278327,-0.010896510203652454,0.21295833486177773,0.1469169131001558,0.06604142176162192,0.1,0.1,0.0,0.0,0.0,0.0,1.0,1.0
10,0.25,0.0,irregular,10,10.0,16.239000463209873,15.741752747555012,0.49724771565486137,1.2057445532258495,0.3871893763113017,0.8185551769145478,0.7,0.6,0.09999999999999998,0.0,0.0,0.0,1.0,1.0
10,0.25,0.0,regular,10,10.0,13.661168131067297,13.62808563809738,0.03308249296991761,1.111409429315128,0.6134208110495691,0.49798861826555885,0.5,0.4,0.09999999999999998,0.0,0.0,0.0,1.0,1.0
10,0.25,0.1,irregular,10,9.0,11.459443383932205,12.255725476450484,-0.796282092518279,0.9285293375623432,0.415397525589972,0.5131318119723712,0.3,0.4,-0.10000000000000003,0.0,0.0,0.0,1.0,1.0
10,0.25,0.1,regular,10,9.3,12.129893630162885,12.28175229845652,-0.15185866829363626,0.9520365374157802,0.51103357133117,0.4410029660846102,0.3,0.4,-0.10000000000000003,0.0,0.0,0.0,1.0,1.0
10,0.25,0.3,irregular,10,7.4,13.700110756481415,13.961780668920929,-0.26166991243951365,1.1031771745481398,0.5162100597728113,0.5869671147753285,0.5,0.5,0.0,0.0,0.0,0.0,1.0,1.0
10,0.25,0.3,regular,10,7.1,14.803960841167978,14.91000207567678,-0.10604123450880287,1.1178321647042821,0.5916359552548962,0.5261962094493859,0.4,0.5,-0.09999999999999998,0.0,0.0,0.0,1.0,1.0
10,0.5,0.0,irregular,10,10.0,16.169601899861817,14.25075857641733,1.918843323444488,4.109694749980837,1.0324314409378306,3.077263309043006,0.7,0.4,0.29999999999999993,0.0,0.0,0.0,1.0,1.0
10,0.5,0.0,regular,10,10.0,13.407083410758029,13.63114377939194,-0.22406036863391066,2.055358162369764,1.0305640320447302,1.0247941303250336,0.2,0.4,-0.2,0.0,0.0,0.0,1.0,1.0
10,0.5,0.1,irregular,10,8.8,14.789898755945078,13.777322488601042,1.012576267344036,2.627946820427206,0.5939206361482581,2.0340261842789475,0.5,0.5,0.0,0.0,0.0,0.0,1.0,1.0
10,0.5,0.1,regular,10,9.1,14.991371400274463,15.192601248033839,-0.20122984775937525,2.684625075068596,1.5984636406951411,1.0861614343734547,0.4,0.5,-0.09999999999999998,0.0,0.1,-0.1,1.0,1.0
10,0.5,0.3,irregular,10,7.8,18.248431087809255,17.761144097469447,0.4872869903398076,2.924841350006498,0.5749532869752085,2.3498880630312895,0.9,0.8,0.09999999999999998,0.0,0.0,0.0,1.0,1.0
10,0.5,0.3,regular,10,7.4,13.733968401440224,13.579770144134143,0.1541982573060814,2.490626726059483,1.3306194316401703,1.1600072944193127,0.3,0.3,0.0,0.0,0.0,0.0,1.0,1.0
20,0.0,0.0,irregular,10,20.0,1.5147374520034074,1.5147374520034074,0.0,0.0433670484429821,0.0433670484429821,0.0,0.0,0.0,0.0,0.0,0.0,0.0,1.0,1.0
20,0.0,0.0,regular,10,20.0,1.103132054116594,1.103132054116594,0.0,0.04904931331262287,0.04904931331262287,0.0,0.0,0.0,0.0,0.0,0.0,0.0,1.0,1.0
20,0.0,0.1,irregular,10,18.5,1.6355106772700114,1.6355106772700114,0.0,0.046486470208860556,0.046486470208860556,0.0,0.0,0.0,0.0,0.0,0.0,0.0,1.0,1.0
20,0.0,0.1,regular,10,17.9,1.9526050078753898,1.9526050078753898,0.0,0.06323706409920282,0.06323706409920282,0.0,0.0,0.0,0.0,0.0,0.0,0.0,1.0,1.0
20,0.0,0.3,irregular,10,15.0,0.6283999044884914,0.6283999044884914,0.0,0.06224625101651442,0.06224625101651442,0.0,0.0,0.0,0.0,0.0,0.0,0.0,1.0,1.0
20,0.0,0.3,regular,10,15.1,1.0691917580493315,1.0691917580493315,0.0,0.06110252912681137,0.06110252912681137,0.0,0.0,0.0,0.0,0.0,0.0,0.0,1.0,1.0
20,0.1,0.0,irregular,10,20.0,13.818323036529021,10.772895736135567,3.045427300393454,0.6372132950241225,0.239563119832205,0.3976501751919175,0.4,0.3,0.10000000000000003,0.0,0.0,0.0,1.0,1.0
20,0.1,0.0,regular,10,20.0,7.8053151832652,7.805313904505609,1.2787595906615934e-06,0.35218301438161137,0.21951653608299626,0.1326664782986151,0.1,0.1,0.0,0.0,0.0,0.0,1.0,1.0
20,0.1,0.1,irregular,10,17.8,12.327555023083962,4.087253441795856,8.240301581288104,0.7743076660394426,0.17012919977303206,0.6041784662664105,0.3,0.0,0.3,0.0,0.0,0.0,1.0,1.0
20,0.1,0.1,regular,10,18.0,3.574868312405185,3.432838302959205,0.1420300094459801,0.21952046894007302,0.13710918764669955,0.08241128129337347,0.0,0.0,0.0,0.0,0.0,0.0,1.0,1.0
20,0.1,0.3,irregular,10,14.3,13.902330632865713,10.959878771045437,2.9424518618202757,0.5894658465592655,0.2155792753022993,0.37388657125696617,0.5,0.3,0.2,0.0,0.0,0.0,1.0,1.0
20,0.1,0.3,regular,10,14.5,2.2721994276527746,3.2641049039865315,-0.9919054763337569,0.19418932864873156,0.17642679077670395,0.01776253787202761,0.0,0.0,0.0,0.0,0.1,-0.1,1.0,1.0
20,0.25,0.0,irregular,10,20.0,18.43171532898763,12.160184784526589,6.27153054446104,3.6571372411131615,0.2671165020204464,3.3900207390927153,0.9,0.3,0.6000000000000001,0.0,0.0,0.0,1.0,1.0
20,0.25,0.0,regular,10,20.0,13.281176706951586,13.391115820672237,-0.10993911372065135,1.0569280640388887,0.44485297785489214,0.6120750861839965,0.4,0.4,0.0,0.0,0.0,0.0,1.0,1.0
20,0.25,0.1,irregular,10,18.6,16.446725914361238,14.658090523774211,1.788635390587027,1.515524928384755,0.5251070151991122,0.9904179131856428,0.6,0.5,0.09999999999999998,0.0,0.0,0.0,1.0,1.0
20,0.25,0.1,regular,10,18.2,11.526822326160069,11.4941941796795,0.03262814648056889,0.9798008662717622,0.37324010943492736,0.6065607568368349,0.3,0.3,0.0,0.0,0.0,0.0,1.0,1.0
20,0.25,0.3,irregular,10,15.3,16.387772131453822,11.557331682588856,4.830440448864966,2.194427342670871,0.6267093452219706,1.5677179974489004,0.7,0.3,0.39999999999999997,0.0,0.0,0.0,1.0,1.0
20,0.25,0.3,regular,10,14.6,4.505889844592986,4.447132772007311,0.05875707258567431,0.676893573670673,0.3238815342719299,0.35301203939874315,0.0,0.0,0.0,0.0,0.0,0.0,1.0,1.0
20,0.5,0.0,irregular,10,20.0,18.633389438159924,16.288899154804994,2.3444902833549293,4.012029981261212,1.3575332649146907,2.654496716346521,0.9,0.7,0.20000000000000007,0.0,0.0,0.0,1.0,1.0
20,0.5,0.0,regular,10,20.0,16.448798070324287,16.461814844791,-0.013016774466713343,2.8355128189863055,1.2062277737324028,1.6292850452539027,0.6,0.7,-0.09999999999999998,0.0,0.0,0.0,1.0,1.0
20,0.5,0.1,irregular,10,18.2,17.07870026405961,15.52411612362491,1.5545841404346987,3.2192961915602094,1.113519129626573,2.1057770619336367,0.7,0.5,0.19999999999999996,0.0,0.0,0.0,1.0,1.0
20,0.5,0.1,regular,10,18.1,15.788013756220073,15.915838469678567,-0.12782471345849444,2.5228393082157923,0.6800692457855382,1.842770062430254,0.6,0.6,0.0,0.0,0.0,0.0,1.0,1.0
20,0.5,0.3,irregular,10,13.9,15.646209591729999,15.085133402681452,0.5610761890485474,2.9523766652142487,0.839328496511211,2.113048168703038,0.6,0.5,0.09999999999999998,0.0,0.0,0.0,1.0,1.0
20,0.5,0.3,regular,10,13.1,16.774538834506284,17.183730718238433,-0.40919188373214865,2.2747677075667356,0.34392589894784986,1.9308418086188857,0.7,0.7,0.0,0.0,0.0,0.0,1.0,1.0
40,0.0,0.0,irregular,10,40.0,1.462187930198076,1.462187930198076,0.0,0.026209434666762486,0.026209434666762486,0.0,0.0,0.0,0.0,0.0,0.0,0.0,1.0,1.0
40,0.0,0.0,regular,10,40.0,1.142401284406401,1.142401284406401,0.0,0.0448346759571236,0.0448346759571236,0.0,0.0,0.0,0.0,0.0,0.0,0.0,1.0,1.0
40,0.0,0.1,irregular,10,36.1,3.1467864718057825,3.1467864718057825,0.0,0.04682720125061866,0.04682720125061866,0.0,0.0,0.0,0.0,0.0,0.0,0.0,1.0,1.0
40,0.0,0.1,regular,10,36.4,1.0676515810133735,1.0676515810133735,0.0,0.02832588487764551,0.02832588487764551,0.0,0.0,0.0,0.0,0.0,0.0,0.0,1.0,1.0
40,0.0,0.3,irregular,10,29.1,1.426581349400937,1.426581349400937,0.0,0.03223523284859729,0.03223523284859729,0.0,0.0,0.0,0.0,0.0,0.0,0.0,1.0,1.0
40,0.0,0.3,regular,10,26.9,1.1824342308230056,1.1824342308230056,0.0,0.0402208350539424,0.0402208350539424,0.0,0.0,0.0,0.0,0.0,0.0,0.0,1.0,1.0
40,0.1,0.0,irregular,10,40.0,15.931057007493377,8.24819194085345,7.682865066639927,1.0014742473934397,0.2689703607774653,0.7325038866159744,0.5,0.1,0.4,0.0,0.0,0.0,1.0,1.0
40,0.1,0.0,regular,10,40.0,3.122060360656878,3.1340101857964004,-0.011949825139522474,0.2351128961574037,0.13475087639571204,0.10036201976169165,0.0,0.0,0.0,0.0,0.0,0.0,1.0,1.0
40,0.1,0.1,irregular,10,36.9,17.331678007299512,12.046934616638396,5.2847433906611165,1.3035461892692388,0.4025850781308024,0.9009611111384364,0.7,0.2,0.49999999999999994,0.0,0.0,0.0,1.0,1.0
40,0.1,0.1,regular,10,36.1,4.815194844816317,4.8021366991519185,0.01305814566439878,0.3186695486545983,0.17937768550444375,0.13929186315015454,0.0,0.0,0.0,0.0,0.0,0.0,1.0,1.0
40,0.1,0.3,irregular,10,28.0,12.716247345943193,7.022189731667204,5.694057614275989,0.7892591410350541,0.14152224570483493,0.6477368953302192,0.3,0.1,0.19999999999999998,0.0,0.0,0.0,1.0,1.0
40,0.1,0.3,regular,10,27.8,9.086877294603303,8.974612675781895,0.11226461882140804,0.38169275488509946,0.24254681090001834,0.13914594398508112,0.2,0.2,0.0,0.0,0.0,0.0,1.0,1.0
40,0.25,0.0,irregular,10,40.0,19.199999999999996,16.348083113210986,2.8519168867890095,2.0694069960841164,0.5305751422175276,1.5388318538665888,1.0,0.6,0.4,0.0,0.0,0.0,1.0,1.0
40,0.25,0.0,regular,10,40.0,12.391269471884181,12.392031182229164,-0.0007617103449835128,1.248019122069104,0.5309430548928248,0.7170760671762791,0.3,0.3,0.0,0.0,0.0,0.0,1.0,1.0
40,0.25,0.1,irregular,10,36.3,18.50769416585982,14.876101988980762,3.6315921768790584,5.9272236654328925,0.5824572032434089,5.344766462189484,0.9,0.5,0.4,0.0,0.0,0.0,1.0,1.0
40,0.25,0.1,regular,10,36.3,8.488070538896437,9.39512048399887,-0.9070499451024325,0.9263081168867132,0.3074008649718182,0.618907251914895,0.0,0.0,0.0,0.0,0.0,0.0,1.0,1.0
40,0.25,0.3,irregular,10,27.2,19.199999999999996,16.35960549178731,2.840394508212686,1.9126392968108243,0.395392137145468,1.5172471596653563,1.0,0.7,0.30000000000000004,0.0,0.0,0.0,1.0,1.0
40,0.25,0.3,regular,10,28.7,12.88259102311818,13.318306591798136,-0.43571556867995476,1.207937274732909,0.5675428016258152,0.6403944731070937,0.2,0.4,-0.2,0.0,0.0,0.0,1.0,1.0
40,0.5,0.0,irregular,10,40.0,19.199999999999996,18.495289376269398,0.7047106237305982,4.810312029488983,0.9078129867920957,3.9024990426968875,1.0,0.9,0.09999999999999998,0.0,0.0,0.0,1.0,1.0
40,0.5,0.0,regular,10,40.0,17.14201395546691,17.396404125479226,-0.25439017001231434,2.821799701932598,1.060179589894384,1.7616201120382142,0.6,0.6,0.0,0.0,0.0,0.0,1.0,1.0
40,0.5,0.1,irregular,10,36.6,19.199999999999996,18.581674480712635,0.6183255192873602,4.585424608221616,0.7036006291509173,3.8818239790706985,1.0,0.8,0.19999999999999996,0.0,0.0,0.0,1.0,1.0
40,0.5,0.1,regular,10,37.7,17.347881204810395,17.948055096080076,-0.6001738912696801,2.7816753748894882,0.899542626028384,1.8821327488611042,0.6,0.7,-0.09999999999999998,0.0,0.0,0.0,1.0,1.0
40,0.5,0.3,irregular,10,28.6,19.199999999999996,19.199999999999996,0.0,5.351515686003765,1.508657571036759,3.8428581149670062,1.0,1.0,0.0,0.0,0.0,0.0,1.0,1.0
40,0.5,0.3,regular,10,28.2,15.87945568203052,16.66090141469068,-0.7814457326601616,2.7406375463005457,1.0603004119442005,1.6803371343563451,0.4,0.5,-0.09999999999999998,0.0,0.0,0.0,1.0,1.0
