branch_separation,switching_rate,diffusion_sigma,observation_noise,n_observations,n_replicates,mean_true_transitions,state_accuracy_mean,state_accuracy_sd,ari_mean,ari_sd,transition_f1_mean
0.2,0.05,0.1,0.0,20,50,0.26,0.884,0.14757910365879956,0.5017103769657284,0.46077555729794656,0.045454545454545456
0.2,0.05,0.1,0.0,40,50,0.26,0.9259999999999999,0.0936722466684683,0.45017581517048216,0.4635758537049272,0.11666666666666665
0.2,0.05,0.1,0.1,20,50,0.22,0.7829999999999999,0.1311682203920459,0.09351292903680203,0.2509497894894535,0.10388888888888888
0.2,0.05,0.1,0.1,40,50,0.28,0.7925,0.1302714982845677,0.017754953766339315,0.06472439186347932,0.07633477633477634
0.2,0.05,0.1,0.25,20,50,0.18,0.674,0.10701897600187459,0.006223031900404103,0.07286634806643441,0.11119505494505494
0.2,0.05,0.1,0.25,40,50,0.22,0.6409999999999999,0.10946996606096007,0.010821634368516799,0.045845613633346986,0.03826043237807943
0.2,0.05,0.1,0.5,20,50,0.28,0.58,0.1199489687410476,0.00885165405879914,0.07424289095589884,0.08485958485958486
0.2,0.05,0.1,0.5,40,50,0.26,0.5715,0.07319424812909599,-0.0013453988981103437,0.017602858751533997,0.0558958972258205
0.2,0.05,0.2,0.0,20,50,0.18,0.736,0.228803453663102,0.19359386110136945,0.39905637877918226,0.02857142857142857
0.2,0.05,0.2,0.0,40,50,0.2,0.736,0.19943542763490735,0.1335081786771886,0.29439743931841267,0.0
0.2,0.05,0.2,0.1,20,50,0.38,0.6829999999999999,0.1907584218591779,0.02820388916795925,0.10734108010867027,0.09238095238095238
0.2,0.05,0.2,0.1,40,50,0.3,0.696,0.17160407682707737,0.0435373087948928,0.1757546049017669,0.05034965034965035
0.2,0.05,0.2,0.25,20,50,0.14,0.649,0.1489726724700109,0.012980996679068942,0.06754272468545638,0.09
0.2,0.05,0.2,0.25,40,50,0.34,0.5915,0.14415570521813828,-0.0016830151841261767,0.009468479063544902,0.05629867869686874
0.2,0.05,0.2,0.5,20,50,0.28,0.561,0.11441510532499899,-0.002516863689350639,0.025193002011383088,0.10714840714840715
0.2,0.05,0.2,0.5,40,50,0.32,0.58,0.09422075684480655,0.005803203339516464,0.03013706886776161,0.05861678004535147
0.2,0.05,0.35,0.0,20,50,0.28,0.659,0.22078015660611439,0.06308145313312567,0.21539836589026656,0.1501831501831502
0.2,0.05,0.35,0.0,40,50,0.36,0.647,0.22670217809059617,0.07732807844019635,0.25053612608685727,0.043333333333333335
0.2,0.05,0.35,0.1,20,50,0.32,0.6859999999999999,0.21190101655331087,0.0970758234286849,0.2917183773974219,0.10603174603174605
0.2,0.05,0.35,0.1,40,50,0.14,0.684,0.23390866872803678,0.07589563349633088,0.24271487273189213,0.0196078431372549
0.2,0.05,0.35,0.25,20,50,0.28,0.5529999999999999,0.16175378114370534,0.004465572122254052,0.04372021958822582,0.07852504638218924
0.2,0.05,0.35,0.25,40,50,0.2,0.618,0.18406132518422064,0.0033222600472924842,0.02348299056222299,0.03333333333333334
0.2,0.05,0.35,0.5,20,50,0.06,0.5710000000000001,0.14253177232620448,-0.0013152303017539778,0.007279222174757192,0.11111111111111112
0.2,0.05,0.35,0.5,40,50,0.2,0.5720000000000001,0.13920693742975393,0.005634166539462149,0.030394628071699303,0.026783216783216785
0.2,0.15,0.1,0.0,20,50,0.76,0.852,0.1199319534960877,0.32047541060868795,0.3984937954552345,0.04285714285714286
0.2,0.15,0.1,0.0,40,50,0.62,0.8545,0.13041241489667948,0.3097645633573861,0.41542942311516057,0.026515151515151512
0.2,0.15,0.1,0.1,20,50,0.64,0.7140000000000001,0.15420632878301296,0.07867865687297743,0.21657697483586785,0.11416638916638917
0.2,0.15,0.1,0.1,40,50,0.68,0.7475,0.15569544446955225,0.06289643819383384,0.1764062910207967,0.04573758896300166
0.2,0.15,0.1,0.25,20,50,0.86,0.615,0.12747548783981963,0.01651023839938553,0.055511198406063354,0.14479660124821414
0.2,0.15,0.1,0.25,40,50,0.74,0.6195,0.10180638887774444,0.01709550100622568,0.06654790939487037,0.06722070971753148
0.2,0.15,0.1,0.5,20,50,0.86,0.584,0.12265764533523243,0.018503162263067804,0.09712611437300323,0.1125940725940726
0.2,0.15,0.1,0.5,40,50,0.64,0.588,0.07877247006928453,0.008267141398168329,0.025764619650994205,0.03977185013590522
0.2,0.15,0.2,0.0,20,50,0.76,0.6809999999999999,0.20351252280578586,0.15957902091583911,0.33995273198416076,0.06873582766439909
0.2,0.15,0.2,0.0,40,50,0.98,0.6515000000000001,0.1892796494985283,0.11057397383597546,0.23893986231678235,0.07515432098765433
0.2,0.15,0.2,0.1,20,50,0.82,0.6629999999999999,0.19425682558333515,0.016282752692528553,0.0850909874696354,0.09697051919274141
0.2,0.15,0.2,0.1,40,50,0.64,0.708,0.17521415467935234,0.07395387156193345,0.1491499017846039,0.05503011481272351
0.2,0.15,0.2,0.25,20,50,0.78,0.604,0.12969351627304004,0.007368878615629357,0.056152759782814726,0.07525019783084298
0.2,0.15,0.2,0.25,40,50,0.78,0.6085,0.1250112239858845,0.022514857110009757,0.06356852516741054,0.05994125303005782
0.2,0.15,0.2,0.5,20,50,0.7,0.564,0.15018356115373055,0.026541171643999516,0.09860770919328225,0.1236702910615954
0.2,0.15,0.2,0.5,40,50,0.72,0.552,0.10664646917622309,-0.0007768058358225982,0.02793169488872219,0.0532386724294359
0.2,0.15,0.35,0.0,20,50,0.66,0.598,0.20577380091463818,0.03715200236251393,0.14675628317790024,0.06121212121212121
0.2,0.15,0.35,0.0,40,50,0.66,0.6585,0.16641554210187587,0.08972851730254568,0.209484112088177,0.04442857142857143
0.2,0.15,0.35,0.1,20,50,0.56,0.626,0.19903850514564322,0.03939440168651283,0.10583656942518438,0.12602767602767603
0.2,0.15,0.35,0.1,40,50,0.82,0.6305,0.18470122039750178,0.07930214387424435,0.19828630950577297,0.06526117930916692
0.2,0.15,0.35,0.25,20,50,0.62,0.551,0.1655202065474491,0.020189759613345938,0.07448253173994653,0.16295093795093793
0.2,0.15,0.35,0.25,40,50,0.74,0.5579999999999999,0.16845940587741434,0.020311219303620117,0.07457877947522079,0.06835523319189381
0.2,0.15,0.35,0.5,20,50,0.86,0.573,0.1302313483061304,0.024857726658066896,0.11682526988184298,0.15485424537148673
0.2,0.15,0.35,0.5,40,50,0.64,0.5760000000000001,0.13739188699572075,0.008471429652445584,0.06283726052286284,0.07208734150839413
0.2,0.35,0.1,0.0,20,50,1.52,0.757,0.18979312045337304,0.2758689064429623,0.3714886754415005,0.03935185185185185
0.2,0.35,0.1,0.0,40,50,1.94,0.6934999999999999,0.20452845218966978,0.19714739373461132,0.29063585367304345,0.0863499245852187
0.2,0.35,0.1,0.1,20,50,1.48,0.7090000000000001,0.13949252046366545,0.07056009146743704,0.1559253819867667,0.09123070661532201
0.2,0.35,0.1,0.1,40,50,1.76,0.6970000000000001,0.10887176504718656,0.10804103942238291,0.14366255783863352,0.09445614602161233
0.2,0.35,0.1,0.25,20,50,1.74,0.5710000000000001,0.110698155507005,0.013265274830915583,0.08818398063791581,0.17253960509774463
0.2,0.35,0.1,0.25,40,50,1.8,0.5855,0.0921802249810176,0.0035039195511961264,0.03413451888680016,0.09449243444132943
0.2,0.35,0.1,0.5,20,50,1.5,0.539,0.11261728580117925,0.00552277947539071,0.08749591974408659,0.1458544101401244
0.2,0.35,0.1,0.5,40,50,2.18,0.5435,0.07280985860585144,0.0034092590120845686,0.038533140068651134,0.10939837311086772
0.2,0.35,0.2,0.0,20,50,1.4,0.669,0.18319444336996865,0.14399329275649753,0.29165878886376934,0.12362232362232363
0.2,0.35,0.2,0.0,40,50,1.62,0.7090000000000001,0.1816000314663283,0.17507106992532603,0.277142776033586,0.08344448344448345
0.2,0.35,0.2,0.1,20,50,1.52,0.622,0.1750102037841549,0.03585033057275387,0.11520134388798171,0.11251896251896253
0.2,0.35,0.2,0.1,40,50,1.88,0.6135,0.17218656825000686,0.06211241244101075,0.09978443426623537,0.10000796279087681
0.2,0.35,0.2,0.25,20,50,1.32,0.603,0.14512837385555993,0.031087641737500976,0.10647456276087376,0.14465264893836322
0.2,0.35,0.2,0.25,40,50,1.54,0.578,0.12521817694222628,0.018439301406680306,0.06302820672724602,0.08220578409272405
0.2,0.35,0.2,0.5,20,50,1.78,0.551,0.11714721246258958,0.010135166039168742,0.0745848454495368,0.16043283105783107
0.2,0.35,0.2,0.5,40,50,1.6,0.5405,0.0856979151033514,0.00021575528084397707,0.04360445095523587,0.07060107852607832
0.2,0.35,0.35,0.0,20,50,1.42,0.611,0.18413892271093274,0.04956299105464985,0.14636757665526598,0.11856261022927689
0.2,0.35,0.35,0.0,40,50,1.64,0.6325,0.2006526341512534,0.09722935967239024,0.16014004621424183,0.07720484643561566
0.2,0.35,0.35,0.1,20,50,1.82,0.585,0.21765212835989411,0.08644318450087178,0.2084748141555652,0.14780333626487474
0.2,0.35,0.35,0.1,40,50,1.62,0.58,0.1951582298902036,0.0387775674129432,0.11986475707793885,0.10382964988228145
0.2,0.35,0.35,0.25,20,50,1.5,0.617,0.16086818028613184,0.06078260077691595,0.15388201160927334,0.13946295869372793
0.2,0.35,0.35,0.25,40,50,1.66,0.5765,0.1518936590956627,0.02548456620432642,0.0897154937793233,0.1117652633346658
0.2,0.35,0.35,0.5,20,50,1.3,0.5820000000000001,0.14454714646446815,0.023760334652875012,0.10591704728897536,0.13516298516298517
0.2,0.35,0.35,0.5,40,50,1.7,0.527,0.1011212648461323,0.0038214796869505143,0.047810121314988074,0.09762193355327406
0.2,0.7,0.1,0.0,20,50,2.82,0.723,0.14749956762302588,0.1229799494038053,0.22522750315223677,0.13285048285048284
0.2,0.7,0.1,0.0,40,50,2.92,0.7165,0.17206800387981394,0.17079541071637866,0.2729425008299408,0.08321597102084907
0.2,0.7,0.1,0.1,20,50,2.8,0.6709999999999999,0.14917801993810298,0.11339691760855192,0.20495886111736233,0.22836177428014162
0.2,0.7,0.1,0.1,40,50,3.18,0.6485,0.13338317520801277,0.0669396295925421,0.1366432010621918,0.1389167938486908
0.2,0.7,0.1,0.25,20,50,2.88,0.561,0.14152594050821454,0.013504527756055287,0.08962107140252089,0.24420761090063822
0.2,0.7,0.1,0.25,40,50,3.0,0.5870000000000001,0.08678497942075707,0.020844570434203194,0.05036890099602365,0.13290876263921556
0.2,0.7,0.1,0.5,20,50,2.68,0.525,0.11077187442336303,0.00180816978034246,0.0733233793595706,0.23513039668760635
0.2,0.7,0.1,0.5,40,50,3.1,0.5125,0.07973969129202181,-0.004000583028374363,0.02242347917956035,0.14951867038871233
0.2,0.7,0.2,0.0,20,50,2.96,0.648,0.1696214272178741,0.12357913391585436,0.21653936636197496,0.1616472899081595
0.2,0.7,0.2,0.0,40,50,3.74,0.6325,0.19886476278504198,0.13463235930999756,0.22788077539734264,0.13939792846042845
0.2,0.7,0.2,0.1,20,50,3.22,0.61,0.153197218496623,0.07338282858591458,0.16396246731264072,0.20119478630116927
0.2,0.7,0.2,0.1,40,50,3.54,0.604,0.13816952025150345,0.05633393280962729,0.13017708759153235,0.125314092161568
0.2,0.7,0.2,0.25,20,50,2.96,0.58,0.15016997172591887,0.05147878125299558,0.12004150077848402,0.22654057456936055
0.2,0.7,0.2,0.25,40,50,3.22,0.5575,0.10279884260445896,0.0051943523837229355,0.04203324131282176,0.12147327840305419
0.2,0.7,0.2,0.5,20,50,3.34,0.546,0.1063494432596271,0.002341392273116115,0.05111916341628668,0.24556223664679547
0.2,0.7,0.2,0.5,40,50,3.12,0.5305,0.1002916664900277,0.004146420210597619,0.04386419303294616,0.1412840117559724
0.2,0.7,0.35,0.0,20,50,3.16,0.62,0.15616579363625321,0.06352111324451833,0.15569242715141127,0.18226616378790292
0.2,0.7,0.35,0.0,40,50,3.5,0.5575,0.13648745924300973,0.030833749546164167,0.09598467216560783,0.09005612516138832
0.2,0.7,0.35,0.1,20,50,2.92,0.599,0.13571052626371877,0.02857695177865785,0.10280430844184728,0.18630719162634057
0.2,0.7,0.35,0.1,40,50,3.1,0.5915,0.15872659718226564,0.045923877499578755,0.11045684964278836,0.09514502397382314
0.2,0.7,0.35,0.25,20,50,2.94,0.499,0.14794165976450838,0.027786468003485675,0.11660324170767107,0.24795275646339476
0.2,0.7,0.35,0.25,40,50,2.76,0.5735,0.13678245053920554,0.031301757349520995,0.06888854440459605,0.11302290586178054
0.2,0.7,0.35,0.5,20,50,2.68,0.5479999999999999,0.1316922820170459,0.019500624116384518,0.09722944276453017,0.2200692517359184
0.2,0.7,0.35,0.5,40,50,3.18,0.525,0.09556491543042608,0.006744142949934092,0.042431654401279655,0.12817439134866812
0.5,0.05,0.1,0.0,20,50,0.2,0.97,0.0685118789044674,0.8585150963140374,0.30236001620099656,0.0
0.5,0.05,0.1,0.0,40,50,0.22,0.965,0.07542397172122453,0.8674357945584339,0.27806558811954785,0.0
0.5,0.05,0.1,0.1,20,50,0.16,0.953,0.07916013220436312,0.6105814157425301,0.4678217605684115,0.07142857142857142
0.5,0.05,0.1,0.1,40,50,0.18,0.9440000000000001,0.07363727982205642,0.44041566054640463,0.46145218202071914,0.031746031746031744
0.5,0.05,0.1,0.25,20,50,0.3,0.785,0.11877349391654204,0.03665786704431648,0.157454580746504,0.05811965811965812
0.5,0.05,0.1,0.25,40,50,0.24,0.815,0.0861595577272487,0.03683825932113233,0.08988268409315055,0.04372294372294372
0.5,0.05,0.1,0.5,20,50,0.14,0.696,0.11195844710226656,0.004404559326504147,0.02301802114644959,0.08624708624708625
0.5,0.05,0.1,0.5,40,50,0.28,0.6825,0.0861965599010512,0.013328500573567879,0.042139431520066946,0.06300464241640712
0.5,0.05,0.2,0.0,20,50,0.24,0.96,0.06776309271789385,0.6989553428865016,0.44201297436767745,0.1
0.5,0.05,0.2,0.0,40,50,0.26,0.922,0.10745668325195133,0.6247244902652314,0.44005205762257865,0.0
0.5,0.05,0.2,0.1,20,50,0.28,0.892,0.12509588159422647,0.3586182375598736,0.4543706343100969,0.0
0.5,0.05,0.2,0.1,40,50,0.26,0.8859999999999999,0.11329481138037294,0.2552788419870702,0.4146484241444661,0.02813852813852814
0.5,0.05,0.2,0.25,20,50,0.36,0.7859999999999999,0.14429278624818814,0.08346133728993685,0.23718759738512243,0.13608465608465609
0.5,0.05,0.2,0.25,40,50,0.24,0.8029999999999999,0.10614295327817219,0.024235151854420902,0.08207383425235433,0.08738963421625962
0.5,0.05,0.2,0.5,20,50,0.28,0.69,0.11203133672398659,0.026811583321973007,0.11599616058478572,0.1626068376068376
0.5,0.05,0.2,0.5,40,50,0.26,0.6729999999999999,0.09946797248873833,0.011808365889453604,0.04848433047314641,0.07435049518382852
0.5,0.05,0.35,0.0,20,50,0.3,0.813,0.17837417677112208,0.2547685862796171,0.4157986902812805,0.12037037037037039
0.5,0.05,0.35,0.0,40,50,0.22,0.8395,0.15576424493445215,0.21070549262691302,0.37895270476371307,0.06709401709401709
0.5,0.05,0.35,0.1,20,50,0.18,0.794,0.17515008141707544,0.25681255355459465,0.4308475396531897,0.08333333333333333
0.5,0.05,0.35,0.1,40,50,0.26,0.8059999999999999,0.16579739295358076,0.19608192070275984,0.386857537487407,0.024691358024691357
0.5,0.05,0.35,0.25,20,50,0.22,0.713,0.1656188148633322,0.04143463823228227,0.20093187732655143,0.11897546897546898
0.5,0.05,0.35,0.25,40,50,0.16,0.752,0.1488767467211912,0.008802619592402462,0.05114982609406707,0.032563025210084036
0.5,0.05,0.35,0.5,20,50,0.24,0.6809999999999999,0.11512637244633854,0.007719232030537907,0.04189186959523114,0.07626262626262627
0.5,0.05,0.35,0.5,40,50,0.26,0.6245,0.1351010581689401,0.01708927652893701,0.062209402469201085,0.045020242914979754
0.5,0.15,0.1,0.0,20,50,0.64,0.925,0.08645513169221575,0.6585120944540972,0.3762884271449117,0.0
0.5,0.15,0.1,0.0,40,50,0.58,0.9225,0.10894320744764036,0.6540663705185767,0.4272401689515415,0.02666666666666667
0.5,0.15,0.1,0.1,20,50,0.66,0.903,0.10566118357412863,0.550252147761195,0.4102298438503508,0.03933747412008282
0.5,0.15,0.1,0.1,40,50,0.7,0.8835,0.13089273533418613,0.45938261479699555,0.4306369552224052,0.03587962962962963
0.5,0.15,0.1,0.25,20,50,0.78,0.768,0.11237691679598362,0.058939947028904004,0.14330543720841885,0.09074074074074075
0.5,0.15,0.1,0.25,40,50,0.66,0.768,0.10449587434488523,0.05662086991634615,0.11584052262150887,0.09770642085812364
0.5,0.15,0.1,0.5,20,50,0.76,0.632,0.12195683411664596,0.008555840383940088,0.06867825657289622,0.12016772116772118
0.5,0.15,0.1,0.5,40,50,0.7,0.6585,0.0960455355441323,0.018588493147526218,0.05737258150813431,0.08390558296192971
0.5,0.15,0.2,0.0,20,50,0.54,0.8690000000000001,0.15215794693780055,0.5053690150230652,0.4661626082049896,0.1574074074074074
0.5,0.15,0.2,0.0,40,50,0.76,0.863,0.14367977432826234,0.39600945104161406,0.4001435735842314,0.05864197530864198
0.5,0.15,0.2,0.1,20,50,0.7,0.855,0.12340823245122137,0.2417734210482965,0.34922295671877396,0.08355555555555556
0.5,0.15,0.2,0.1,40,50,0.94,0.809,0.15540926875938424,0.14185380588908159,0.24361365784256542,0.09702861952861953
0.5,0.15,0.2,0.25,20,50,0.82,0.7340000000000001,0.12914159291416596,0.08600322724696087,0.1862256688238003,0.08819628647214853
0.5,0.15,0.2,0.25,40,50,0.7,0.7645000000000001,0.10535290548379553,0.09276570021244038,0.14021467971354395,0.0536468433527257
0.5,0.15,0.2,0.5,20,50,0.62,0.675,0.11439726698604975,0.028184222650926287,0.11169065064205955,0.08332235397452789
0.5,0.15,0.2,0.5,40,50,0.68,0.627,0.09145089013302413,0.022834522143458876,0.07221933944832667,0.07407898617263943
0.5,0.15,0.35,0.0,20,50,0.78,0.778,0.1959175170049573,0.2613722928493191,0.4000458702933317,0.16266390614216703
0.5,0.15,0.35,0.0,40,50,0.72,0.733,0.17695266287332095,0.15323645065603647,0.3319454563680758,0.008
0.5,0.15,0.35,0.1,20,50,0.8,0.768,0.16374444997605012,0.16765623337661237,0.32122940853603876,0.12826617826617828
0.5,0.15,0.35,0.1,40,50,0.74,0.7304999999999999,0.18641967685404712,0.1578011737038309,0.32176046441467226,0.05323842823842824
0.5,0.15,0.35,0.25,20,50,0.7,0.7170000000000001,0.1420010060326536,0.10702107897168771,0.23853351355600005,0.0810929810929811
0.5,0.15,0.35,0.25,40,50,0.6,0.7254999999999999,0.16370160135354295,0.08994093153402401,0.19201007456816013,0.06343807850067104
0.5,0.15,0.35,0.5,20,50,0.94,0.642,0.13490737563232041,0.02904494804892486,0.11482911819156591,0.12289186507936509
0.5,0.15,0.35,0.5,40,50,0.66,0.629,0.12199029737262396,0.010688901902156853,0.08028930151105457,0.0703494098093744
0.5,0.35,0.1,0.0,20,50,1.86,0.83,0.12494896917525643,0.40124709254383845,0.35913779765328857,0.06608187134502924
0.5,0.35,0.1,0.0,40,50,1.6,0.8554999999999999,0.1212488165311484,0.44201043437274934,0.386168419118984,0.04444444444444444
0.5,0.35,0.1,0.1,20,50,1.46,0.805,0.11123151073141027,0.2890563375261681,0.30911522167075506,0.06521592442645074
0.5,0.35,0.1,0.1,40,50,1.64,0.8234999999999999,0.12861209674276922,0.2935810700703803,0.31640995284829,0.05654979940694227
0.5,0.35,0.1,0.25,20,50,1.58,0.7190000000000001,0.12449489785463792,0.07991293111253857,0.16360925709689686,0.18070232236898903
0.5,0.35,0.1,0.25,40,50,1.78,0.715,0.09806807298389986,0.10313181239859298,0.13166634323834325,0.08893087446795887
0.5,0.35,0.1,0.5,20,50,1.78,0.619,0.13472950981995935,0.038370244489043484,0.09914108451844197,0.20676340343523006
0.5,0.35,0.1,0.5,40,50,1.44,0.6125,0.09964861734502649,0.006248481539037251,0.046838922316663346,0.09172791735896824
0.5,0.35,0.2,0.0,20,50,1.58,0.8009999999999999,0.13757743645092446,0.31405042392231314,0.3093137386908185,0.14780774780774783
0.5,0.35,0.2,0.0,40,50,1.56,0.807,0.15771325051420093,0.32541710885634423,0.34098457703516266,0.05333092833092833
0.5,0.35,0.2,0.1,20,50,1.78,0.726,0.15126675990798913,0.16149289679787165,0.2927878210358255,0.13940926798069656
0.5,0.35,0.2,0.1,40,50,1.58,0.7655,0.15607510620054116,0.14747954475748065,0.23549592070164718,0.12342228364784756
0.5,0.35,0.2,0.25,20,50,1.5,0.7340000000000001,0.13644165980598538,0.14658139284421748,0.23354385912944728,0.17354784104784104
0.5,0.35,0.2,0.25,40,50,1.48,0.701,0.11372182315292209,0.06827199047950805,0.12685689215710863,0.09918741855716647
0.5,0.35,0.2,0.5,20,50,1.66,0.627,0.12046254392879109,0.027589870356618147,0.09373148203659797,0.1712396730253873
0.5,0.35,0.2,0.5,40,50,1.84,0.62,0.09476070829586856,0.02907528979906285,0.06269904919875914,0.09203658957481507
0.5,0.35,0.35,0.0,20,50,1.68,0.7070000000000001,0.21712640915149037,0.21242375269417535,0.32409905569853803,0.11346938775510204
0.5,0.35,0.35,0.0,40,50,1.44,0.7505,0.18948708964691272,0.23460191130808575,0.3040624169589841,0.08489519739519741
0.5,0.35,0.35,0.1,20,50,1.8,0.6890000000000001,0.1688164079461375,0.10552713899949427,0.17222844228976342,0.2103552532123961
0.5,0.35,0.35,0.1,40,50,1.72,0.695,0.1569804355416851,0.14896875403191903,0.2103828470299714,0.06135608577469043
0.5,0.35,0.35,0.25,20,50,1.76,0.684,0.15663554474496208,0.0843565109229785,0.1934627550328481,0.15700371057513915
0.5,0.35,0.35,0.25,40,50,1.8,0.652,0.1347560153517066,0.04486715707786683,0.08939271018614406,0.07887662415357932
0.5,0.35,0.35,0.5,20,50,1.64,0.614,0.15354318677193604,0.05236878340918692,0.14665353597381112,0.15650019496173342
0.5,0.35,0.35,0.5,40,50,1.62,0.6125,0.11847780296713123,0.021833836142243334,0.08587543955158446,0.08596769995091996
0.5,0.7,0.1,0.0,20,50,3.14,0.785,0.1166059122665322,0.2696094748056088,0.27123331746543444,0.19055349412492267
0.5,0.7,0.1,0.0,40,50,3.18,0.7685,0.11143887315016963,0.19613388341885318,0.19028943672282614,0.03172619047619048
0.5,0.7,0.1,0.1,20,50,2.84,0.742,0.1314596236608839,0.21034742532132802,0.268620261395411,0.16429231262564595
0.5,0.7,0.1,0.1,40,50,2.9,0.7325,0.13573777992128494,0.19049919353292777,0.2565927456463885,0.10409589732131001
0.5,0.7,0.1,0.25,20,50,2.9,0.6829999999999999,0.10954916890676653,0.09590128691877721,0.1695753293788549,0.21688311688311687
0.5,0.7,0.1,0.25,40,50,3.36,0.6595,0.08934141119940989,0.09104823259755639,0.10920880585081769,0.15536979462316794
0.5,0.7,0.1,0.5,20,50,3.22,0.5670000000000001,0.11139651553558302,0.01322293374955882,0.09781408104067746,0.22250450279135436
0.5,0.7,0.1,0.5,40,50,3.14,0.602,0.07522754597532336,0.019390548825276112,0.04523349195073923,0.13256142809197213
0.5,0.7,0.2,0.0,20,50,2.96,0.718,0.1445471464644682,0.17633062104465128,0.23439949549078773,0.17132275132275132
0.5,0.7,0.2,0.0,40,50,3.0,0.74,0.14759984514122731,0.21179024491015425,0.2801516345449676,0.09426039077201867
0.5,0.7,0.2,0.1,20,50,2.62,0.7,0.14708043058552855,0.1097187609641507,0.23664665068986873,0.1021141737050828
0.5,0.7,0.2,0.1,40,50,3.28,0.6890000000000001,0.124043277503771,0.13594440836211225,0.15827148100061575,0.10907633662210321
0.5,0.7,0.2,0.25,20,50,2.82,0.6709999999999999,0.1262044017473565,0.08931079627348129,0.20705601914150537,0.18432249939602882
0.5,0.7,0.2,0.25,40,50,3.52,0.619,0.11611922092998968,0.04176538774976247,0.10342415034678752,0.16170438522014915
0.5,0.7,0.2,0.5,20,50,3.08,0.619,0.1332061468214602,0.04387737484646539,0.14750840938662454,0.23151011910203087
0.5,0.7,0.2,0.5,40,50,3.26,0.564,0.08270922757788643,0.011318702628484391,0.06316391069459519,0.13447042742022486
0.5,0.7,0.35,0.0,20,50,2.4,0.6779999999999999,0.1738401799448715,0.06599066742529378,0.1631514263333058,0.10666438824333561
0.5,0.7,0.35,0.0,40,50,3.54,0.631,0.14538478150713557,0.07241122293340994,0.1859048251234494,0.07945397526599572
0.5,0.7,0.35,0.1,20,50,2.94,0.648,0.17022194395577095,0.12811215750875793,0.22176582749928211,0.1766373722895462
0.5,0.7,0.35,0.1,40,50,3.1,0.6585,0.16824499264768747,0.110470443376542,0.21455123111446914,0.12169104044104044
0.5,0.7,0.35,0.25,20,50,2.86,0.616,0.128349013972664,0.03080384419701701,0.13703082517987178,0.21826883628354218
0.5,0.7,0.35,0.25,40,50,3.2,0.624,0.11638255006307292,0.05431036709812735,0.09472846306863966,0.11647635078007226
0.5,0.7,0.35,0.5,20,50,3.26,0.574,0.12463825206392702,0.014438322689992482,0.07757109880012733,0.2128305654040948
0.5,0.7,0.35,0.5,40,50,3.4,0.5855,0.10315062297634545,0.021652397898009698,0.07802973772493804,0.11487952833424632
1.0,0.05,0.1,0.0,20,50,0.22,0.972,0.05638786958854444,0.8574000165564373,0.2919088027799025,0.0
1.0,0.05,0.1,0.0,40,50,0.14,0.982,0.051020204081224506,0.917751677783441,0.24049561850571066,0.0
1.0,0.05,0.1,0.1,20,50,0.3,0.9590000000000001,0.08960798980411676,0.8655778617398192,0.28242078898735073,0.0
1.0,0.05,0.1,0.1,40,50,0.12,0.977,0.06345494947003658,0.9172331885624747,0.22937357714207915,0.0
1.0,0.05,0.1,0.25,20,50,0.28,0.9440000000000001,0.08785423920869598,0.6278464013753499,0.4476017094287156,0.022727272727272728
1.0,0.05,0.1,0.25,40,50,0.18,0.9495,0.05791663607888392,0.28875807076675797,0.42915774874862894,0.02857142857142857
1.0,0.05,0.1,0.5,20,50,0.28,0.8079999999999999,0.09222864223753698,0.02837906418693781,0.09225584914621111,0.06923076923076923
1.0,0.05,0.1,0.5,40,50,0.26,0.8195,0.0792647977557838,0.028417367305278208,0.08292024203976975,0.049305555555555554
1.0,0.05,0.2,0.0,20,50,0.16,0.985,0.040720550896397784,0.8976819824821789,0.27331678354917865,0.125
1.0,0.05,0.2,0.0,40,50,0.16,0.9754999999999999,0.06029053806022828,0.8540288554206014,0.32377055945957994,0.0
1.0,0.05,0.2,0.1,20,50,0.22,0.9690000000000001,0.076857939454183,0.8563862611575017,0.3130024817743903,0.0
1.0,0.05,0.2,0.1,40,50,0.14,0.976,0.05296321403404751,0.8094814549931533,0.3736035463075214,0.0
1.0,0.05,0.2,0.25,20,50,0.14,0.935,0.0876274581884664,0.4366023844920214,0.48032968651910907,0.07142857142857142
1.0,0.05,0.2,0.25,40,50,0.24,0.9265000000000001,0.08212888079856251,0.2682883799597483,0.40089162674361184,0.0
1.0,0.05,0.2,0.5,20,50,0.18,0.809,0.12523039990842674,0.06930347802071805,0.22562402089941347,0.09259259259259259
1.0,0.05,0.2,0.5,40,50,0.16,0.8275,0.08021813373291499,0.023454704759430445,0.08081537500652412,0.16111111111111112
1.0,0.05,0.35,0.0,20,50,0.34,0.9490000000000001,0.10075733629034923,0.7505373375552176,0.3990431395976903,0.19444444444444445
1.0,0.05,0.35,0.0,40,50,0.4,0.9155,0.11041318503046377,0.6085527780970044,0.4337022851899089,0.02222222222222222
1.0,0.05,0.35,0.1,20,50,0.24,0.9390000000000001,0.12259523578318489,0.749429846357501,0.4035436438911281,0.0
1.0,0.05,0.35,0.1,40,50,0.26,0.9265000000000001,0.10599504224062482,0.5280567826972343,0.47217293195895604,0.0
1.0,0.05,0.35,0.25,20,50,0.22,0.865,0.11920228048770456,0.2780679342507948,0.41306054036849305,0.05
1.0,0.05,0.35,0.25,40,50,0.12,0.897,0.1002089653409009,0.2132993126106476,0.3862977997132547,0.03333333333333333
1.0,0.05,0.35,0.5,20,50,0.28,0.77,0.12412962283559117,0.023358515161925747,0.07727381898555823,0.09615384615384616
1.0,0.05,0.35,0.5,40,50,0.24,0.7965000000000001,0.0896435685799885,0.033751215081772756,0.08715309050414961,0.08861726508785334
1.0,0.15,0.1,0.0,20,50,0.82,0.909,0.0961981373658194,0.6240591920104666,0.36901974894661443,0.0
1.0,0.15,0.1,0.0,40,50,0.78,0.9045000000000001,0.09957691110136827,0.6207366910650984,0.3714760693466795,0.0
1.0,0.15,0.1,0.1,20,50,0.7,0.934,0.09227288721117224,0.6717768216821647,0.40899585815421563,0.047619047619047616
1.0,0.15,0.1,0.1,40,50,0.78,0.9129999999999999,0.10693312806399626,0.6567452152846388,0.38092370641107526,0.031746031746031744
1.0,0.15,0.1,0.25,20,50,0.7,0.879,0.11870474433033672,0.44937494154726537,0.4158533421208016,0.08133333333333333
1.0,0.15,0.1,0.25,40,50,0.66,0.8759999999999999,0.13877746097068278,0.3297362008611023,0.4176913813556447,0.06686751973516679
1.0,0.15,0.1,0.5,20,50,0.78,0.769,0.1261235222198574,0.0420031583286546,0.16890931549007893,0.09021464646464646
1.0,0.15,0.1,0.5,40,50,0.6,0.7805,0.09679691553527343,0.07751431080532442,0.11666712090351124,0.05222924363791237
1.0,0.15,0.2,0.0,20,50,0.76,0.9,0.09948848769417226,0.575578686944467,0.3825554310185355,0.02
1.0,0.15,0.2,0.0,40,50,0.68,0.9105,0.1129486518697044,0.6286503947271116,0.3942576846242881,0.025
1.0,0.15,0.2,0.1,20,50,0.68,0.9059999999999999,0.10815710417570112,0.616122483797891,0.4039238505994778,0.07916666666666666
1.0,0.15,0.2,0.1,40,50,0.46,0.941,0.09213455112065226,0.7640622432792845,0.33529329790207774,0.029411764705882353
1.0,0.15,0.2,0.25,20,50,0.68,0.878,0.1381953659992746,0.4671651079784629,0.4235851729461476,0.14638532763532763
1.0,0.15,0.2,0.25,40,50,0.62,0.8835,0.10033235586117303,0.23863800278817351,0.335020313736219,0.060907208733295685
1.0,0.15,0.2,0.5,20,50,0.9,0.7390000000000001,0.12987042207759333,0.08076478029048152,0.18868417237516058,0.10471380471380472
1.0,0.15,0.2,0.5,40,50,0.86,0.75,0.11316413941253473,0.03838082911374356,0.10323531232824122,0.07179400521505785
1.0,0.15,0.35,0.0,20,50,0.88,0.909,0.08432807652138118,0.5585086608829871,0.3805950271941744,0.08974358974358973
1.0,0.15,0.35,0.0,40,50,0.74,0.862,0.15821388261799665,0.4521568173371491,0.424234202535237,0.041304347826086954
1.0,0.15,0.35,0.1,20,50,0.72,0.883,0.13799216185962834,0.5749598476375845,0.4123060108609595,0.14666666666666667
1.0,0.15,0.35,0.1,40,50,0.78,0.882,0.13534159352828495,0.3650990402907555,0.41589123424505603,0.04436304436304436
1.0,0.15,0.35,0.25,20,50,0.62,0.871,0.11297913840300655,0.32832986912526235,0.37935857618694413,0.15476190476190477
1.0,0.15,0.35,0.25,40,50,0.84,0.8115000000000001,0.13355519381857964,0.1948432423178959,0.3324492579488879,0.046116780045351476
1.0,0.15,0.35,0.5,20,50,0.7,0.746,0.1335695187029234,0.0758617675908407,0.19483428312027662,0.08871519427074982
1.0,0.15,0.35,0.5,40,50,0.68,0.7585,0.11187296914129793,0.06363875861566332,0.11812936920178371,0.04136085311317509
1.0,0.35,0.1,0.0,20,50,1.84,0.85,0.107854777646725,0.4284270357641083,0.35347665916798204,0.05216450216450217
1.0,0.35,0.1,0.0,40,50,1.42,0.8445,0.11149379958965779,0.4362526258827282,0.3521879666983399,0.029411764705882353
1.0,0.35,0.1,0.1,20,50,1.52,0.863,0.08967628858674895,0.4179070483203913,0.3263818778269858,0.08761904761904761
1.0,0.35,0.1,0.1,40,50,1.86,0.845,0.10025477748298714,0.38406470319758135,0.3296534085369542,0.060476190476190475
1.0,0.35,0.1,0.25,20,50,1.64,0.792,0.11795883059053153,0.26158742963323744,0.3062507057024102,0.12679820179820178
1.0,0.35,0.1,0.25,40,50,1.62,0.8234999999999999,0.11081907483343638,0.24647016585480228,0.2888165662583311,0.06499257822787236
1.0,0.35,0.1,0.5,20,50,1.22,0.7390000000000001,0.12424876297992192,0.10820733948138965,0.164083720800332,0.13857429120587017
1.0,0.35,0.1,0.5,40,50,1.68,0.7354999999999999,0.09120648249428101,0.08626109100763844,0.11977870355481865,0.07737050740146716
1.0,0.35,0.2,0.0,20,50,1.38,0.853,0.11491345456828075,0.453893571366839,0.37504217532670014,0.06666666666666667
1.0,0.35,0.2,0.0,40,50,1.74,0.8205,0.11027447203987638,0.28965504419642785,0.3065108189282936,0.018207282913165267
1.0,0.35,0.2,0.1,20,50,1.46,0.84,0.10101525445522107,0.38879725632000345,0.3395539113033734,0.08783783783783784
1.0,0.35,0.2,0.1,40,50,1.7,0.8170000000000001,0.1492703341359603,0.3620004141169635,0.3995209323680711,0.09393939393939395
1.0,0.35,0.2,0.25,20,50,1.68,0.7879999999999999,0.12312263672237281,0.2233221596718402,0.2983650414023775,0.15494140006335128
1.0,0.35,0.2,0.25,40,50,2.1,0.7745000000000001,0.12189929768259618,0.20026751309914256,0.24251458899465184,0.07914556394948552
1.0,0.35,0.2,0.5,20,50,1.5,0.698,0.13437686875776966,0.07148483229400913,0.16040293094319277,0.16795668718745643
1.0,0.35,0.2,0.5,40,50,1.56,0.706,0.09443170515656016,0.08442427757468803,0.12249470101704893,0.06621184293453201
1.0,0.35,0.35,0.0,20,50,1.48,0.8270000000000001,0.13672928713038648,0.3322262737504543,0.3826477620343689,0.17373737373737375
1.0,0.35,0.35,0.0,40,50,1.64,0.8245,0.13864228674350906,0.3478082450545258,0.37156434527280763,0.03138528138528139
1.0,0.35,0.35,0.1,20,50,2.12,0.81,0.12817398889233114,0.26332610150919283,0.32222371857161713,0.1348925848925849
1.0,0.35,0.35,0.1,40,50,1.82,0.795,0.13151394742515687,0.2883347119103759,0.34887876601352036,0.1330891330891331
1.0,0.35,0.35,0.25,20,50,1.74,0.775,0.1382285891454545,0.22903375698348546,0.3194711452351357,0.13387361992013155
1.0,0.35,0.35,0.25,40,50,1.48,0.7759999999999999,0.13785529236359795,0.14816175402262133,0.2514277212895257,0.08120248249247217
1.0,0.35,0.35,0.5,20,50,1.74,0.7040000000000001,0.14136362144974837,0.09306289538587265,0.18427704191339578,0.10776495109828443
1.0,0.35,0.35,0.5,40,50,1.52,0.7115,0.11804206272100032,0.0871573750305438,0.10305543494414836,0.07826661862741882
1.0,0.7,0.1,0.0,20,50,2.86,0.809,0.09459365297774196,0.2872246628323207,0.28580467542945526,0.11501501501501502
1.0,0.7,0.1,0.0,40,50,3.18,0.7885,0.10597097215169589,0.18368190811368262,0.22129214012157397,0.03033033033033033
1.0,0.7,0.1,0.1,20,50,3.24,0.789,0.10266350821186342,0.25331547891795714,0.25157740958289787,0.14413472706155633
1.0,0.7,0.1,0.1,40,50,3.26,0.752,0.10819011988539586,0.17618198466765145,0.1961919445537861,0.07747538409303115
1.0,0.7,0.1,0.25,20,50,2.96,0.767,0.11185358505562494,0.23372030274309885,0.24778814147622427,0.22610229276895943
1.0,0.7,0.1,0.25,40,50,3.8,0.7025,0.09573160824057293,0.11478407400220338,0.16262338225950232,0.1271204036522664
1.0,0.7,0.1,0.5,20,50,3.1,0.684,0.11799342769659597,0.1138280746667569,0.20016610608562332,0.2253459274941552
1.0,0.7,0.1,0.5,40,50,3.24,0.6365,0.117500542769046,0.048858513308782436,0.09469123534726925,0.1286639016759154
1.0,0.7,0.2,0.0,20,50,2.58,0.787,0.10341613974222631,0.202578175857377,0.20576552544226245,0.04583333333333333
1.0,0.7,0.2,0.0,40,50,3.42,0.7334999999999999,0.12541868656135538,0.15148887567464514,0.2052433958438273,0.05180555555555556
1.0,0.7,0.2,0.1,20,50,3.12,0.779,0.10206540520066293,0.2570944546846169,0.23460608977876024,0.1579561852289125
1.0,0.7,0.2,0.1,40,50,3.06,0.7605,0.10425757937504043,0.1749472425899008,0.21019107016256897,0.10862211862211861
1.0,0.7,0.2,0.25,20,50,2.48,0.7290000000000001,0.13018432771909783,0.13059651553013274,0.2112510109555793,0.1584959484959485
1.0,0.7,0.2,0.25,40,50,2.88,0.7425,0.1121735626752815,0.16152757599123685,0.2269091204883697,0.09920226477131848
1.0,0.7,0.2,0.5,20,50,2.98,0.688,0.1283967066778361,0.1405458897585974,0.18814126432233363,0.25330785880785883
1.0,0.7,0.2,0.5,40,50,3.0,0.659,0.11347480166206458,0.049370007019493754,0.07284195485303133,0.12838447388151253
1.0,0.7,0.35,0.0,20,50,2.98,0.752,0.1347560153517066,0.18668647600661983,0.2519027256607273,0.17121392496392496
1.0,0.7,0.35,0.0,40,50,3.46,0.722,0.1469624414048483,0.2266472398436062,0.277512710686652,0.10245920745920745
1.0,0.7,0.35,0.1,20,50,2.82,0.728,0.13021175845835248,0.17367775649396805,0.25983239928332974,0.163668430335097
1.0,0.7,0.35,0.1,40,50,3.22,0.7070000000000001,0.13581199490171575,0.17789642813246864,0.24189470625177914,0.08643549433023118
1.0,0.7,0.35,0.25,20,50,2.9,0.685,0.1385971993709447,0.0965129483856416,0.15416489979191916,0.15857371794871797
1.0,0.7,0.35,0.25,40,50,3.86,0.6984999999999999,0.13194096546314546,0.14974560968354272,0.22375080061101846,0.11609217510343918
1.0,0.7,0.35,0.5,20,50,3.34,0.649,0.10855732991166935,0.07148833017206943,0.13054316312114514,0.22952530802530802
1.0,0.7,0.35,0.5,40,50,3.44,0.6245,0.09347186633377108,0.05404943816921395,0.0963547601223786,0.13226550556426717
1.5,0.05,0.1,0.0,20,50,0.18,0.9740000000000001,0.058239477458970054,0.8683370804353894,0.296256020797068,0.0
1.5,0.05,0.1,0.0,40,50,0.34,0.9570000000000001,0.07249912033245362,0.80953591193072,0.30848479281158203,0.0
1.5,0.05,0.1,0.1,20,50,0.42,0.9520000000000001,0.07623808036643617,0.7864997402613448,0.327464488770188,0.0
1.5,0.05,0.1,0.1,40,50,0.24,0.9645,0.08082640758604397,0.8746155527272138,0.2797549596063998,0.05555555555555555
1.5,0.05,0.1,0.25,20,50,0.28,0.958,0.07378955182939975,0.7978919266594119,0.3295270269164137,0.02777777777777778
1.5,0.05,0.1,0.25,40,50,0.18,0.972,0.06597773279288852,0.8989281823035604,0.238124970522836,0.0
1.5,0.05,0.1,0.5,20,50,0.3,0.875,0.07969969144436213,0.23233448519891703,0.3632309799451495,0.13390022675736962
1.5,0.05,0.1,0.5,40,50,0.28,0.9035,0.09175305144233402,0.19501914264943124,0.36448525565974027,0.031818181818181815
1.5,0.05,0.2,0.0,20,50,0.14,0.983,0.04803272693844123,0.9165986923704962,0.24235607503826753,0.0
1.5,0.05,0.2,0.0,40,50,0.3,0.9640000000000001,0.06411883100771502,0.8457785993443006,0.2740591686125082,0.0
1.5,0.05,0.2,0.1,20,50,0.34,0.958,0.0804071273112588,0.7942210899441403,0.3605138874674658,0.0
1.5,0.05,0.2,0.1,40,50,0.24,0.9684999999999999,0.06424800481298215,0.8754032208671718,0.2522308368847025,0.0
1.5,0.05,0.2,0.25,20,50,0.36,0.948,0.06922309394048984,0.6704939533914669,0.4124796588130633,0.0
1.5,0.05,0.2,0.25,40,50,0.22,0.97,0.06328587552381913,0.7520340996904527,0.39542261374780635,0.025
1.5,0.05,0.2,0.5,20,50,0.24,0.904,0.0862128358263692,0.22318557481495327,0.3887233479773629,0.05833333333333333
1.5,0.05,0.2,0.5,40,50,0.22,0.889,0.09232816361175158,0.11049324399427132,0.27738640126890024,0.0
1.5,0.05,0.35,0.0,20,50,0.22,0.971,0.06707443322039132,0.8689111472151112,0.28630231109182747,0.0
1.5,0.05,0.35,0.0,40,50,0.24,0.96,0.08283866789102287,0.8156409720669002,0.3475368868984651,0.1111111111111111
1.5,0.05,0.35,0.1,20,50,0.22,0.976,0.05735674257109923,0.8786764863904882,0.28649645349835745,0.08333333333333333
1.5,0.05,0.35,0.1,40,50,0.38,0.9525,0.08455314715536938,0.7590403923079677,0.37090786450605795,0.03333333333333333
1.5,0.05,0.35,0.25,20,50,0.24,0.946,0.07480587120906311,0.5858101262016173,0.45915635399101556,0.11363636363636363
1.5,0.05,0.35,0.25,40,50,0.18,0.96,0.06681531047810613,0.5576516748232858,0.4713224992204639,0.0
1.5,0.05,0.35,0.5,20,50,0.36,0.85,0.10690449676496973,0.09266302330493469,0.22165781034472437,0.03888888888888889
1.5,0.05,0.35,0.5,40,50,0.36,0.8590000000000001,0.10060531085101108,0.056652016067035876,0.1434509591499558,0.08872010342598577
1.5,0.15,0.1,0.0,20,50,0.74,0.92,0.09147320339189785,0.6205442082480206,0.3977591819694277,0.0
1.5,0.15,0.1,0.0,40,50,0.66,0.9159999999999999,0.09185725394350097,0.6468751884971301,0.3683099019081822,0.017391304347826087
1.5,0.15,0.1,0.1,20,50,0.76,0.922,0.09854036777703164,0.6607261433742532,0.3867794669333429,0.055952380952380955
1.5,0.15,0.1,0.1,40,50,0.88,0.9015000000000001,0.09825129172957785,0.5606948648559367,0.3878822542156315,0.010416666666666666
1.5,0.15,0.1,0.25,20,50,0.7,0.9179999999999999,0.08907689867497083,0.6547093156370426,0.3593919314880899,0.10285714285714287
1.5,0.15,0.1,0.25,40,50,0.94,0.88,0.10038192373253713,0.4627489231652496,0.3759734200088036,0.049656084656084655
1.5,0.15,0.1,0.5,20,50,0.64,0.8740000000000001,0.1079682493010925,0.32062863206105524,0.39771488075906036,0.07391304347826087
1.5,0.15,0.1,0.5,40,50,0.8,0.8315,0.11647566970253087,0.16537812667960627,0.24976072332165886,0.05014022517219449
1.5,0.15,0.2,0.0,20,50,0.68,0.9309999999999999,0.08683199824009204,0.647757743106877,0.4081154471653199,0.0
1.5,0.15,0.2,0.0,40,50,0.78,0.9075,0.11341746077286011,0.6231579513240011,0.3846231893555683,0.0
1.5,0.15,0.2,0.1,20,50,0.68,0.92,0.09741558354989899,0.6144429510482895,0.3981519831856441,0.023809523809523808
1.5,0.15,0.2,0.1,40,50,0.84,0.8909999999999999,0.1038493807278167,0.557812950108399,0.38484061054306595,0.013333333333333332
1.5,0.15,0.2,0.25,20,50,0.72,0.905,0.10749940673780292,0.6123422035626154,0.377486856674417,0.05666666666666667
1.5,0.15,0.2,0.25,40,50,0.82,0.8859999999999999,0.1274914963150604,0.5492057653496832,0.4184297011257399,0.026041666666666668
1.5,0.15,0.2,0.5,20,50,0.56,0.852,0.11515739007895202,0.2227253422413225,0.33391996445102445,0.14166666666666666
1.5,0.15,0.2,0.5,40,50,0.58,0.843,0.08907689867497082,0.10476105975841918,0.15447439440426444,0.05414862914862915
1.5,0.15,0.35,0.0,20,50,0.66,0.9259999999999999,0.09595917499283808,0.6940645407010727,0.37946506097210225,0.18253968253968253
1.5,0.15,0.35,0.0,40,50,0.76,0.8845000000000001,0.11735716459438109,0.6146057977576105,0.34464076704713303,0.016129032258064516
1.5,0.15,0.35,0.1,20,50,1.08,0.888,0.11453544144472827,0.5080814316296949,0.40356088635326376,0.03333333333333333
1.5,0.15,0.35,0.1,40,50,0.74,0.8955,0.09983276833110989,0.5484255552717958,0.3876564605018694,0.0
1.5,0.15,0.35,0.25,20,50,0.68,0.892,0.11082252773268271,0.5302168978172057,0.4076503277933078,0.028846153846153848
1.5,0.15,0.35,0.25,40,50,0.8,0.887,0.12568587341268792,0.5082539100547531,0.40105309985986987,0.05892857142857143
1.5,0.15,0.35,0.5,20,50,0.86,0.8340000000000001,0.10470561258176395,0.2294667038835058,0.2799962482646155,0.10378510378510379
1.5,0.15,0.35,0.5,40,50,0.48,0.8725,0.10117296767296641,0.1600023205484242,0.29363095525671756,0.07448165869218501
1.5,0.35,0.1,0.0,20,50,1.48,0.872,0.09267014137272488,0.43318294001267144,0.35212212287230066,0.05444444444444444
1.5,0.35,0.1,0.0,40,50,1.44,0.8465,0.10546423129019929,0.3648851481379218,0.3489405636193202,0.0
1.5,0.35,0.1,0.1,20,50,1.72,0.851,0.09714810910172576,0.3603804782314359,0.31535213291164577,0.08412698412698413
1.5,0.35,0.1,0.1,40,50,1.84,0.8445,0.10525600472472935,0.3635990306822343,0.3427421836525203,0.03636363636363636
1.5,0.35,0.1,0.25,20,50,1.6,0.8590000000000001,0.11592133152289451,0.4188546650896774,0.37682748078503653,0.12186147186147187
1.5,0.35,0.1,0.25,40,50,1.74,0.8245,0.11197325664676201,0.32798494443191695,0.32479630517546343,0.05664160401002506
1.5,0.35,0.1,0.5,20,50,1.56,0.759,0.13578569549860844,0.14572491554814188,0.24794742788837365,0.1269808581940935
1.5,0.35,0.1,0.5,40,50,1.88,0.754,0.11697287318530092,0.11995202671783742,0.18666185956379008,0.08969590980534893
1.5,0.35,0.2,0.0,20,50,1.56,0.868,0.0978128158207068,0.4021731084568647,0.32462185794302334,0.08095238095238094
1.5,0.35,0.2,0.0,40,50,1.62,0.8395,0.11867572865345538,0.4222395193663733,0.35887804881132374,0.021568627450980395
1.5,0.35,0.2,0.1,20,50,1.62,0.8420000000000001,0.11709058066997811,0.4004419119803888,0.360531354213453,0.0702020202020202
1.5,0.35,0.2,0.1,40,50,1.76,0.836,0.10775539192910913,0.33128968745793314,0.3272028742549418,0.015756302521008406
1.5,0.35,0.2,0.25,20,50,2.14,0.804,0.10243962881141463,0.2745225382234399,0.26470745366643916,0.07391053391053391
1.5,0.35,0.2,0.25,40,50,1.28,0.8475,0.11944279648707601,0.3489582911892684,0.3468651463189388,0.03198653198653199
1.5,0.35,0.2,0.5,20,50,1.86,0.752,0.12815806566860458,0.17186866439970916,0.2718185809610494,0.1635166601075692
1.5,0.35,0.2,0.5,40,50,1.54,0.7925,0.1285962277670631,0.13027233209405492,0.1680170702049201,0.09020843480305334
1.5,0.35,0.35,0.0,20,50,1.8,0.8109999999999999,0.13525863358463916,0.2914894935535442,0.3453779017882809,0.05555555555555555
1.5,0.35,0.35,0.0,40,50,1.78,0.836,0.126889796312246,0.3690531656560039,0.35827831459336096,0.021780303030303032
1.5,0.35,0.35,0.1,20,50,1.44,0.868,0.12807841985538804,0.46846057205983876,0.41178189549390737,0.16722222222222222
1.5,0.35,0.35,0.1,40,50,1.46,0.851,0.12163427953987176,0.40048845816382395,0.36448868384389027,0.018817204301075266
1.5,0.35,0.35,0.25,20,50,1.54,0.825,0.13102811662745814,0.3296682179368748,0.34799450286606093,0.13361971361971361
1.5,0.35,0.35,0.25,40,50,1.68,0.8109999999999999,0.13230299177514113,0.2644471782639841,0.30649545282752955,0.04961078807232654
1.5,0.35,0.35,0.5,20,50,1.82,0.7609999999999999,0.12908231830099423,0.1303799520146563,0.22697484924600117,0.21236633736633737
1.5,0.35,0.35,0.5,40,50,1.76,0.77,0.13141692494981497,0.1585335916187288,0.21312212432889455,0.08656701579944048
1.5,0.7,0.1,0.0,20,50,3.06,0.804,0.0691345921860735,0.22052564433398802,0.17156689539270117,0.1264957264957265
1.5,0.7,0.1,0.0,40,50,3.18,0.764,0.09246621004453465,0.18017090873897185,0.18023370757776325,0.01984126984126984
1.5,0.7,0.1,0.1,20,50,3.3,0.785,0.08159756899139903,0.24689831512706154,0.21308701420810855,0.12316876245447674
1.5,0.7,0.1,0.1,40,50,3.22,0.7795000000000001,0.08845182016101148,0.22760582160838272,0.19078600340687257,0.07342696063626296
1.5,0.7,0.1,0.25,20,50,2.7,0.792,0.1126489943069504,0.24241695064761554,0.27320805256840275,0.16010451189022618
1.5,0.7,0.1,0.25,40,50,3.42,0.7395,0.08936996025465362,0.15094328878453073,0.137169629668319,0.0635651582460093
1.5,0.7,0.1,0.5,20,50,3.42,0.738,0.11364103886486485,0.12709204667468949,0.20907028517059448,0.2367805034471701
1.5,0.7,0.1,0.5,40,50,3.08,0.716,0.11097434893906333,0.13218418902607126,0.13526114406382295,0.08659566511919455
1.5,0.7,0.2,0.0,20,50,3.36,0.773,0.08342783757015794,0.21570500854435962,0.2082759262197026,0.108656330749354
1.5,0.7,0.2,0.0,40,50,3.26,0.782,0.09476609227407215,0.18210004350687825,0.2001346909847397,0.07275132275132273
1.5,0.7,0.2,0.1,20,50,2.96,0.7759999999999999,0.09595917499283808,0.23685171116034426,0.20669055567743053,0.13551751279024005
1.5,0.7,0.2,0.1,40,50,3.08,0.762,0.12291526864188242,0.17976815753596306,0.2538088739850935,0.05266175266175266
1.5,0.7,0.2,0.25,20,50,3.0,0.797,0.09001700519618387,0.27108545923455,0.24525260899684911,0.25126178730829896
1.5,0.7,0.2,0.25,40,50,3.66,0.745,0.10678511705518609,0.19201789998863145,0.20417894758320226,0.1242300847782506
1.5,0.7,0.2,0.5,20,50,3.12,0.6990000000000001,0.11930495995300343,0.1025663008829731,0.15862858889146078,0.19637163556731385
1.5,0.7,0.2,0.5,40,50,3.66,0.6825,0.12436060961771536,0.09571227291252425,0.1320365162929279,0.17119920327506308
1.5,0.7,0.35,0.0,20,50,2.72,0.8009999999999999,0.11801504573743195,0.3028766352972409,0.30558179140716424,0.14226190476190476
1.5,0.7,0.35,0.0,40,50,3.02,0.758,0.1330029921406558,0.2115831637159747,0.264182103342451,0.0440379403794038
1.5,0.7,0.35,0.1,20,50,3.14,0.7859999999999999,0.09315337363943488,0.2621785271145287,0.2107883279635299,0.19280303030303028
1.5,0.7,0.35,0.1,40,50,3.02,0.7809999999999999,0.11468234744862232,0.241499947340101,0.2644115060497835,0.06843711843711843
1.5,0.7,0.35,0.25,20,50,2.98,0.76,0.11248582677159732,0.1698352717651236,0.2447231474834342,0.18409090909090908
1.5,0.7,0.35,0.25,40,50,3.12,0.728,0.14739576046848032,0.1829571942056694,0.26731687743544963,0.13364975985113284
1.5,0.7,0.35,0.5,20,50,2.72,0.728,0.1156878276630163,0.12984617170071516,0.21535006023541794,0.22462246606631633
1.5,0.7,0.35,0.5,40,50,3.38,0.6855,0.1081016622802587,0.12113766178299869,0.12866425563786776,0.1324587633395367
