panel,scenario,parameter,panel_title,symbol,replicate,truth,estimate,error,absolute_error,squared_error
A,brownian,drift,Brownian drift recovery,$\beta$,0,0.15,0.2745515776489839,0.12455157764898392,0.12455157764898392,0.01551309549485087
A,brownian,drift,Brownian drift recovery,$\beta$,1,0.15,0.1059388528122722,-0.0440611471877278,0.0440611471877278,0.0019413846914986134
A,brownian,drift,Brownian drift recovery,$\beta$,2,0.15,0.2230605116652279,0.0730605116652279,0.0730605116652279,0.005337838364784901
A,brownian,drift,Brownian drift recovery,$\beta$,3,0.15,0.035890356902107,-0.114109643097893,0.114109643097893,0.01302101064792852
A,brownian,drift,Brownian drift recovery,$\beta$,4,0.15,0.0495821088295236,-0.10041789117047639,0.10041789117047639,0.01008375286712564
A,brownian,drift,Brownian drift recovery,$\beta$,5,0.15,0.14002438626784,-0.009975613732159994,0.009975613732159994,9.951286933325903e-05
A,brownian,drift,Brownian drift recovery,$\beta$,6,0.15,0.194610973804444,0.04461097380444401,0.04461097380444401,0.0019901389837807897
A,brownian,drift,Brownian drift recovery,$\beta$,7,0.15,0.3559891912450718,0.20598919124507178,0.20598919124507178,0.04243154690979876
A,brownian,drift,Brownian drift recovery,$\beta$,8,0.15,0.3505453444272363,0.2005453444272363,0.2005453444272363,0.04021843517143883
A,brownian,drift,Brownian drift recovery,$\beta$,9,0.15,0.2627642649819371,0.11276426498193712,0.11276426498193712,0.012715779456916529
A,brownian,drift,Brownian drift recovery,$\beta$,10,0.15,0.2493771201464598,0.0993771201464598,0.0993771201464598,0.009875812008603907
A,brownian,drift,Brownian drift recovery,$\beta$,11,0.15,0.1589295746127201,0.008929574612720093,0.008929574612720093,7.973730276413519e-05
A,brownian,drift,Brownian drift recovery,$\beta$,12,0.15,0.2985487742099245,0.1485487742099245,0.1485487742099245,0.022066738319271126
A,brownian,drift,Brownian drift recovery,$\beta$,13,0.15,0.3417182165710007,0.19171821657100072,0.19171821657100072,0.03675587456516513
A,brownian,drift,Brownian drift recovery,$\beta$,14,0.15,0.0162371572751474,-0.1337628427248526,0.1337628427248526,0.01789249809383365
A,brownian,drift,Brownian drift recovery,$\beta$,15,0.15,0.0826177220406643,-0.0673822779593357,0.0673822779593357,0.004540371382989177
A,brownian,drift,Brownian drift recovery,$\beta$,16,0.15,0.3372134694193575,0.1872134694193575,0.1872134694193575,0.0350488831320327
A,brownian,drift,Brownian drift recovery,$\beta$,17,0.15,0.2431600925826757,0.09316009258267571,0.09316009258267571,0.00867880285001271
A,brownian,drift,Brownian drift recovery,$\beta$,18,0.15,0.0664492925931731,-0.0835507074068269,0.0835507074068269,0.006980720708181199
A,brownian,drift,Brownian drift recovery,$\beta$,19,0.15,0.1307904020853821,-0.019209597914617904,0.019209597914617904,0.00036900865204129253
A,brownian,drift,Brownian drift recovery,$\beta$,20,0.15,0.1724215151318859,0.022421515131885894,0.022421515131885894,0.0005027243408093882
A,brownian,drift,Brownian drift recovery,$\beta$,21,0.15,0.3417532651314814,0.19175326513148142,0.19175326513148142,0.03676931468858421
A,brownian,drift,Brownian drift recovery,$\beta$,22,0.15,-0.0328170835949738,-0.18281708359497378,0.18281708359497378,0.03342208605417163
A,brownian,drift,Brownian drift recovery,$\beta$,23,0.15,0.1734239741072693,0.02342397410726932,0.02342397410726932,0.0005486825629780235
A,brownian,drift,Brownian drift recovery,$\beta$,24,0.15,0.0198264554270393,-0.1301735445729607,0.1301735445729607,0.016945151706688588
A,brownian,drift,Brownian drift recovery,$\beta$,25,0.15,0.129304072732019,-0.020695927267981,0.020695927267981,0.0004283214054815596
A,brownian,drift,Brownian drift recovery,$\beta$,26,0.15,-0.0383256163253125,-0.1883256163253125,0.1883256163253125,0.03546653776430881
A,brownian,drift,Brownian drift recovery,$\beta$,27,0.15,-0.0303531076002021,-0.1803531076002021,0.1803531076002021,0.032527243421050074
A,brownian,drift,Brownian drift recovery,$\beta$,28,0.15,0.2347527036947387,0.0847527036947387,0.0847527036947387,0.007183020783568174
A,brownian,drift,Brownian drift recovery,$\beta$,29,0.15,-0.013977760950815,-0.16397776095081498,0.16397776095081498,0.026888706086442622
A,brownian,drift,Brownian drift recovery,$\beta$,30,0.15,0.1241325969245041,-0.0258674030754959,0.0258674030754959,0.0006691225418701747
A,brownian,drift,Brownian drift recovery,$\beta$,31,0.15,0.109497727719672,-0.04050227228032799,0.04050227228032799,0.0016404340598698249
A,brownian,drift,Brownian drift recovery,$\beta$,32,0.15,0.1604062938204638,0.010406293820463819,0.010406293820463819,0.00010829095107782347
A,brownian,drift,Brownian drift recovery,$\beta$,33,0.15,0.2117964090621214,0.061796409062121416,0.061796409062121416,0.003818796172973042
A,brownian,drift,Brownian drift recovery,$\beta$,34,0.15,0.0875158955963722,-0.062484104403627796,0.062484104403627796,0.0039042633031234585
A,brownian,drift,Brownian drift recovery,$\beta$,35,0.15,0.097174902647024,-0.052825097352976,0.052825097352976,0.0027904909103513916
A,brownian,drift,Brownian drift recovery,$\beta$,36,0.15,0.1734228821751486,0.023422882175148596,0.023422882175148596,0.0005486314093908939
A,brownian,drift,Brownian drift recovery,$\beta$,37,0.15,-0.1039009594202295,-0.2539009594202295,0.2539009594202295,0.06446569719451303
A,brownian,drift,Brownian drift recovery,$\beta$,38,0.15,0.3858075863634593,0.2358075863634593,0.2358075863634593,0.055605217786560315
A,brownian,drift,Brownian drift recovery,$\beta$,39,0.15,0.1180107917948368,-0.0319892082051632,0.0319892082051632,0.0010233094415932804
A,brownian,drift,Brownian drift recovery,$\beta$,40,0.15,0.0275735678139608,-0.1224264321860392,0.1224264321860392,0.014988231297802855
A,brownian,drift,Brownian drift recovery,$\beta$,41,0.15,0.2021259017878361,0.052125901787836104,0.052125901787836104,0.0027171096371951353
A,brownian,drift,Brownian drift recovery,$\beta$,42,0.15,0.3187986565686032,0.16879865656860318,0.16879865656860318,0.02849298645936524
A,brownian,drift,Brownian drift recovery,$\beta$,43,0.15,0.2074864386385071,0.05748643863850711,0.05748643863850711,0.003304690627338843
A,brownian,drift,Brownian drift recovery,$\beta$,44,0.15,0.469123301531114,0.319123301531114,0.319123301531114,0.10183968158011832
A,brownian,drift,Brownian drift recovery,$\beta$,45,0.15,0.2712925064457204,0.1212925064457204,0.1212925064457204,0.014711872119885125
A,brownian,drift,Brownian drift recovery,$\beta$,46,0.15,0.1325935563346721,-0.017406443665327898,0.017406443665327898,0.00030298428107423367
A,brownian,drift,Brownian drift recovery,$\beta$,47,0.15,0.1322419930777731,-0.0177580069222269,0.0177580069222269,0.00031534680984985844
A,brownian,drift,Brownian drift recovery,$\beta$,48,0.15,0.3067470467595112,0.1567470467595112,0.1567470467595112,0.024569636667828392
A,brownian,drift,Brownian drift recovery,$\beta$,49,0.15,0.0968404761705094,-0.05315952382949059,0.05315952382949059,0.0028259349737781774
A,brownian,drift,Brownian drift recovery,$\beta$,50,0.15,0.1359406878368309,-0.014059312163169108,0.014059312163169108,0.0001976642585014348
A,brownian,drift,Brownian drift recovery,$\beta$,51,0.15,0.0501488673224372,-0.09985113267756279,0.09985113267756279,0.009970248696992248
A,brownian,drift,Brownian drift recovery,$\beta$,52,0.15,0.4350802395284514,0.2850802395284514,0.2850802395284514,0.08127074296959923
A,brownian,drift,Brownian drift recovery,$\beta$,53,0.15,0.3369794423396284,0.1869794423396284,0.1869794423396284,0.03496131185763842
A,brownian,drift,Brownian drift recovery,$\beta$,54,0.15,0.2030373006657913,0.05303730066579129,0.05303730066579129,0.0028129552619135453
A,brownian,drift,Brownian drift recovery,$\beta$,55,0.15,0.1538911032161818,0.0038911032161818015,0.0038911032161818015,1.514068423898036e-05
A,brownian,drift,Brownian drift recovery,$\beta$,56,0.15,0.0724786697859394,-0.07752133021406059,0.07752133021406059,0.006009556638157423
A,brownian,drift,Brownian drift recovery,$\beta$,57,0.15,0.1794995000585852,0.029499500058585204,0.029499500058585204,0.0008702205037064685
A,brownian,drift,Brownian drift recovery,$\beta$,58,0.15,0.1753873215583528,0.0253873215583528,0.0253873215583528,0.0006445160959072047
A,brownian,drift,Brownian drift recovery,$\beta$,59,0.15,0.0789693706321344,-0.0710306293678656,0.0710306293678656,0.00504535030839509
A,brownian,drift,Brownian drift recovery,$\beta$,60,0.15,0.1382257190471703,-0.011774280952829702,0.011774280952829702,0.00013863369195616832
A,brownian,drift,Brownian drift recovery,$\beta$,61,0.15,0.4039329789706215,0.2539329789706215,0.2539329789706215,0.0644819578088941
A,brownian,drift,Brownian drift recovery,$\beta$,62,0.15,0.0454431359489181,-0.10455686405108189,0.10455686405108189,0.01093213782019642
A,brownian,drift,Brownian drift recovery,$\beta$,63,0.15,-0.0586729582949944,-0.20867295829499438,0.20867295829499438,0.04354440352358446
A,brownian,drift,Brownian drift recovery,$\beta$,64,0.15,0.0954522355081419,-0.054547764491858095,0.054547764491858095,0.0029754586110592148
A,brownian,drift,Brownian drift recovery,$\beta$,65,0.15,0.2283314225790521,0.0783314225790521,0.0783314225790521,0.006135811763258033
A,brownian,drift,Brownian drift recovery,$\beta$,66,0.15,-0.0156834092638297,-0.16568340926382968,0.16568340926382968,0.027450992105285683
A,brownian,drift,Brownian drift recovery,$\beta$,67,0.15,-0.0090335422062043,-0.1590335422062043,0.1590335422062043,0.025291667546652567
A,brownian,drift,Brownian drift recovery,$\beta$,68,0.15,0.0446143905310049,-0.1053856094689951,0.1053856094689951,0.011106126683151548
A,brownian,drift,Brownian drift recovery,$\beta$,69,0.15,0.1174533509502701,-0.0325466490497299,0.0325466490497299,0.001059284364366284
A,brownian,drift,Brownian drift recovery,$\beta$,70,0.15,0.3454928544400306,0.1954928544400306,0.1954928544400306,0.038217456137110986
A,brownian,drift,Brownian drift recovery,$\beta$,71,0.15,-0.004326526413176,-0.15432652641317599,0.15432652641317599,0.023816676754756703
A,brownian,drift,Brownian drift recovery,$\beta$,72,0.15,0.2241675444790918,0.0741675444790918,0.0741675444790918,0.00550082465405806
A,brownian,drift,Brownian drift recovery,$\beta$,73,0.15,0.1660443996133362,0.016044399613336202,0.016044399613336202,0.00025742275895242287
A,brownian,drift,Brownian drift recovery,$\beta$,74,0.15,-0.0675097604429602,-0.2175097604429602,0.2175097604429602,0.047310495887953934
A,brownian,drift,Brownian drift recovery,$\beta$,75,0.15,0.1563134879956528,0.006313487995652817,0.006313487995652817,3.986013067125222e-05
A,brownian,drift,Brownian drift recovery,$\beta$,76,0.15,0.2307506040677482,0.0807506040677482,0.0807506040677482,0.006520660057306232
A,brownian,drift,Brownian drift recovery,$\beta$,77,0.15,0.3187505755150914,0.1687505755150914,0.1687505755150914,0.028476756736674564
A,brownian,drift,Brownian drift recovery,$\beta$,78,0.15,0.1254109799898914,-0.024589020010108598,0.024589020010108598,0.000604619905057521
A,brownian,drift,Brownian drift recovery,$\beta$,79,0.15,-0.0241117488433855,-0.17411174884338548,0.17411174884338548,0.030314901085302146
A,brownian,drift,Brownian drift recovery,$\beta$,80,0.15,0.3050097990882711,0.1550097990882711,0.1550097990882711,0.02402803781338617
A,brownian,drift,Brownian drift recovery,$\beta$,81,0.15,0.154878007534214,0.004878007534213996,0.004878007534213996,2.379495750384851e-05
A,brownian,drift,Brownian drift recovery,$\beta$,82,0.15,0.2152432830590821,0.06524328305908211,0.06524328305908211,0.0042566859843275115
A,brownian,drift,Brownian drift recovery,$\beta$,83,0.15,0.1197039079562173,-0.030296092043782696,0.030296092043782696,0.0009178531931253532
A,brownian,drift,Brownian drift recovery,$\beta$,84,0.15,0.2268141441133265,0.07681414411332652,0.07681414411332652,0.005900412735862895
A,brownian,drift,Brownian drift recovery,$\beta$,85,0.15,0.0634845492651834,-0.08651545073481659,0.08651545073481659,0.007484923215848476
A,brownian,drift,Brownian drift recovery,$\beta$,86,0.15,0.3447464461022974,0.19474644610229738,0.19474644610229738,0.03792617826947502
A,brownian,drift,Brownian drift recovery,$\beta$,87,0.15,-0.0108188059077279,-0.1608188059077279,0.1608188059077279,0.025862688333587458
A,brownian,drift,Brownian drift recovery,$\beta$,88,0.15,0.3467052210671973,0.19670522106719732,0.19670522106719732,0.038692943995094965
A,brownian,drift,Brownian drift recovery,$\beta$,89,0.15,0.2696103257189837,0.1196103257189837,0.1196103257189837,0.014306630018601373
A,brownian,drift,Brownian drift recovery,$\beta$,90,0.15,0.4489228912214841,0.2989228912214841,0.2989228912214841,0.0893548948962112
A,brownian,drift,Brownian drift recovery,$\beta$,91,0.15,0.1289626600332774,-0.021037339966722607,0.021037339966722607,0.00044256967287546436
A,brownian,drift,Brownian drift recovery,$\beta$,92,0.15,0.1879903617141355,0.0379903617141355,0.0379903617141355,0.0014432675831708526
A,brownian,drift,Brownian drift recovery,$\beta$,93,0.15,-0.0163156236752376,-0.16631562367523758,0.16631562367523758,0.027660886678483248
A,brownian,drift,Brownian drift recovery,$\beta$,94,0.15,0.0439883803094369,-0.1060116196905631,0.1060116196905631,0.011238463509416584
A,brownian,drift,Brownian drift recovery,$\beta$,95,0.15,-0.1912680149790231,-0.3412680149790231,0.3412680149790231,0.11646385804772273
A,brownian,drift,Brownian drift recovery,$\beta$,96,0.15,-0.1113842603916992,-0.2613842603916992,0.2613842603916992,0.06832173158051562
A,brownian,drift,Brownian drift recovery,$\beta$,97,0.15,0.1491340146454325,-0.0008659853545675,0.0008659853545675,7.499306343253988e-07
A,brownian,drift,Brownian drift recovery,$\beta$,98,0.15,0.0508594096527298,-0.09914059034727019,0.09914059034727019,0.009828856654405242
A,brownian,drift,Brownian drift recovery,$\beta$,99,0.15,0.1280907699095567,-0.021909230090443294,0.021909230090443294,0.0004800143631559858
B,brownian,sigma,Brownian diffusion recovery,$\sigma$,0,0.3,0.1856185754375441,-0.1143814245624559,0.1143814245624559,0.01308311028493679
B,brownian,sigma,Brownian diffusion recovery,$\sigma$,1,0.3,0.2558087610499092,-0.044191238950090805,0.044191238950090805,0.0019528655999440227
B,brownian,sigma,Brownian diffusion recovery,$\sigma$,2,0.3,0.2774793701520284,-0.022520629847971596,0.022520629847971596,0.0005071787687493492
B,brownian,sigma,Brownian diffusion recovery,$\sigma$,3,0.3,0.2553857183276839,-0.04461428167231607,0.04461428167231607,0.0019904341291367574
B,brownian,sigma,Brownian diffusion recovery,$\sigma$,4,0.3,0.2512646703434753,-0.04873532965652466,0.04873532965652466,0.0023751323567301323
B,brownian,sigma,Brownian diffusion recovery,$\sigma$,5,0.3,0.3221751088883314,0.022175108888331407,0.022175108888331407,0.0004917354542093546
B,brownian,sigma,Brownian diffusion recovery,$\sigma$,6,0.3,0.2909269535219417,-0.009073046478058289,0.009073046478058289,8.232017239300591e-05
B,brownian,sigma,Brownian diffusion recovery,$\sigma$,7,0.3,0.1930596091354257,-0.1069403908645743,0.1069403908645743,0.011436247198267926
B,brownian,sigma,Brownian diffusion recovery,$\sigma$,8,0.3,0.3893372017030364,0.08933720170303638,0.08933720170303638,0.007981135608129008
B,brownian,sigma,Brownian diffusion recovery,$\sigma$,9,0.3,0.3234312207723315,0.023431220772331507,0.023431220772331507,0.0005490221068817395
B,brownian,sigma,Brownian diffusion recovery,$\sigma$,10,0.3,0.3037582909838428,0.003758290983842838,0.003758290983842838,1.4124751119234366e-05
B,brownian,sigma,Brownian diffusion recovery,$\sigma$,11,0.3,0.3211999702440584,0.021199970244058397,0.021199970244058397,0.00044943873834896143
B,brownian,sigma,Brownian diffusion recovery,$\sigma$,12,0.3,0.2740203312850361,-0.025979668714963877,0.025979668714963877,0.0006749431865392729
B,brownian,sigma,Brownian diffusion recovery,$\sigma$,13,0.3,0.26921647843745,-0.030783521562549987,0.030783521562549987,0.00094762519979198
B,brownian,sigma,Brownian diffusion recovery,$\sigma$,14,0.3,0.2724034329152106,-0.027596567084789414,0.027596567084789414,0.0007615705148652825
B,brownian,sigma,Brownian diffusion recovery,$\sigma$,15,0.3,0.3092939405956553,0.009293940595655303,0.009293940595655303,8.637733179556966e-05
B,brownian,sigma,Brownian diffusion recovery,$\sigma$,16,0.3,0.3496671881448103,0.049667188144810304,0.049667188144810304,0.002466829578211985
B,brownian,sigma,Brownian diffusion recovery,$\sigma$,17,0.3,0.2999430655677882,-5.6934432211774855e-05,5.6934432211774855e-05,3.2415295712771863e-09
B,brownian,sigma,Brownian diffusion recovery,$\sigma$,18,0.3,0.251131110473282,-0.048868889526717973,0.048868889526717973,0.002388168363574566
B,brownian,sigma,Brownian diffusion recovery,$\sigma$,19,0.3,0.2747031874227178,-0.02529681257728217,0.02529681257728217,0.0006399287265701413
B,brownian,sigma,Brownian diffusion recovery,$\sigma$,20,0.3,0.3837987996290753,0.08379879962907533,0.08379879962907533,0.007022238819273915
B,brownian,sigma,Brownian diffusion recovery,$\sigma$,21,0.3,0.2500529162684629,-0.04994708373153711,0.04994708373153711,0.0024947111732851793
B,brownian,sigma,Brownian diffusion recovery,$\sigma$,22,0.3,0.2917150793186988,-0.008284920681301211,0.008284920681301211,6.863991069545253e-05
B,brownian,sigma,Brownian diffusion recovery,$\sigma$,23,0.3,0.2777668311700106,-0.02223316882998938,0.02223316882998938,0.0004943137962228113
B,brownian,sigma,Brownian diffusion recovery,$\sigma$,24,0.3,0.2147505493522382,-0.08524945064776179,0.08524945064776179,0.007267468835745174
B,brownian,sigma,Brownian diffusion recovery,$\sigma$,25,0.3,0.2718023541411481,-0.028197645858851872,0.028197645858851872,0.0007951072319812261
B,brownian,sigma,Brownian diffusion recovery,$\sigma$,26,0.3,0.291363039793228,-0.008636960206772015,0.008636960206772015,7.459708161336329e-05
B,brownian,sigma,Brownian diffusion recovery,$\sigma$,27,0.3,0.288483951431716,-0.011516048568283976,0.011516048568283976,0.00013261937462707543
B,brownian,sigma,Brownian diffusion recovery,$\sigma$,28,0.3,0.2454016487217907,-0.05459835127820928,0.05459835127820928,0.0029809799622987367
B,brownian,sigma,Brownian diffusion recovery,$\sigma$,29,0.3,0.2884364024073885,-0.011563597592611496,0.011563597592611496,0.0001337167892838504
B,brownian,sigma,Brownian diffusion recovery,$\sigma$,30,0.3,0.3462269882045948,0.04622698820459481,0.04622698820459481,0.002136934438467748
B,brownian,sigma,Brownian diffusion recovery,$\sigma$,31,0.3,0.3625857813047877,0.0625857813047877,0.0625857813047877,0.0039169800215307134
B,brownian,sigma,Brownian diffusion recovery,$\sigma$,32,0.3,0.2285598327068083,-0.07144016729319169,0.07144016729319169,0.005103697502879216
B,brownian,sigma,Brownian diffusion recovery,$\sigma$,33,0.3,0.32200334800803,0.02200334800803,0.02200334800803,0.00048414732356247774
B,brownian,sigma,Brownian diffusion recovery,$\sigma$,34,0.3,0.3829540251271403,0.08295402512714029,0.08295402512714029,0.0068813702847942216
B,brownian,sigma,Brownian diffusion recovery,$\sigma$,35,0.3,0.3248777296687826,0.0248777296687826,0.0248777296687826,0.000618901433473026
B,brownian,sigma,Brownian diffusion recovery,$\sigma$,36,0.3,0.3128575845252963,0.012857584525296284,0.012857584525296284,0.00016531747982513847
B,brownian,sigma,Brownian diffusion recovery,$\sigma$,37,0.3,0.2799071362450328,-0.020092863754967216,0.020092863754967216,0.00040372317387567523
B,brownian,sigma,Brownian diffusion recovery,$\sigma$,38,0.3,0.3013254637261322,0.0013254637261322366,0.0013254637261322366,1.7568540892923529e-06
B,brownian,sigma,Brownian diffusion recovery,$\sigma$,39,0.3,0.1948341108164647,-0.10516588918353528,0.10516588918353528,0.011059864247763623
B,brownian,sigma,Brownian diffusion recovery,$\sigma$,40,0.3,0.2257902107235071,-0.07420978927649288,0.07420978927649288,0.005507092824461478
B,brownian,sigma,Brownian diffusion recovery,$\sigma$,41,0.3,0.3557060891394037,0.055706089139403725,0.055706089139403725,0.003103168367207194
B,brownian,sigma,Brownian diffusion recovery,$\sigma$,42,0.3,0.273073725997681,-0.026926274002319006,0.026926274002319006,0.0007250242316479604
B,brownian,sigma,Brownian diffusion recovery,$\sigma$,43,0.3,0.2841602974691212,-0.015839702530878796,0.015839702530878796,0.0002508961762667282
B,brownian,sigma,Brownian diffusion recovery,$\sigma$,44,0.3,0.2651993742646118,-0.03480062573538817,0.03480062573538817,0.0012110835515745614
B,brownian,sigma,Brownian diffusion recovery,$\sigma$,45,0.3,0.3382082367709281,0.038208236770928106,0.038208236770928106,0.0014598693571433027
B,brownian,sigma,Brownian diffusion recovery,$\sigma$,46,0.3,0.2634833698895932,-0.03651663011040679,0.03651663011040679,0.0013334642746202678
B,brownian,sigma,Brownian diffusion recovery,$\sigma$,47,0.3,0.2457868261415284,-0.0542131738584716,0.0542131738584716,0.0029390682198088686
B,brownian,sigma,Brownian diffusion recovery,$\sigma$,48,0.3,0.2242907836469929,-0.07570921635300709,0.07570921635300709,0.005731885440786437
B,brownian,sigma,Brownian diffusion recovery,$\sigma$,49,0.3,0.25919855467109,-0.04080144532891,0.04080144532891,0.0016647579409280319
B,brownian,sigma,Brownian diffusion recovery,$\sigma$,50,0.3,0.3212433674799078,0.021243367479907793,0.021243367479907793,0.000451280661886404
B,brownian,sigma,Brownian diffusion recovery,$\sigma$,51,0.3,0.2251320254035001,-0.07486797459649988,0.07486797459649988,0.005605213620182152
B,brownian,sigma,Brownian diffusion recovery,$\sigma$,52,0.3,0.2981388794771416,-0.0018611205228583616,0.0018611205228583616,3.4637696006045812e-06
B,brownian,sigma,Brownian diffusion recovery,$\sigma$,53,0.3,0.3262982200019366,0.0262982200019366,0.0262982200019366,0.0006915963752702583
B,brownian,sigma,Brownian diffusion recovery,$\sigma$,54,0.3,0.3632322205735099,0.06323222057350991,0.06323222057350991,0.0039983137186570105
B,brownian,sigma,Brownian diffusion recovery,$\sigma$,55,0.3,0.2472706421994976,-0.05272935780050239,0.05272935780050239,0.0027803851740534026
B,brownian,sigma,Brownian diffusion recovery,$\sigma$,56,0.3,0.3480358272445071,0.04803582724450711,0.04803582724450711,0.0023074406990641317
B,brownian,sigma,Brownian diffusion recovery,$\sigma$,57,0.3,0.2731323022563341,-0.026867697743665875,0.026867697743665875,0.0007218731820449883
B,brownian,sigma,Brownian diffusion recovery,$\sigma$,58,0.3,0.3148364124046773,0.014836412404677313,0.014836412404677313,0.00022011913304166285
B,brownian,sigma,Brownian diffusion recovery,$\sigma$,59,0.3,0.3134549175846437,0.013454917584643733,0.013454917584643733,0.00018103480720955514
B,brownian,sigma,Brownian diffusion recovery,$\sigma$,60,0.3,0.2977832398167441,-0.0022167601832558947,0.0022167601832558947,4.914025710068708e-06
B,brownian,sigma,Brownian diffusion recovery,$\sigma$,61,0.3,0.2029737575287085,-0.09702624247129149,0.09702624247129149,0.009414091728097849
B,brownian,sigma,Brownian diffusion recovery,$\sigma$,62,0.3,0.2976947119703025,-0.002305288029697483,0.002305288029697483,5.3143528998665035e-06
B,brownian,sigma,Brownian diffusion recovery,$\sigma$,63,0.3,0.2612795749939667,-0.03872042500603329,0.03872042500603329,0.0014992713126478479
B,brownian,sigma,Brownian diffusion recovery,$\sigma$,64,0.3,0.2790765861995312,-0.020923413800468804,0.020923413800468804,0.0004377892450656484
B,brownian,sigma,Brownian diffusion recovery,$\sigma$,65,0.3,0.2740813402781694,-0.025918659721830606,0.025918659721830606,0.0006717769217760442
B,brownian,sigma,Brownian diffusion recovery,$\sigma$,66,0.3,0.3096888977587012,0.009688897758701187,0.009688897758701187,9.387473977856488e-05
B,brownian,sigma,Brownian diffusion recovery,$\sigma$,67,0.3,0.290164103341147,-0.009835896658852983,0.009835896658852983,9.674486308363528e-05
B,brownian,sigma,Brownian diffusion recovery,$\sigma$,68,0.3,0.252065315977079,-0.047934684022921004,0.047934684022921004,0.002297733932377278
B,brownian,sigma,Brownian diffusion recovery,$\sigma$,69,0.3,0.3232426691839866,0.023242669183986597,0.023242669183986597,0.0005402216707962402
B,brownian,sigma,Brownian diffusion recovery,$\sigma$,70,0.3,0.3128279248913634,0.012827924891363418,0.012827924891363418,0.00016455565701846116
B,brownian,sigma,Brownian diffusion recovery,$\sigma$,71,0.3,0.2188839570676439,-0.08111604293235608,0.08111604293235608,0.006579812421003835
B,brownian,sigma,Brownian diffusion recovery,$\sigma$,72,0.3,0.3346073101712079,0.03460731017120788,0.03460731017120788,0.0011976659172861887
B,brownian,sigma,Brownian diffusion recovery,$\sigma$,73,0.3,0.2449760516305412,-0.055023948369458786,0.055023948369458786,0.0030276348941648662
B,brownian,sigma,Brownian diffusion recovery,$\sigma$,74,0.3,0.2007166849946711,-0.09928331500532889,0.09928331500532889,0.009857176638447365
B,brownian,sigma,Brownian diffusion recovery,$\sigma$,75,0.3,0.324158304544106,0.024158304544106002,0.024158304544106002,0.0005836236784457727
B,brownian,sigma,Brownian diffusion recovery,$\sigma$,76,0.3,0.3687932320656242,0.06879323206562421,0.06879323206562421,0.004732508778034827
B,brownian,sigma,Brownian diffusion recovery,$\sigma$,77,0.3,0.2307187356166498,-0.0692812643833502,0.0692812643833502,0.004799893594555668
B,brownian,sigma,Brownian diffusion recovery,$\sigma$,78,0.3,0.2531784136903734,-0.04682158630962657,0.04682158630962657,0.0021922609445498105
B,brownian,sigma,Brownian diffusion recovery,$\sigma$,79,0.3,0.2026009856430973,-0.09739901435690268,0.09739901435690268,0.009486567997696134
B,brownian,sigma,Brownian diffusion recovery,$\sigma$,80,0.3,0.3072642196109662,0.007264219610966238,0.007264219610966238,5.2768886556346484e-05
B,brownian,sigma,Brownian diffusion recovery,$\sigma$,81,0.3,0.2568964822319895,-0.04310351776801047,0.04310351776801047,0.0018579132439771942
B,brownian,sigma,Brownian diffusion recovery,$\sigma$,82,0.3,0.2748153783855945,-0.02518462161440549,0.02518462161440549,0.0006342651658607801
B,brownian,sigma,Brownian diffusion recovery,$\sigma$,83,0.3,0.2017588936527566,-0.0982411063472434,0.0982411063472434,0.009651314976330386
B,brownian,sigma,Brownian diffusion recovery,$\sigma$,84,0.3,0.2748665640494746,-0.025133435950525362,0.025133435950525362,0.0006316896026791608
B,brownian,sigma,Brownian diffusion recovery,$\sigma$,85,0.3,0.2877925239182164,-0.012207476081783575,0.012207476081783575,0.00014902247228731807
B,brownian,sigma,Brownian diffusion recovery,$\sigma$,86,0.3,0.2907706397895754,-0.009229360210424586,0.009229360210424586,8.518108989376857e-05
B,brownian,sigma,Brownian diffusion recovery,$\sigma$,87,0.3,0.2065581360833993,-0.0934418639166007,0.0934418639166007,0.008731381932208524
B,brownian,sigma,Brownian diffusion recovery,$\sigma$,88,0.3,0.3063521387323528,0.006352138732352797,0.006352138732352797,4.03496664750566e-05
B,brownian,sigma,Brownian diffusion recovery,$\sigma$,89,0.3,0.3041266201722838,0.004126620172283824,0.004126620172283824,1.7028994046299776e-05
B,brownian,sigma,Brownian diffusion recovery,$\sigma$,90,0.3,0.275149714950514,-0.024850285049486,0.024850285049486,0.0006175366670407073
B,brownian,sigma,Brownian diffusion recovery,$\sigma$,91,0.3,0.2840648527616671,-0.015935147238332892,0.015935147238332892,0.0002539289175073484
B,brownian,sigma,Brownian diffusion recovery,$\sigma$,92,0.3,0.2979042240366901,-0.0020957759633098982,0.0020957759633098982,4.392276888387532e-06
B,brownian,sigma,Brownian diffusion recovery,$\sigma$,93,0.3,0.2629139102215976,-0.03708608977840239,0.03708608977840239,0.001375378055051722
B,brownian,sigma,Brownian diffusion recovery,$\sigma$,94,0.3,0.3013106587022846,0.001310658702284584,0.001310658702284584,1.7178262338743096e-06
B,brownian,sigma,Brownian diffusion recovery,$\sigma$,95,0.3,0.2807373724660949,-0.019262627533905063,0.019262627533905063,0.00037104881950995747
B,brownian,sigma,Brownian diffusion recovery,$\sigma$,96,0.3,0.3197230576395515,0.01972305763955151,0.01972305763955151,0.00038899900265307124
B,brownian,sigma,Brownian diffusion recovery,$\sigma$,97,0.3,0.2870277663690604,-0.012972233630939578,0.012972233630939578,0.00016827884537567984
B,brownian,sigma,Brownian diffusion recovery,$\sigma$,98,0.3,0.2913196320846246,-0.008680367915375409,0.008680367915375409,7.534878714627882e-05
B,brownian,sigma,Brownian diffusion recovery,$\sigma$,99,0.3,0.2500202742739482,-0.049979725726051805,0.049979725726051805,0.0024979729836513646
C,ou,theta,Standard OU $\theta$ recovery,$\theta$,0,0.8,1.1411090763642588,0.3411090763642588,0.3411090763642588,0.11635540197807774
C,ou,theta,Standard OU $\theta$ recovery,$\theta$,1,0.8,0.932944224580692,0.132944224580692,0.132944224580692,0.017674166849361468
C,ou,theta,Standard OU $\theta$ recovery,$\theta$,2,0.8,2.048748221311785,1.248748221311785,1.248748221311785,1.559372120229347
C,ou,theta,Standard OU $\theta$ recovery,$\theta$,3,0.8,0.904952016100548,0.10495201610054794,0.10495201610054794,0.011014925683569675
C,ou,theta,Standard OU $\theta$ recovery,$\theta$,4,0.8,0.674186712561528,-0.1258132874384721,0.1258132874384721,0.0158289832960756
C,ou,theta,Standard OU $\theta$ recovery,$\theta$,5,0.8,1.093601136326425,0.29360113632642504,0.29360113632642504,0.08620162725216803
C,ou,theta,Standard OU $\theta$ recovery,$\theta$,6,0.8,1.4026672267382927,0.6026672267382926,0.6026672267382926,0.3632077861844246
C,ou,theta,Standard OU $\theta$ recovery,$\theta$,7,0.8,0.2563542104490328,-0.5436457895509672,0.5436457895509672,0.29555074449649454
C,ou,theta,Standard OU $\theta$ recovery,$\theta$,8,0.8,2.1971066266862747,1.3971066266862746,1.3971066266862746,1.9519069263307014
C,ou,theta,Standard OU $\theta$ recovery,$\theta$,9,0.8,1.2525139010519284,0.45251390105192835,0.45251390105192835,0.2047688306452344
C,ou,theta,Standard OU $\theta$ recovery,$\theta$,10,0.8,0.9592327521765448,0.15923275217654476,0.15923275217654476,0.02535506936571692
C,ou,theta,Standard OU $\theta$ recovery,$\theta$,11,0.8,0.7554962745646621,-0.04450372543533798,0.04450372543533798,0.001980581577623949
C,ou,theta,Standard OU $\theta$ recovery,$\theta$,12,0.8,1.196003991479955,0.3960039914799549,0.3960039914799549,0.1568191612680562
C,ou,theta,Standard OU $\theta$ recovery,$\theta$,13,0.8,0.7797923307359018,-0.020207669264098227,0.020207669264098227,0.00040834989708718016
C,ou,theta,Standard OU $\theta$ recovery,$\theta$,14,0.8,0.836346893851566,0.036346893851565976,0.036346893851565976,0.0013210966926570046
C,ou,theta,Standard OU $\theta$ recovery,$\theta$,15,0.8,1.0291171047898455,0.22911710478984548,0.22911710478984548,0.05249464770728104
C,ou,theta,Standard OU $\theta$ recovery,$\theta$,16,0.8,0.9174334754962548,0.11743347549625471,0.11743347549625471,0.013790621167129456
C,ou,theta,Standard OU $\theta$ recovery,$\theta$,17,0.8,1.3666668476664476,0.5666668476664476,0.5666668476664476,0.3211113162442289
C,ou,theta,Standard OU $\theta$ recovery,$\theta$,18,0.8,1.8022269882390027,1.0022269882390027,1.0022269882390027,1.004458935954622
C,ou,theta,Standard OU $\theta$ recovery,$\theta$,19,0.8,0.8360170500304894,0.036017050030489384,0.036017050030489384,0.0012972278928987753
C,ou,theta,Standard OU $\theta$ recovery,$\theta$,20,0.8,0.976315617261856,0.17631561726185596,0.17631561726185596,0.03108719689042928
C,ou,theta,Standard OU $\theta$ recovery,$\theta$,21,0.8,0.6645843737923524,-0.1354156262076477,0.1354156262076477,0.01833739182120936
C,ou,theta,Standard OU $\theta$ recovery,$\theta$,22,0.8,2.1269932567087424,1.3269932567087424,1.3269932567087424,1.760911103350474
C,ou,theta,Standard OU $\theta$ recovery,$\theta$,23,0.8,1.1099927332660378,0.3099927332660377,0.3099927332660377,0.0960954946777488
C,ou,theta,Standard OU $\theta$ recovery,$\theta$,24,0.8,1.6694418400389577,0.8694418400389576,0.8694418400389576,0.7559291132103284
C,ou,theta,Standard OU $\theta$ recovery,$\theta$,25,0.8,1.9056104852853613,1.1056104852853612,1.1056104852853612,1.222374545172932
C,ou,theta,Standard OU $\theta$ recovery,$\theta$,26,0.8,0.6486471477179232,-0.15135285228207684,0.15135285228207684,0.022907685893920175
C,ou,theta,Standard OU $\theta$ recovery,$\theta$,27,0.8,0.945279374284736,0.14527937428473592,0.14527937428473592,0.021106096592564388
C,ou,theta,Standard OU $\theta$ recovery,$\theta$,28,0.8,0.8824430536782962,0.08244305367829619,0.08244305367829619,0.006796857099802426
C,ou,theta,Standard OU $\theta$ recovery,$\theta$,29,0.8,0.9760818920304248,0.1760818920304248,0.1760818920304248,0.031004832701014173
C,ou,theta,Standard OU $\theta$ recovery,$\theta$,30,0.8,0.9888648689711864,0.18886486897118637,0.18886486897118637,0.0356699387315034
C,ou,theta,Standard OU $\theta$ recovery,$\theta$,31,0.8,1.1296943638542625,0.32969436385426243,0.32969436385426243,0.10869837355726679
C,ou,theta,Standard OU $\theta$ recovery,$\theta$,32,0.8,1.5608032879214877,0.7608032879214877,0.7608032879214877,0.578821642912146
C,ou,theta,Standard OU $\theta$ recovery,$\theta$,33,0.8,0.6655881831674962,-0.1344118168325038,0.1344118168325038,0.018066536504214553
C,ou,theta,Standard OU $\theta$ recovery,$\theta$,34,0.8,1.1948694713070265,0.39486947130702643,0.39486947130702643,0.15592189937029058
C,ou,theta,Standard OU $\theta$ recovery,$\theta$,35,0.8,0.5086488815797511,-0.29135111842024897,0.29135111842024897,0.08488547420472993
C,ou,theta,Standard OU $\theta$ recovery,$\theta$,36,0.8,1.1080948385838876,0.30809483858388753,0.30809483858388753,0.09492242956203172
C,ou,theta,Standard OU $\theta$ recovery,$\theta$,37,0.8,1.6397334481531425,0.8397334481531424,0.8397334481531424,0.7051522639471663
C,ou,theta,Standard OU $\theta$ recovery,$\theta$,38,0.8,0.7397678452225289,-0.060232154777471125,0.060232154777471125,0.003627912469137238
C,ou,theta,Standard OU $\theta$ recovery,$\theta$,39,0.8,0.9312771959228252,0.13127719592282516,0.13127719592282516,0.017233702169359825
C,ou,theta,Standard OU $\theta$ recovery,$\theta$,40,0.8,1.199191474300462,0.39919147430046187,0.39919147430046187,0.1593538331541763
C,ou,theta,Standard OU $\theta$ recovery,$\theta$,41,0.8,1.4797426944742806,0.6797426944742806,0.6797426944742806,0.4620501306911552
C,ou,theta,Standard OU $\theta$ recovery,$\theta$,42,0.8,0.7500311226873708,-0.04996887731262922,0.04996887731262922,0.0024968886998845913
C,ou,theta,Standard OU $\theta$ recovery,$\theta$,43,0.8,0.4951949913071903,-0.30480500869280974,0.30480500869280974,0.09290609332422382
C,ou,theta,Standard OU $\theta$ recovery,$\theta$,44,0.8,1.132656370421034,0.3326563704210339,0.3326563704210339,0.11066026078169612
C,ou,theta,Standard OU $\theta$ recovery,$\theta$,45,0.8,1.3442320491496589,0.5442320491496588,0.5442320491496588,0.2961885233216367
C,ou,theta,Standard OU $\theta$ recovery,$\theta$,46,0.8,1.8390176159779117,1.0390176159779116,1.0390176159779116,1.079557606312423
C,ou,theta,Standard OU $\theta$ recovery,$\theta$,47,0.8,1.5900413140967475,0.7900413140967475,0.7900413140967475,0.6241652779797157
C,ou,theta,Standard OU $\theta$ recovery,$\theta$,48,0.8,1.0028037969382884,0.20280379693828832,0.20280379693828832,0.041129380052586484
C,ou,theta,Standard OU $\theta$ recovery,$\theta$,49,0.8,0.4135299318769903,-0.38647006812300977,0.38647006812300977,0.1493591135550038
C,ou,theta,Standard OU $\theta$ recovery,$\theta$,50,0.8,0.0886186234292951,-0.711381376570705,0.711381376570705,0.5060634629316312
C,ou,theta,Standard OU $\theta$ recovery,$\theta$,51,0.8,0.6399055814571448,-0.16009441854285522,0.16009441854285522,0.025630222848574906
C,ou,theta,Standard OU $\theta$ recovery,$\theta$,52,0.8,1.6042295401248374,0.8042295401248374,0.8042295401248374,0.6467851532094074
C,ou,theta,Standard OU $\theta$ recovery,$\theta$,53,0.8,1.0501542091546685,0.25015420915466846,0.25015420915466846,0.06257712835779762
C,ou,theta,Standard OU $\theta$ recovery,$\theta$,54,0.8,0.7428070939966229,-0.05719290600337712,0.05719290600337712,0.0032710284971111305
C,ou,theta,Standard OU $\theta$ recovery,$\theta$,55,0.8,0.4626251032547003,-0.33737489674529975,0.33737489674529975,0.11382182095390167
C,ou,theta,Standard OU $\theta$ recovery,$\theta$,56,0.8,2.450220462417557,1.650220462417557,1.650220462417557,2.7232275745816152
C,ou,theta,Standard OU $\theta$ recovery,$\theta$,57,0.8,1.2808102548656868,0.48081025486568674,0.48081025486568674,0.23117850118400662
C,ou,theta,Standard OU $\theta$ recovery,$\theta$,58,0.8,2.2367791039030123,1.4367791039030122,1.4367791039030122,2.0643341934123427
C,ou,theta,Standard OU $\theta$ recovery,$\theta$,59,0.8,1.470071357197442,0.6700713571974419,0.6700713571974419,0.4489956237364218
C,ou,theta,Standard OU $\theta$ recovery,$\theta$,60,0.8,1.2048775115621075,0.4048775115621075,0.4048775115621075,0.16392579936872448
C,ou,theta,Standard OU $\theta$ recovery,$\theta$,61,0.8,0.6713704150068763,-0.1286295849931237,0.1286295849931237,0.016545570135503236
C,ou,theta,Standard OU $\theta$ recovery,$\theta$,62,0.8,0.4901194158617,-0.30988058413830005,0.30988058413830005,0.09602597642589406
C,ou,theta,Standard OU $\theta$ recovery,$\theta$,63,0.8,1.0490854151768294,0.24908541517682936,0.24908541517682936,0.06204354405381345
C,ou,theta,Standard OU $\theta$ recovery,$\theta$,64,0.8,1.4724217975401412,0.6724217975401412,0.6724217975401412,0.4521510738071146
C,ou,theta,Standard OU $\theta$ recovery,$\theta$,65,0.8,1.696194816508836,0.896194816508836,0.896194816508836,0.8031651491373063
C,ou,theta,Standard OU $\theta$ recovery,$\theta$,66,0.8,2.0302680876111956,1.2302680876111955,1.2302680876111955,1.5135595673945084
C,ou,theta,Standard OU $\theta$ recovery,$\theta$,67,0.8,0.56751353767071,-0.23248646232929004,0.23248646232929004,0.0540499551663884
C,ou,theta,Standard OU $\theta$ recovery,$\theta$,68,0.8,2.093557964935227,1.293557964935227,1.293557964935227,1.6732922086473656
C,ou,theta,Standard OU $\theta$ recovery,$\theta$,69,0.8,1.5971890912606783,0.7971890912606783,0.7971890912606783,0.635510447225026
C,ou,theta,Standard OU $\theta$ recovery,$\theta$,70,0.8,1.004345004953067,0.20434500495306707,0.20434500495306707,0.041756881049269
C,ou,theta,Standard OU $\theta$ recovery,$\theta$,71,0.8,0.3374062021170518,-0.46259379788294824,0.46259379788294824,0.21399302183976998
C,ou,theta,Standard OU $\theta$ recovery,$\theta$,72,0.8,0.9156136773198325,0.11561367731983241,0.11561367731983241,0.01336652238341433
C,ou,theta,Standard OU $\theta$ recovery,$\theta$,73,0.8,0.880736306746218,0.0807363067462179,0.0807363067462179,0.00651835122701939
C,ou,theta,Standard OU $\theta$ recovery,$\theta$,74,0.8,1.1649086282891146,0.3649086282891145,0.3649086282891145,0.13315830699984316
C,ou,theta,Standard OU $\theta$ recovery,$\theta$,75,0.8,1.4418462529860108,0.6418462529860107,0.6418462529860107,0.4119666124721821
C,ou,theta,Standard OU $\theta$ recovery,$\theta$,76,0.8,1.1182236401826664,0.31822364018266636,0.31822364018266636,0.10126628517110711
C,ou,theta,Standard OU $\theta$ recovery,$\theta$,77,0.8,1.4348760463929653,0.6348760463929652,0.6348760463929652,0.40306759428356254
C,ou,theta,Standard OU $\theta$ recovery,$\theta$,78,0.8,0.9932662863816468,0.19326628638164678,0.19326628638164678,0.03735185745175271
C,ou,theta,Standard OU $\theta$ recovery,$\theta$,79,0.8,0.95940783035251,0.15940783035250994,0.15940783035250994,0.02541085637769459
C,ou,theta,Standard OU $\theta$ recovery,$\theta$,80,0.8,0.3306859429874722,-0.4693140570125278,0.4693140570125278,0.2202556841095582
C,ou,theta,Standard OU $\theta$ recovery,$\theta$,81,0.8,1.5913003603098306,0.7913003603098305,0.7913003603098305,0.6261562602264676
C,ou,theta,Standard OU $\theta$ recovery,$\theta$,82,0.8,0.5642230907617698,-0.23577690923823025,0.23577690923823025,0.05559075092993267
C,ou,theta,Standard OU $\theta$ recovery,$\theta$,83,0.8,0.9550912830002272,0.15509128300022712,0.15509128300022712,0.024053306062656536
C,ou,theta,Standard OU $\theta$ recovery,$\theta$,84,0.8,1.0368407611218724,0.23684076112187236,0.23684076112187236,0.0560935461287878
C,ou,theta,Standard OU $\theta$ recovery,$\theta$,85,0.8,1.0018365601722927,0.20183656017229268,0.20183656017229268,0.040737997022183524
C,ou,theta,Standard OU $\theta$ recovery,$\theta$,86,0.8,1.20894640899418,0.4089464089941799,0.4089464089941799,0.16723716542923506
C,ou,theta,Standard OU $\theta$ recovery,$\theta$,87,0.8,1.7873668860370846,0.9873668860370846,0.9873668860370846,0.9748933676425692
C,ou,theta,Standard OU $\theta$ recovery,$\theta$,88,0.8,0.5914610353108487,-0.20853896468915134,0.20853896468915134,0.04348849979362311
C,ou,theta,Standard OU $\theta$ recovery,$\theta$,89,0.8,1.249060104211534,0.44906010421153386,0.44906010421153386,0.20165497719447364
C,ou,theta,Standard OU $\theta$ recovery,$\theta$,90,0.8,0.5369128337559965,-0.2630871662440035,0.2630871662440035,0.06921485704229995
C,ou,theta,Standard OU $\theta$ recovery,$\theta$,91,0.8,2.03227125502835,1.23227125502835,1.23227125502835,1.5184924459691451
C,ou,theta,Standard OU $\theta$ recovery,$\theta$,92,0.8,2.7494321293895188,1.9494321293895187,1.9494321293895187,3.8002856270961534
C,ou,theta,Standard OU $\theta$ recovery,$\theta$,93,0.8,1.7311030799658915,0.9311030799658915,0.9311030799658915,0.8669529455219693
C,ou,theta,Standard OU $\theta$ recovery,$\theta$,94,0.8,1.5974569953209117,0.7974569953209116,0.7974569953209116,0.6359376593862565
C,ou,theta,Standard OU $\theta$ recovery,$\theta$,95,0.8,0.4531023622973325,-0.34689763770266757,0.34689763770266757,0.1203379710436912
C,ou,theta,Standard OU $\theta$ recovery,$\theta$,96,0.8,0.8131714860035916,0.013171486003591526,0.013171486003591526,0.00017348804354280748
C,ou,theta,Standard OU $\theta$ recovery,$\theta$,97,0.8,0.6315050633106678,-0.16849493668933224,0.16849493668933224,0.02839054368994208
C,ou,theta,Standard OU $\theta$ recovery,$\theta$,98,0.8,1.3280647025844017,0.5280647025844016,0.5280647025844016,0.27885233011555255
C,ou,theta,Standard OU $\theta$ recovery,$\theta$,99,0.8,0.5047137105740132,-0.2952862894259869,0.2952862894259869,0.0871939927229677
D,ou,mu,Standard OU $\mu$ recovery,$\mu$,0,0.2,0.2654062858894632,0.06540628588946318,0.06540628588946318,0.00427798223385419
D,ou,mu,Standard OU $\mu$ recovery,$\mu$,1,0.2,-0.0174611797691461,-0.2174611797691461,0.2174611797691461,0.047289364706588885
D,ou,mu,Standard OU $\mu$ recovery,$\mu$,2,0.2,0.0267904195244281,-0.17320958047557192,0.17320958047557192,0.030001558768523624
D,ou,mu,Standard OU $\mu$ recovery,$\mu$,3,0.2,-0.0138957927641696,-0.21389579276416962,0.21389579276416962,0.0457514101622126
D,ou,mu,Standard OU $\mu$ recovery,$\mu$,4,0.2,0.1542372215236361,-0.045762778476363924,0.045762778476363924,0.002094231893876757
D,ou,mu,Standard OU $\mu$ recovery,$\mu$,5,0.2,0.1618931218766157,-0.03810687812338431,0.03810687812338431,0.001452134160310466
D,ou,mu,Standard OU $\mu$ recovery,$\mu$,6,0.2,0.1446409541642306,-0.05535904583576942,0.05535904583576942,0.00306462395584682
D,ou,mu,Standard OU $\mu$ recovery,$\mu$,7,0.2,-0.5870321680768823,-0.7870321680768824,0.7870321680768824,0.6194196335877981
D,ou,mu,Standard OU $\mu$ recovery,$\mu$,8,0.2,0.3239605169159507,0.12396051691595067,0.12396051691595067,0.015366209754069693
D,ou,mu,Standard OU $\mu$ recovery,$\mu$,9,0.2,0.1440734034185244,-0.05592659658147561,0.05592659658147561,0.0031277842051871197
D,ou,mu,Standard OU $\mu$ recovery,$\mu$,10,0.2,0.176350161785064,-0.02364983821493602,0.02364983821493602,0.0005593148475926482
D,ou,mu,Standard OU $\mu$ recovery,$\mu$,11,0.2,0.3119238544365155,0.11192385443651548,0.11192385443651548,0.012526949191926305
D,ou,mu,Standard OU $\mu$ recovery,$\mu$,12,0.2,0.2987480279245726,0.0987480279245726,0.0987480279245726,0.00975117301899217
D,ou,mu,Standard OU $\mu$ recovery,$\mu$,13,0.2,0.1869102162159322,-0.013089783784067804,0.013089783784067804,0.00017134243951364445
D,ou,mu,Standard OU $\mu$ recovery,$\mu$,14,0.2,0.4249120636907241,0.22491206369072408,0.22491206369072408,0.05058543639362033
D,ou,mu,Standard OU $\mu$ recovery,$\mu$,15,0.2,0.2667531349339246,0.0667531349339246,0.0667531349339246,0.004455981023506745
D,ou,mu,Standard OU $\mu$ recovery,$\mu$,16,0.2,0.2562696523146894,0.05626965231468939,0.05626965231468939,0.0031662737716160287
D,ou,mu,Standard OU $\mu$ recovery,$\mu$,17,0.2,0.2295504056073756,0.029550405607375596,0.029550405607375596,0.0008732264715604151
D,ou,mu,Standard OU $\mu$ recovery,$\mu$,18,0.2,0.4962112767205812,0.2962112767205812,0.2962112767205812,0.08774112045643671
D,ou,mu,Standard OU $\mu$ recovery,$\mu$,19,0.2,0.1345844720908909,-0.06541552790910912,0.06541552790910912,0.004279191291627435
D,ou,mu,Standard OU $\mu$ recovery,$\mu$,20,0.2,0.1357120785553321,-0.06428792144466791,0.06428792144466791,0.004132936843675793
D,ou,mu,Standard OU $\mu$ recovery,$\mu$,21,0.2,0.2756159491720244,0.07561594917202441,0.07561594917202441,0.005717771769186179
D,ou,mu,Standard OU $\mu$ recovery,$\mu$,22,0.2,0.2156466330584721,0.01564663305847208,0.01564663305847208,0.00024481712606647143
D,ou,mu,Standard OU $\mu$ recovery,$\mu$,23,0.2,0.5547292074422511,0.35472920744225106,0.35472920744225106,0.1258328106126076
D,ou,mu,Standard OU $\mu$ recovery,$\mu$,24,0.2,0.2239670906045628,0.023967090604562785,0.023967090604562785,0.0005744214320473217
D,ou,mu,Standard OU $\mu$ recovery,$\mu$,25,0.2,0.3212458135954578,0.12124581359545777,0.12124581359545777,0.014700547314424493
D,ou,mu,Standard OU $\mu$ recovery,$\mu$,26,0.2,0.1018263177813726,-0.0981736822186274,0.0981736822186274,0.009638071880364038
D,ou,mu,Standard OU $\mu$ recovery,$\mu$,27,0.2,0.1074912236254454,-0.09250877637455461,0.09250877637455461,0.008557873706317352
D,ou,mu,Standard OU $\mu$ recovery,$\mu$,28,0.2,0.3347236563364957,0.1347236563364957,0.1347236563364957,0.018150463576674197
D,ou,mu,Standard OU $\mu$ recovery,$\mu$,29,0.2,0.2944046963984788,0.09440469639847882,0.09440469639847882,0.008912246702088959
D,ou,mu,Standard OU $\mu$ recovery,$\mu$,30,0.2,0.363201761772514,0.163201761772514,0.163201761772514,0.02663481504565241
D,ou,mu,Standard OU $\mu$ recovery,$\mu$,31,0.2,0.3446609808803912,0.1446609808803912,0.1446609808803912,0.02092679938927691
D,ou,mu,Standard OU $\mu$ recovery,$\mu$,32,0.2,0.2421476934551319,0.04214769345513189,0.04214769345513189,0.0017764280635877677
D,ou,mu,Standard OU $\mu$ recovery,$\mu$,33,0.2,0.3389316641314079,0.1389316641314079,0.1389316641314079,0.01930200729832233
D,ou,mu,Standard OU $\mu$ recovery,$\mu$,34,0.2,0.1476713963988491,-0.05232860360115091,0.05232860360115091,0.0027382827548463836
D,ou,mu,Standard OU $\mu$ recovery,$\mu$,35,0.2,0.1714580487554403,-0.028541951244559716,0.028541951244559716,0.0008146429808468239
D,ou,mu,Standard OU $\mu$ recovery,$\mu$,36,0.2,0.3227961320152631,0.12279613201526307,0.12279613201526307,0.015078890037909916
D,ou,mu,Standard OU $\mu$ recovery,$\mu$,37,0.2,0.3796187838037516,0.17961878380375157,0.17961878380375157,0.03226290749513885
D,ou,mu,Standard OU $\mu$ recovery,$\mu$,38,0.2,0.3305365896873961,0.13053658968739607,0.13053658968739607,0.017039801247215595
D,ou,mu,Standard OU $\mu$ recovery,$\mu$,39,0.2,0.3013685599698085,0.10136855996980848,0.10136855996980848,0.010275584950352658
D,ou,mu,Standard OU $\mu$ recovery,$\mu$,40,0.2,0.4349966215197692,0.2349966215197692,0.2349966215197692,0.05522341212570565
D,ou,mu,Standard OU $\mu$ recovery,$\mu$,41,0.2,0.1932805403123914,-0.00671945968760862,0.00671945968760862,4.5151138493397335e-05
D,ou,mu,Standard OU $\mu$ recovery,$\mu$,42,0.2,0.2999682871591829,0.09996828715918288,0.09996828715918288,0.009993658437540848
D,ou,mu,Standard OU $\mu$ recovery,$\mu$,43,0.2,-0.407620634067322,-0.607620634067322,0.607620634067322,0.36920283494437445
D,ou,mu,Standard OU $\mu$ recovery,$\mu$,44,0.2,0.1571617550056085,-0.04283824499439151,0.04283824499439151,0.0018351152341995094
D,ou,mu,Standard OU $\mu$ recovery,$\mu$,45,0.2,0.3095715256402259,0.10957152564022588,0.10957152564022588,0.012005919231126677
D,ou,mu,Standard OU $\mu$ recovery,$\mu$,46,0.2,0.2066554956690172,0.006655495669017186,0.006655495669017186,4.4295622600306524e-05
D,ou,mu,Standard OU $\mu$ recovery,$\mu$,47,0.2,0.4071727550422724,0.2071727550422724,0.2071727550422724,0.0429205504318054
D,ou,mu,Standard OU $\mu$ recovery,$\mu$,48,0.2,0.2192838049103907,0.019283804910390695,0.019283804910390695,0.00037186513182200826
D,ou,mu,Standard OU $\mu$ recovery,$\mu$,49,0.2,-0.1074413889721703,-0.3074413889721703,0.3074413889721703,0.09452020765313733
D,ou,mu,Standard OU $\mu$ recovery,$\mu$,50,0.2,-2.798011235719523,-2.998011235719523,2.998011235719523,8.988071369500501
D,ou,mu,Standard OU $\mu$ recovery,$\mu$,51,0.2,0.0378559363889554,-0.1621440636110446,0.1621440636110446,0.02629069736430248
D,ou,mu,Standard OU $\mu$ recovery,$\mu$,52,0.2,0.1696147690779703,-0.030385230922029716,0.030385230922029716,0.0009232622581850708
D,ou,mu,Standard OU $\mu$ recovery,$\mu$,53,0.2,0.1866907080301116,-0.01330929196988842,0.01330929196988842,0.0001771372527397364
D,ou,mu,Standard OU $\mu$ recovery,$\mu$,54,0.2,0.0954036166605306,-0.10459638333946941,0.10459638333946941,0.010940403407697235
D,ou,mu,Standard OU $\mu$ recovery,$\mu$,55,0.2,-0.1605019056541144,-0.36050190565411444,0.36050190565411444,0.12996162398024802
D,ou,mu,Standard OU $\mu$ recovery,$\mu$,56,0.2,0.4742718455246828,0.2742718455246828,0.2742718455246828,0.07522504524751547
D,ou,mu,Standard OU $\mu$ recovery,$\mu$,57,0.2,0.4191627996995621,0.2191627996995621,0.2191627996995621,0.048032332772150375
D,ou,mu,Standard OU $\mu$ recovery,$\mu$,58,0.2,0.2329570730496715,0.03295707304967149,0.03295707304967149,0.001086168664001383
D,ou,mu,Standard OU $\mu$ recovery,$\mu$,59,0.2,0.4723550027757209,0.2723550027757209,0.2723550027757209,0.07417724753696293
D,ou,mu,Standard OU $\mu$ recovery,$\mu$,60,0.2,0.0928945006203999,-0.10710549937960011,0.10710549937960011,0.01147158799735352
D,ou,mu,Standard OU $\mu$ recovery,$\mu$,61,0.2,0.1667928545592552,-0.03320714544074482,0.03320714544074482,0.0011027145083227798
D,ou,mu,Standard OU $\mu$ recovery,$\mu$,62,0.2,0.1208572136539513,-0.07914278634604871,0.07914278634604871,0.006263580630616314
D,ou,mu,Standard OU $\mu$ recovery,$\mu$,63,0.2,0.1005402383810786,-0.09945976161892141,0.09945976161892141,0.009892244181292672
D,ou,mu,Standard OU $\mu$ recovery,$\mu$,64,0.2,0.2681871388223666,0.0681871388223666,0.0681871388223666,0.004649485900780694
D,ou,mu,Standard OU $\mu$ recovery,$\mu$,65,0.2,0.275153897209669,0.07515389720966897,0.07515389720966897,0.00564810826580149
D,ou,mu,Standard OU $\mu$ recovery,$\mu$,66,0.2,0.2487859402378284,0.048785940237828396,0.048785940237828396,0.002380067964888964
D,ou,mu,Standard OU $\mu$ recovery,$\mu$,67,0.2,0.2781740354188933,0.07817403541889328,0.07817403541889328,0.006111179813674382
D,ou,mu,Standard OU $\mu$ recovery,$\mu$,68,0.2,0.2724746905320089,0.07247469053200889,0.07247469053200889,0.005252580767710459
D,ou,mu,Standard OU $\mu$ recovery,$\mu$,69,0.2,0.359090569003331,0.15909056900333096,0.15909056900333096,0.02530980914580361
D,ou,mu,Standard OU $\mu$ recovery,$\mu$,70,0.2,0.034705369941757,-0.16529463005824302,0.16529463005824302,0.027322314726091416
D,ou,mu,Standard OU $\mu$ recovery,$\mu$,71,0.2,0.0713324284157174,-0.1286675715842826,0.1286675715842826,0.016555343977396487
D,ou,mu,Standard OU $\mu$ recovery,$\mu$,72,0.2,0.1824479740599216,-0.017552025940078403,0.017552025940078403,0.0003080736146011851
D,ou,mu,Standard OU $\mu$ recovery,$\mu$,73,0.2,0.3941395128464472,0.1941395128464472,0.1941395128464472,0.03769015044825584
D,ou,mu,Standard OU $\mu$ recovery,$\mu$,74,0.2,0.0484258132652701,-0.15157418673472992,0.15157418673472992,0.022974734084294773
D,ou,mu,Standard OU $\mu$ recovery,$\mu$,75,0.2,0.3703304614476554,0.1703304614476554,0.1703304614476554,0.029012466096971223
D,ou,mu,Standard OU $\mu$ recovery,$\mu$,76,0.2,0.4624273964031055,0.2624273964031055,0.2624273964031055,0.06886813838291266
D,ou,mu,Standard OU $\mu$ recovery,$\mu$,77,0.2,0.3020295147474998,0.10202951474749977,0.10202951474749977,0.010410021879610274
D,ou,mu,Standard OU $\mu$ recovery,$\mu$,78,0.2,0.0748597822504677,-0.12514021774953232,0.12514021774953232,0.015660074098400364
D,ou,mu,Standard OU $\mu$ recovery,$\mu$,79,0.2,-0.1039031809408876,-0.30390318094088764,0.30390318094088764,0.0923571433859899
D,ou,mu,Standard OU $\mu$ recovery,$\mu$,80,0.2,-0.0659631938617073,-0.2659631938617073,0.2659631938617073,0.0707364204891201
D,ou,mu,Standard OU $\mu$ recovery,$\mu$,81,0.2,0.2701360005156736,0.07013600051567359,0.07013600051567359,0.0049190585683345665
D,ou,mu,Standard OU $\mu$ recovery,$\mu$,82,0.2,0.1036560171670133,-0.09634398283298672,0.09634398283298672,0.009282163028122839
D,ou,mu,Standard OU $\mu$ recovery,$\mu$,83,0.2,0.2460089221433863,0.04600892214338628,0.04600892214338628,0.002116820916796181
D,ou,mu,Standard OU $\mu$ recovery,$\mu$,84,0.2,0.1792396025574548,-0.02076039744254521,0.02076039744254521,0.00043099410197243763
D,ou,mu,Standard OU $\mu$ recovery,$\mu$,85,0.2,0.0968443471159851,-0.10315565288401492,0.10315565288401492,0.010641088721927375
D,ou,mu,Standard OU $\mu$ recovery,$\mu$,86,0.2,0.2054136268795971,0.005413626879597094,0.005413626879597094,2.930735599149617e-05
D,ou,mu,Standard OU $\mu$ recovery,$\mu$,87,0.2,0.3184701913352822,0.1184701913352822,0.1184701913352822,0.014035186235018373
D,ou,mu,Standard OU $\mu$ recovery,$\mu$,88,0.2,0.2930047760186548,0.09300477601865481,0.09300477601865481,0.008649888362280148
D,ou,mu,Standard OU $\mu$ recovery,$\mu$,89,0.2,0.2027622748835017,0.0027622748835016975,0.0027622748835016975,7.630162532024316e-06
D,ou,mu,Standard OU $\mu$ recovery,$\mu$,90,0.2,-0.162076265855377,-0.362076265855377,0.362076265855377,0.13109922229577364
D,ou,mu,Standard OU $\mu$ recovery,$\mu$,91,0.2,0.282804769238223,0.082804769238223,0.082804769238223,0.006856629808595361
D,ou,mu,Standard OU $\mu$ recovery,$\mu$,92,0.2,0.418227412973286,0.21822741297328596,0.21822741297328596,0.0476232037730131
D,ou,mu,Standard OU $\mu$ recovery,$\mu$,93,0.2,0.4323971088036522,0.23239710880365216,0.23239710880365216,0.054008416180296545
D,ou,mu,Standard OU $\mu$ recovery,$\mu$,94,0.2,0.3869177132621793,0.18691771326217926,0.18691771326217926,0.03493823153116227
D,ou,mu,Standard OU $\mu$ recovery,$\mu$,95,0.2,0.3111551825139751,0.1111551825139751,0.1111551825139751,0.012355474599715116
D,ou,mu,Standard OU $\mu$ recovery,$\mu$,96,0.2,0.1493875570448932,-0.05061244295510681,0.05061244295510681,0.0025616193818839405
D,ou,mu,Standard OU $\mu$ recovery,$\mu$,97,0.2,0.1895265072393156,-0.010473492760684405,0.010473492760684405,0.00010969405060810864
D,ou,mu,Standard OU $\mu$ recovery,$\mu$,98,0.2,0.5256692084174148,0.3256692084174148,0.3256692084174148,0.10606043331122557
D,ou,mu,Standard OU $\mu$ recovery,$\mu$,99,0.2,-0.1451760967405179,-0.3451760967405179,0.3451760967405179,0.11914653776101938
E,ou,sigma,Standard OU $\sigma$ recovery,$\sigma$,0,0.25,0.2168369052315365,-0.03316309476846349,0.03316309476846349,0.0010997908546220906
E,ou,sigma,Standard OU $\sigma$ recovery,$\sigma$,1,0.25,0.2126972110019889,-0.037302788998011094,0.037302788998011094,0.0013914980670301374
E,ou,sigma,Standard OU $\sigma$ recovery,$\sigma$,2,0.25,0.212102761402997,-0.037897238597003,0.037897238597003,0.0014362006932781741
E,ou,sigma,Standard OU $\sigma$ recovery,$\sigma$,3,0.25,0.2601829231800745,0.010182923180074521,0.010182923180074521,0.000103691924491299
E,ou,sigma,Standard OU $\sigma$ recovery,$\sigma$,4,0.25,0.1819349186470234,-0.06806508135297659,0.06806508135297659,0.004632855299587322
E,ou,sigma,Standard OU $\sigma$ recovery,$\sigma$,5,0.25,0.243755359070711,-0.006244640929289003,0.006244640929289003,3.899554033575142e-05
E,ou,sigma,Standard OU $\sigma$ recovery,$\sigma$,6,0.25,0.2394125708328225,-0.010587429167177503,0.010587429167177503,0.00011209365637000093
E,ou,sigma,Standard OU $\sigma$ recovery,$\sigma$,7,0.25,0.196824355821583,-0.053175644178417,0.053175644178417,0.0028276491337896137
E,ou,sigma,Standard OU $\sigma$ recovery,$\sigma$,8,0.25,0.3236115116150327,0.07361151161503271,0.07361151161503271,0.005418654642250095
E,ou,sigma,Standard OU $\sigma$ recovery,$\sigma$,9,0.25,0.2499781290038598,-2.1870996140205268e-05,2.1870996140205268e-05,4.783404721648737e-10
E,ou,sigma,Standard OU $\sigma$ recovery,$\sigma$,10,0.25,0.3170235917195405,0.06702359171954048,0.06702359171954048,0.004492161846987655
E,ou,sigma,Standard OU $\sigma$ recovery,$\sigma$,11,0.25,0.1956500900002826,-0.054349909999717394,0.054349909999717394,0.0029539127169773806
E,ou,sigma,Standard OU $\sigma$ recovery,$\sigma$,12,0.25,0.3121475724048237,0.062147572404823714,0.062147572404823714,0.003862320755812806
E,ou,sigma,Standard OU $\sigma$ recovery,$\sigma$,13,0.25,0.2701823362427017,0.020182336242701715,0.020182336242701715,0.00040732669621347116
E,ou,sigma,Standard OU $\sigma$ recovery,$\sigma$,14,0.25,0.1816810349403944,-0.06831896505960561,0.06831896505960561,0.004667480986815612
E,ou,sigma,Standard OU $\sigma$ recovery,$\sigma$,15,0.25,0.2906342658688416,0.04063426586884161,0.04063426586884161,0.0016511435626997064
E,ou,sigma,Standard OU $\sigma$ recovery,$\sigma$,16,0.25,0.1931265498105874,-0.05687345018941259,0.05687345018941259,0.003234589336447595
E,ou,sigma,Standard OU $\sigma$ recovery,$\sigma$,17,0.25,0.2574135162806547,0.007413516280654675,0.007413516280654675,5.4960223643531925e-05
E,ou,sigma,Standard OU $\sigma$ recovery,$\sigma$,18,0.25,0.3163300120444309,0.0663300120444309,0.0663300120444309,0.0043996704978143475
E,ou,sigma,Standard OU $\sigma$ recovery,$\sigma$,19,0.25,0.1923906401891345,-0.05760935981086551,0.05760935981086551,0.0033188383378177666
E,ou,sigma,Standard OU $\sigma$ recovery,$\sigma$,20,0.25,0.1974522458640222,-0.05254775413597779,0.05254775413597779,0.0027612664647351706
E,ou,sigma,Standard OU $\sigma$ recovery,$\sigma$,21,0.25,0.2054012100260996,-0.044598789973900405,0.044598789973900405,0.001989052067136079
E,ou,sigma,Standard OU $\sigma$ recovery,$\sigma$,22,0.25,0.30555950932056,0.055559509320559974,0.055559509320559974,0.0030868590759413907
E,ou,sigma,Standard OU $\sigma$ recovery,$\sigma$,23,0.25,0.2987922174229696,0.048792217422969575,0.048792217422969575,0.002380680481050336
E,ou,sigma,Standard OU $\sigma$ recovery,$\sigma$,24,0.25,0.2212815959493534,-0.0287184040506466,0.0287184040506466,0.0008247467312161951
E,ou,sigma,Standard OU $\sigma$ recovery,$\sigma$,25,0.25,0.2390570420431633,-0.010942957956836696,0.010942957956836696,0.00011974832884509557
E,ou,sigma,Standard OU $\sigma$ recovery,$\sigma$,26,0.25,0.2404945506357784,-0.009505449364221596,0.009505449364221596,9.035356761578075e-05
E,ou,sigma,Standard OU $\sigma$ recovery,$\sigma$,27,0.25,0.3009850789858588,0.0509850789858588,0.0509850789858588,0.0025994782791942607
E,ou,sigma,Standard OU $\sigma$ recovery,$\sigma$,28,0.25,0.2629645043873196,0.012964504387319609,0.012964504387319609,0.00016807837400882939
E,ou,sigma,Standard OU $\sigma$ recovery,$\sigma$,29,0.25,0.2797592331043736,0.029759233104373617,0.029759233104373617,0.0008856119549604466
E,ou,sigma,Standard OU $\sigma$ recovery,$\sigma$,30,0.25,0.2342698435400842,-0.015730156459915795,0.015730156459915795,0.00024743782225343064
E,ou,sigma,Standard OU $\sigma$ recovery,$\sigma$,31,0.25,0.2050160027496638,-0.044983997250336194,0.044983997250336194,0.0020235600086182543
E,ou,sigma,Standard OU $\sigma$ recovery,$\sigma$,32,0.25,0.2271506932414047,-0.02284930675859531,0.02284930675859531,0.0005220908193483894
E,ou,sigma,Standard OU $\sigma$ recovery,$\sigma$,33,0.25,0.1582386674101528,-0.0917613325898472,0.0917613325898472,0.008420142158664554
E,ou,sigma,Standard OU $\sigma$ recovery,$\sigma$,34,0.25,0.284001225984617,0.03400122598461702,0.03400122598461702,0.0011560833684569958
E,ou,sigma,Standard OU $\sigma$ recovery,$\sigma$,35,0.25,0.2529022335675707,0.002902233567570689,0.002902233567570689,8.42295968073409e-06
E,ou,sigma,Standard OU $\sigma$ recovery,$\sigma$,36,0.25,0.2236095160332067,-0.026390483966793304,0.026390483966793304,0.0006964576440015744
E,ou,sigma,Standard OU $\sigma$ recovery,$\sigma$,37,0.25,0.1639463694211811,-0.0860536305788189,0.0860536305788189,0.007405227335795836
E,ou,sigma,Standard OU $\sigma$ recovery,$\sigma$,38,0.25,0.2877665707833096,0.03776657078330958,0.03776657078330958,0.001426313868730733
E,ou,sigma,Standard OU $\sigma$ recovery,$\sigma$,39,0.25,0.2721626829018229,0.022162682901822883,0.022162682901822883,0.0004911845134067524
E,ou,sigma,Standard OU $\sigma$ recovery,$\sigma$,40,0.25,0.1965536498091193,-0.053446350190880704,0.053446350190880704,0.002856512348726254
E,ou,sigma,Standard OU $\sigma$ recovery,$\sigma$,41,0.25,0.2283387240073561,-0.02166127599264389,0.02166127599264389,0.0004692108776294906
E,ou,sigma,Standard OU $\sigma$ recovery,$\sigma$,42,0.25,0.2378054345322318,-0.012194565467768204,0.012194565467768204,0.00014870742694768474
E,ou,sigma,Standard OU $\sigma$ recovery,$\sigma$,43,0.25,0.1880305340582349,-0.06196946594176511,0.06196946594176511,0.0038402147091075862
E,ou,sigma,Standard OU $\sigma$ recovery,$\sigma$,44,0.25,0.2270950013507574,-0.022904998649242614,0.022904998649242614,0.000524638963121806
E,ou,sigma,Standard OU $\sigma$ recovery,$\sigma$,45,0.25,0.2030469850544337,-0.04695301494556631,0.04695301494556631,0.002204585612478573
E,ou,sigma,Standard OU $\sigma$ recovery,$\sigma$,46,0.25,0.2732867644253635,0.023286764425363482,0.023286764425363482,0.0005422733974023743
E,ou,sigma,Standard OU $\sigma$ recovery,$\sigma$,47,0.25,0.2227920976257941,-0.027207902374205895,0.027207902374205895,0.0007402699516043188
E,ou,sigma,Standard OU $\sigma$ recovery,$\sigma$,48,0.25,0.2556310217106384,0.005631021710638395,0.005631021710638395,3.1708405505680956e-05
E,ou,sigma,Standard OU $\sigma$ recovery,$\sigma$,49,0.25,0.1762900046878552,-0.07370999531214481,0.07370999531214481,0.00543316340891641
E,ou,sigma,Standard OU $\sigma$ recovery,$\sigma$,50,0.25,0.2141524690806341,-0.035847530919365905,0.035847530919365905,0.0012850454730148947
E,ou,sigma,Standard OU $\sigma$ recovery,$\sigma$,51,0.25,0.2572341700603975,0.0072341700603975045,0.0072341700603975045,5.2333216462751635e-05
E,ou,sigma,Standard OU $\sigma$ recovery,$\sigma$,52,0.25,0.2045288706966655,-0.045471129303334495,0.045471129303334495,0.002067623600120565
E,ou,sigma,Standard OU $\sigma$ recovery,$\sigma$,53,0.25,0.2236494788349819,-0.026350521165018098,0.026350521165018098,0.0006943499656680667
E,ou,sigma,Standard OU $\sigma$ recovery,$\sigma$,54,0.25,0.2428335663223047,-0.007166433677695289,0.007166433677695289,5.135777165680522e-05
E,ou,sigma,Standard OU $\sigma$ recovery,$\sigma$,55,0.25,0.2399931446660917,-0.010006855333908299,0.010006855333908299,0.00010013715367376898
E,ou,sigma,Standard OU $\sigma$ recovery,$\sigma$,56,0.25,0.3085746140026648,0.05857461400266478,0.05857461400266478,0.0034309854055611733
E,ou,sigma,Standard OU $\sigma$ recovery,$\sigma$,57,0.25,0.2686783823820166,0.01867838238201658,0.01867838238201658,0.0003488819684088273
E,ou,sigma,Standard OU $\sigma$ recovery,$\sigma$,58,0.25,0.3048111004967335,0.05481110049673349,0.05481110049673349,0.003004256737663018
E,ou,sigma,Standard OU $\sigma$ recovery,$\sigma$,59,0.25,0.2617726172719981,0.011772617271998076,0.011772617271998076,0.00013859451743294742
E,ou,sigma,Standard OU $\sigma$ recovery,$\sigma$,60,0.25,0.2097499175386444,-0.04025008246135561,0.04025008246135561,0.0016200691381459268
E,ou,sigma,Standard OU $\sigma$ recovery,$\sigma$,61,0.25,0.2383329671844732,-0.011667032815526807,0.011667032815526807,0.00013611965471857938
E,ou,sigma,Standard OU $\sigma$ recovery,$\sigma$,62,0.25,0.2426615781444188,-0.007338421855581201,0.007338421855581201,5.385243533047184e-05
E,ou,sigma,Standard OU $\sigma$ recovery,$\sigma$,63,0.25,0.2104942255615463,-0.03950577443845371,0.03950577443845371,0.0015607062139819826
E,ou,sigma,Standard OU $\sigma$ recovery,$\sigma$,64,0.25,0.2881866788400927,0.03818667884009269,0.03818667884009269,0.001458222440836383
E,ou,sigma,Standard OU $\sigma$ recovery,$\sigma$,65,0.25,0.2823188923005503,0.032318892300550295,0.032318892300550295,0.0010445107995345692
E,ou,sigma,Standard OU $\sigma$ recovery,$\sigma$,66,0.25,0.2943593832467783,0.044359383246778294,0.044359383246778294,0.0019677548820345547
E,ou,sigma,Standard OU $\sigma$ recovery,$\sigma$,67,0.25,0.1702007809177201,-0.07979921908227991,0.07979921908227991,0.006367915366141706
E,ou,sigma,Standard OU $\sigma$ recovery,$\sigma$,68,0.25,0.2688907860084547,0.018890786008454674,0.018890786008454674,0.0003568617960172269
E,ou,sigma,Standard OU $\sigma$ recovery,$\sigma$,69,0.25,0.2760182151837163,0.026018215183716276,0.026018215183716276,0.0006769475213461642
E,ou,sigma,Standard OU $\sigma$ recovery,$\sigma$,70,0.25,0.2407572511802212,-0.009242748819778795,0.009242748819778795,8.542840574552231e-05
E,ou,sigma,Standard OU $\sigma$ recovery,$\sigma$,71,0.25,0.1854167257725462,-0.0645832742274538,0.0645832742274538,0.004170999309938498
E,ou,sigma,Standard OU $\sigma$ recovery,$\sigma$,72,0.25,0.214200910074922,-0.03579908992507799,0.03579908992507799,0.0012815748394638207
E,ou,sigma,Standard OU $\sigma$ recovery,$\sigma$,73,0.25,0.225165587207922,-0.024834412792077987,0.024834412792077987,0.0006167480587273268
E,ou,sigma,Standard OU $\sigma$ recovery,$\sigma$,74,0.25,0.3056435136730064,0.055643513673006406,0.055643513673006406,0.0030962006138780507
E,ou,sigma,Standard OU $\sigma$ recovery,$\sigma$,75,0.25,0.2635524611582182,0.013552461158218176,0.013552461158218176,0.00018366920344501235
E,ou,sigma,Standard OU $\sigma$ recovery,$\sigma$,76,0.25,0.2341684502219026,-0.015831549778097392,0.015831549778097392,0.0002506379683763756
E,ou,sigma,Standard OU $\sigma$ recovery,$\sigma$,77,0.25,0.2880065932363272,0.03800659323632721,0.03800659323632721,0.0014445011294316335
E,ou,sigma,Standard OU $\sigma$ recovery,$\sigma$,78,0.25,0.2520530517155593,0.0020530517155593064,0.0020530517155593064,4.215021346761011e-06
E,ou,sigma,Standard OU $\sigma$ recovery,$\sigma$,79,0.25,0.1993265286878665,-0.05067347131213351,0.05067347131213351,0.002567800694821618
E,ou,sigma,Standard OU $\sigma$ recovery,$\sigma$,80,0.25,0.1787992869887699,-0.0712007130112301,0.0712007130112301,0.005069541533307551
E,ou,sigma,Standard OU $\sigma$ recovery,$\sigma$,81,0.25,0.302663471788997,0.052663471788996996,0.052663471788996996,0.0027734412608704825
E,ou,sigma,Standard OU $\sigma$ recovery,$\sigma$,82,0.25,0.2048841883848015,-0.04511581161519851,0.04511581161519851,0.0020354364576980807
E,ou,sigma,Standard OU $\sigma$ recovery,$\sigma$,83,0.25,0.2722705800821032,0.022270580082103197,0.022270580082103197,0.0004959787371933717
E,ou,sigma,Standard OU $\sigma$ recovery,$\sigma$,84,0.25,0.229147367430894,-0.020852632569105994,0.020852632569105994,0.0004348322850621401
E,ou,sigma,Standard OU $\sigma$ recovery,$\sigma$,85,0.25,0.2118200506641771,-0.03817994933582289,0.03817994933582289,0.0014577085312860027
E,ou,sigma,Standard OU $\sigma$ recovery,$\sigma$,86,0.25,0.3010814228517908,0.05108142285179079,0.05108142285179079,0.0026093117605634547
E,ou,sigma,Standard OU $\sigma$ recovery,$\sigma$,87,0.25,0.3046942033930515,0.05469420339305148,0.05469420339305148,0.002991455884800484
E,ou,sigma,Standard OU $\sigma$ recovery,$\sigma$,88,0.25,0.2097842550245622,-0.04021574497543781,0.04021574497543781,0.0016173061439294517
E,ou,sigma,Standard OU $\sigma$ recovery,$\sigma$,89,0.25,0.3462145485448388,0.0962145485448388,0.0962145485448388,0.009257239351687142
E,ou,sigma,Standard OU $\sigma$ recovery,$\sigma$,90,0.25,0.2231302635539803,-0.0268697364460197,0.0268697364460197,0.0007219827366785593
E,ou,sigma,Standard OU $\sigma$ recovery,$\sigma$,91,0.25,0.2724515808555397,0.02245158085553972,0.02245158085553972,0.0005040734829128377
E,ou,sigma,Standard OU $\sigma$ recovery,$\sigma$,92,0.25,0.3243213613769224,0.07432136137692241,0.07432136137692241,0.005523664756919094
E,ou,sigma,Standard OU $\sigma$ recovery,$\sigma$,93,0.25,0.2948972793412207,0.044897279341220675,0.044897279341220675,0.0020157656922436006
E,ou,sigma,Standard OU $\sigma$ recovery,$\sigma$,94,0.25,0.2576679769671116,0.007667976967111578,0.007667976967111578,5.879787076815368e-05
E,ou,sigma,Standard OU $\sigma$ recovery,$\sigma$,95,0.25,0.1731681862698522,-0.0768318137301478,0.0768318137301478,0.005903127601064128
E,ou,sigma,Standard OU $\sigma$ recovery,$\sigma$,96,0.25,0.2566381633653082,0.006638163365308203,0.006638163365308203,4.406521286451993e-05
E,ou,sigma,Standard OU $\sigma$ recovery,$\sigma$,97,0.25,0.2340165014241441,-0.015983498575855903,0.015983498575855903,0.0002554722267243877
E,ou,sigma,Standard OU $\sigma$ recovery,$\sigma$,98,0.25,0.3252874047190253,0.07528740471902529,0.07528740471902529,0.005668193309326311
E,ou,sigma,Standard OU $\sigma$ recovery,$\sigma$,99,0.25,0.2149301455435736,-0.03506985445642641,0.03506985445642641,0.001229894691594931
F,shifted_ou,delta,Treatment-shift $\Delta$ recovery,$\Delta$,0,0.6,0.1453602183715448,-0.4546397816284552,0.4546397816284552,0.20669733103916943
F,shifted_ou,delta,Treatment-shift $\Delta$ recovery,$\Delta$,1,0.6,0.6293400976809013,0.02934009768090129,0.02934009768090129,0.0008608413319248292
F,shifted_ou,delta,Treatment-shift $\Delta$ recovery,$\Delta$,2,0.6,0.4359569488821386,-0.16404305111786138,0.16404305111786138,0.02691012262005728
F,shifted_ou,delta,Treatment-shift $\Delta$ recovery,$\Delta$,3,0.6,0.4109817754337103,-0.1890182245662897,0.1890182245662897,0.035727889218192324
F,shifted_ou,delta,Treatment-shift $\Delta$ recovery,$\Delta$,4,0.6,0.2530015889463496,-0.34699841105365037,0.34699841105365037,0.1204078972737581
F,shifted_ou,delta,Treatment-shift $\Delta$ recovery,$\Delta$,5,0.6,0.69525859003114,0.09525859003114001,0.09525859003114001,0.009074198974720808
F,shifted_ou,delta,Treatment-shift $\Delta$ recovery,$\Delta$,6,0.6,0.4518106669948231,-0.1481893330051769,0.1481893330051769,0.02196007841651921
F,shifted_ou,delta,Treatment-shift $\Delta$ recovery,$\Delta$,7,0.6,0.8377631434752485,0.23776314347524852,0.23776314347524852,0.05653131239523161
F,shifted_ou,delta,Treatment-shift $\Delta$ recovery,$\Delta$,8,0.6,0.8679157494689288,0.2679157494689288,0.2679157494689288,0.07177884881349783
F,shifted_ou,delta,Treatment-shift $\Delta$ recovery,$\Delta$,9,0.6,3.1871743245957416,2.5871743245957415,2.5871743245957415,6.693470985847431
F,shifted_ou,delta,Treatment-shift $\Delta$ recovery,$\Delta$,10,0.6,0.3797261383223193,-0.2202738616776807,0.2202738616776807,0.04852057413839801
F,shifted_ou,delta,Treatment-shift $\Delta$ recovery,$\Delta$,11,0.6,1.2443666516114589,0.6443666516114589,0.6443666516114589,0.41520838170896324
F,shifted_ou,delta,Treatment-shift $\Delta$ recovery,$\Delta$,12,0.6,0.8922648251135937,0.29226482511359375,0.29226482511359375,0.08541872799867954
F,shifted_ou,delta,Treatment-shift $\Delta$ recovery,$\Delta$,13,0.6,0.7702182581297201,0.17021825812972013,0.17021825812972013,0.028974255400716034
F,shifted_ou,delta,Treatment-shift $\Delta$ recovery,$\Delta$,14,0.6,0.1446964123453165,-0.4553035876546835,0.4553035876546835,0.20730135693122603
F,shifted_ou,delta,Treatment-shift $\Delta$ recovery,$\Delta$,15,0.6,0.5946818065375867,-0.005318193462413245,0.005318193462413245,2.8283181703654984e-05
F,shifted_ou,delta,Treatment-shift $\Delta$ recovery,$\Delta$,16,0.6,0.5785039886526456,-0.02149601134735435,0.02149601134735435,0.00046207850384558693
F,shifted_ou,delta,Treatment-shift $\Delta$ recovery,$\Delta$,17,0.6,0.3969179792562354,-0.20308202074376458,0.20308202074376458,0.04124230714937083
F,shifted_ou,delta,Treatment-shift $\Delta$ recovery,$\Delta$,18,0.6,0.518345798143343,-0.08165420185665695,0.08165420185665695,0.006667408680847679
F,shifted_ou,delta,Treatment-shift $\Delta$ recovery,$\Delta$,19,0.6,0.264793531601822,-0.33520646839817797,0.33520646839817797,0.11236337645597869
F,shifted_ou,delta,Treatment-shift $\Delta$ recovery,$\Delta$,20,0.6,0.3205098775257703,-0.27949012247422966,0.27949012247422966,0.0781147285606599
F,shifted_ou,delta,Treatment-shift $\Delta$ recovery,$\Delta$,21,0.6,0.6102687219433779,0.010268721943377912,0.010268721943377912,0.00010544665035041104
F,shifted_ou,delta,Treatment-shift $\Delta$ recovery,$\Delta$,22,0.6,0.5588076103248154,-0.04119238967518457,0.04119238967518457,0.0016968129671522524
F,shifted_ou,delta,Treatment-shift $\Delta$ recovery,$\Delta$,23,0.6,0.1136510708204136,-0.4863489291795864,0.4863489291795864,0.23653528091413034
F,shifted_ou,delta,Treatment-shift $\Delta$ recovery,$\Delta$,24,0.6,0.8265757865576939,0.22657578655769395,0.22657578655769395,0.05133658705423769
F,shifted_ou,delta,Treatment-shift $\Delta$ recovery,$\Delta$,25,0.6,0.6516853203211819,0.05168532032118189,0.05168532032118189,0.002671372336703178
F,shifted_ou,delta,Treatment-shift $\Delta$ recovery,$\Delta$,26,0.6,0.5674918813854646,-0.0325081186145354,0.0325081186145354,0.0010567777758567027
F,shifted_ou,delta,Treatment-shift $\Delta$ recovery,$\Delta$,27,0.6,0.5955601738430538,-0.004439826156946158,0.004439826156946158,1.9712056303903292e-05
F,shifted_ou,delta,Treatment-shift $\Delta$ recovery,$\Delta$,28,0.6,0.1974564695305902,-0.40254353046940977,0.40254353046940977,0.16204129392277664
F,shifted_ou,delta,Treatment-shift $\Delta$ recovery,$\Delta$,29,0.6,0.5314624784685472,-0.06853752153145276,0.06853752153145276,0.004697391857674351
F,shifted_ou,delta,Treatment-shift $\Delta$ recovery,$\Delta$,30,0.6,0.3255556655569713,-0.2744443344430287,0.2744443344430287,0.07531969270787697
F,shifted_ou,delta,Treatment-shift $\Delta$ recovery,$\Delta$,31,0.6,0.4302630011928899,-0.16973699880711007,0.16973699880711007,0.028810648764044888
F,shifted_ou,delta,Treatment-shift $\Delta$ recovery,$\Delta$,32,0.6,0.2312878796404493,-0.3687121203595507,0.3687121203595507,0.1359486277000358
F,shifted_ou,delta,Treatment-shift $\Delta$ recovery,$\Delta$,33,0.6,1.743405744936101,1.1434057449361008,1.1434057449361008,1.3073766975528796
F,shifted_ou,delta,Treatment-shift $\Delta$ recovery,$\Delta$,34,0.6,0.2748453947270472,-0.32515460527295276,0.32515460527295276,0.10572551733020971
F,shifted_ou,delta,Treatment-shift $\Delta$ recovery,$\Delta$,35,0.6,0.7042273306741985,0.10422733067419854,0.10422733067419854,0.010863336459468728
F,shifted_ou,delta,Treatment-shift $\Delta$ recovery,$\Delta$,36,0.6,0.4794433033633433,-0.12055669663665669,0.12055669663665669,0.01453391710394287
F,shifted_ou,delta,Treatment-shift $\Delta$ recovery,$\Delta$,37,0.6,0.512329820602239,-0.087670179397761,0.087670179397761,0.007686060355635598
F,shifted_ou,delta,Treatment-shift $\Delta$ recovery,$\Delta$,38,0.6,1.5275448857742626,0.9275448857742626,0.9275448857742626,0.8603395151259899
F,shifted_ou,delta,Treatment-shift $\Delta$ recovery,$\Delta$,39,0.6,0.3552283425009079,-0.24477165749909208,0.24477165749909208,0.059913164314852836
F,shifted_ou,delta,Treatment-shift $\Delta$ recovery,$\Delta$,40,0.6,0.1591982231469155,-0.44080177685308447,0.44080177685308447,0.19430620647683647
F,shifted_ou,delta,Treatment-shift $\Delta$ recovery,$\Delta$,41,0.6,0.5576170383999232,-0.04238296160007682,0.04238296160007682,0.0017963154339935862
F,shifted_ou,delta,Treatment-shift $\Delta$ recovery,$\Delta$,42,0.6,0.3736667502393853,-0.2263332497606147,0.2263332497606147,0.05122673994720079
F,shifted_ou,delta,Treatment-shift $\Delta$ recovery,$\Delta$,43,0.6,0.4158269778730039,-0.1841730221269961,0.1841730221269961,0.033919702079391
F,shifted_ou,delta,Treatment-shift $\Delta$ recovery,$\Delta$,44,0.6,1.3602321001901188,0.7602321001901188,0.7602321001901188,0.5779528461594788
F,shifted_ou,delta,Treatment-shift $\Delta$ recovery,$\Delta$,45,0.6,0.3499940387189648,-0.2500059612810352,0.2500059612810352,0.06250298067605446
F,shifted_ou,delta,Treatment-shift $\Delta$ recovery,$\Delta$,46,0.6,0.6023422586827376,0.00234225868273763,0.00234225868273763,5.486175736859818e-06
F,shifted_ou,delta,Treatment-shift $\Delta$ recovery,$\Delta$,47,0.6,0.5462200967289227,-0.05377990327107729,0.05377990327107729,0.0028922779958464296
F,shifted_ou,delta,Treatment-shift $\Delta$ recovery,$\Delta$,48,0.6,0.4935154862724972,-0.10648451372750278,0.10648451372750278,0.011338951663782728
F,shifted_ou,delta,Treatment-shift $\Delta$ recovery,$\Delta$,49,0.6,0.8974664053312007,0.2974664053312007,0.2974664053312007,0.0884862623006662
F,shifted_ou,delta,Treatment-shift $\Delta$ recovery,$\Delta$,50,0.6,0.8512629084438763,0.25126290844387633,0.25126290844387633,0.06313304915967578
F,shifted_ou,delta,Treatment-shift $\Delta$ recovery,$\Delta$,51,0.6,0.5536238830137404,-0.04637611698625954,0.04637611698625954,0.002150744226723231
F,shifted_ou,delta,Treatment-shift $\Delta$ recovery,$\Delta$,52,0.6,1.025202061427661,0.4252020614276609,0.4252020614276609,0.18079679304233234
F,shifted_ou,delta,Treatment-shift $\Delta$ recovery,$\Delta$,53,0.6,0.4174640359654477,-0.1825359640345523,0.1825359640345523,0.03331937816602337
F,shifted_ou,delta,Treatment-shift $\Delta$ recovery,$\Delta$,54,0.6,0.76853754519869,0.16853754519869002,0.16853754519869002,0.028404904141600483
F,shifted_ou,delta,Treatment-shift $\Delta$ recovery,$\Delta$,55,0.6,0.6011341125311825,0.0011341125311825628,0.0011341125311825628,1.2862112333853196e-06
F,shifted_ou,delta,Treatment-shift $\Delta$ recovery,$\Delta$,56,0.6,0.9399416700181464,0.33994167001814646,0.33994167001814646,0.11556033901472637
F,shifted_ou,delta,Treatment-shift $\Delta$ recovery,$\Delta$,57,0.6,0.5818466172729402,-0.018153382727059797,0.018153382727059797,0.000329545304435113
F,shifted_ou,delta,Treatment-shift $\Delta$ recovery,$\Delta$,58,0.6,0.6312445273030189,0.031244527303018965,0.031244527303018965,0.0009762204863890976
F,shifted_ou,delta,Treatment-shift $\Delta$ recovery,$\Delta$,59,0.6,0.6901898639550725,0.09018986395507256,0.09018986395507256,0.008134211560234497
F,shifted_ou,delta,Treatment-shift $\Delta$ recovery,$\Delta$,60,0.6,0.2357282464094237,-0.3642717535905763,0.3642717535905763,0.13269391046395354
F,shifted_ou,delta,Treatment-shift $\Delta$ recovery,$\Delta$,61,0.6,0.5336945898824556,-0.06630541011754443,0.06630541011754443,0.004396407410855763
F,shifted_ou,delta,Treatment-shift $\Delta$ recovery,$\Delta$,62,0.6,0.5170691287893476,-0.08293087121065235,0.08293087121065235,0.006877529399757806
F,shifted_ou,delta,Treatment-shift $\Delta$ recovery,$\Delta$,63,0.6,0.5159608620861437,-0.08403913791385631,0.08403913791385631,0.007062576701304161
F,shifted_ou,delta,Treatment-shift $\Delta$ recovery,$\Delta$,64,0.6,0.4866081918050544,-0.1133918081949456,0.1133918081949456,0.012857702165719331
F,shifted_ou,delta,Treatment-shift $\Delta$ recovery,$\Delta$,65,0.6,0.4163733798767056,-0.1836266201232944,0.1836266201232944,0.033718735617904665
F,shifted_ou,delta,Treatment-shift $\Delta$ recovery,$\Delta$,66,0.6,2.043271406441222,1.4432714064412218,1.4432714064412218,2.0830323526508225
F,shifted_ou,delta,Treatment-shift $\Delta$ recovery,$\Delta$,67,0.6,0.8627212407914958,0.26272124079149584,0.26272124079149584,0.06902245036302314
F,shifted_ou,delta,Treatment-shift $\Delta$ recovery,$\Delta$,68,0.6,0.843398913194737,0.24339891319473705,0.24339891319473705,0.059243030944379146
F,shifted_ou,delta,Treatment-shift $\Delta$ recovery,$\Delta$,69,0.6,0.4674070586670611,-0.13259294133293886,0.13259294133293886,0.017580888091320166
F,shifted_ou,delta,Treatment-shift $\Delta$ recovery,$\Delta$,70,0.6,0.5476405340303743,-0.05235946596962571,0.05235946596962571,0.0027415136766243925
F,shifted_ou,delta,Treatment-shift $\Delta$ recovery,$\Delta$,71,0.6,0.3295790573939216,-0.27042094260607835,0.27042094260607835,0.07312748619995992
F,shifted_ou,delta,Treatment-shift $\Delta$ recovery,$\Delta$,72,0.6,0.1818646497892991,-0.4181353502107009,0.4181353502107009,0.1748371710958255
F,shifted_ou,delta,Treatment-shift $\Delta$ recovery,$\Delta$,73,0.6,1.3146048982582963,0.7146048982582963,0.7146048982582963,0.5106601606147501
F,shifted_ou,delta,Treatment-shift $\Delta$ recovery,$\Delta$,74,0.6,0.7669456632229421,0.16694566322294213,0.16694566322294213,0.027870854468948013
F,shifted_ou,delta,Treatment-shift $\Delta$ recovery,$\Delta$,75,0.6,0.6930335860145954,0.09303358601459544,0.09303358601459544,0.008655248126735128
F,shifted_ou,delta,Treatment-shift $\Delta$ recovery,$\Delta$,76,0.6,0.7355676321446617,0.13556763214466172,0.13556763214466172,0.01837858288531032
F,shifted_ou,delta,Treatment-shift $\Delta$ recovery,$\Delta$,77,0.6,1.2969303548723574,0.6969303548723574,0.6969303548723574,0.4857119195425101
F,shifted_ou,delta,Treatment-shift $\Delta$ recovery,$\Delta$,78,0.6,0.5415531976460931,-0.05844680235390687,0.05844680235390687,0.0034160287053966536
F,shifted_ou,delta,Treatment-shift $\Delta$ recovery,$\Delta$,79,0.6,0.4716186022630917,-0.12838139773690826,0.12838139773690826,0.016481783284882236
F,shifted_ou,delta,Treatment-shift $\Delta$ recovery,$\Delta$,80,0.6,0.3400467766648814,-0.25995322333511856,0.25995322333511856,0.06757567832231802
F,shifted_ou,delta,Treatment-shift $\Delta$ recovery,$\Delta$,81,0.6,2.2896539357458754,1.6896539357458753,1.6896539357458753,2.8549304225815266
F,shifted_ou,delta,Treatment-shift $\Delta$ recovery,$\Delta$,82,0.6,0.0490146575161167,-0.5509853424838833,0.5509853424838833,0.3035848476320822
F,shifted_ou,delta,Treatment-shift $\Delta$ recovery,$\Delta$,83,0.6,0.2078684174619475,-0.39213158253805247,0.39213158253805247,0.15376717802379747
F,shifted_ou,delta,Treatment-shift $\Delta$ recovery,$\Delta$,84,0.6,0.7476757772485503,0.1476757772485503,0.1476757772485503,0.021808135185963445
F,shifted_ou,delta,Treatment-shift $\Delta$ recovery,$\Delta$,85,0.6,0.5537476665121344,-0.046252333487865616,0.046252333487865616,0.002139278353072735
F,shifted_ou,delta,Treatment-shift $\Delta$ recovery,$\Delta$,86,0.6,0.3515356376275116,-0.24846436237248837,0.24846436237248837,0.061734539369167216
F,shifted_ou,delta,Treatment-shift $\Delta$ recovery,$\Delta$,87,0.6,0.961065260904137,0.36106526090413704,0.36106526090413704,0.13036812263177255
F,shifted_ou,delta,Treatment-shift $\Delta$ recovery,$\Delta$,88,0.6,0.4768089819355373,-0.1231910180644627,0.1231910180644627,0.015176026931758775
F,shifted_ou,delta,Treatment-shift $\Delta$ recovery,$\Delta$,89,0.6,0.8148329072935117,0.21483290729351168,0.21483290729351168,0.04615317805618258
F,shifted_ou,delta,Treatment-shift $\Delta$ recovery,$\Delta$,90,0.6,0.2414894136022302,-0.3585105863977698,0.3585105863977698,0.12852984055927275
F,shifted_ou,delta,Treatment-shift $\Delta$ recovery,$\Delta$,91,0.6,0.5228811239126423,-0.07711887608735768,0.07711887608735768,0.005947321048977228
F,shifted_ou,delta,Treatment-shift $\Delta$ recovery,$\Delta$,92,0.6,0.3346519690441639,-0.2653480309558361,0.2653480309558361,0.07040957753213935
F,shifted_ou,delta,Treatment-shift $\Delta$ recovery,$\Delta$,93,0.6,0.3139598443014791,-0.28604015569852087,0.28604015569852087,0.08181897067203406
F,shifted_ou,delta,Treatment-shift $\Delta$ recovery,$\Delta$,94,0.6,0.7552225807718466,0.15522258077184659,0.15522258077184659,0.02409404958147244
F,shifted_ou,delta,Treatment-shift $\Delta$ recovery,$\Delta$,95,0.6,0.5284918925559424,-0.07150810744405756,0.07150810744405756,0.00511340943023088
F,shifted_ou,delta,Treatment-shift $\Delta$ recovery,$\Delta$,96,0.6,0.911986650780861,0.3119866507808611,0.3119866507808611,0.09733567026545896
F,shifted_ou,delta,Treatment-shift $\Delta$ recovery,$\Delta$,97,0.6,0.4198162780580677,-0.18018372194193227,0.18018372194193227,0.03246617365284757
F,shifted_ou,delta,Treatment-shift $\Delta$ recovery,$\Delta$,98,0.6,0.1223304935600913,-0.4776695064399087,0.4776695064399087,0.22816815738254598
F,shifted_ou,delta,Treatment-shift $\Delta$ recovery,$\Delta$,99,0.6,0.4701243554616216,-0.12987564453837835,0.12987564453837835,0.01686768304425921
