replicate,scenario,event,interval,event_time,time_start,time_end,from,to,branch_from,branch_to,n_jumps,magnitude
11,branch_reorganization,branch_transition,8,0.5,0.4444444444444444,0.5,0.0,1.0,,,,
11,branch_reorganization,branch_transition,13,0.7777777777777777,0.7222222222222222,0.7777777777777777,1.0,0.0,,,,
11,branch_reorganization,branch_transition,16,0.9444444444444444,0.8888888888888888,0.9444444444444444,0.0,1.0,,,,
11,branch_reorganization,branch_transition,8,0.5,,,,,0.0,1.0,,
11,branch_reorganization,branch_transition,13,0.7777777777777777,,,,,1.0,0.0,,
11,branch_reorganization,branch_transition,16,0.9444444444444444,,,,,0.0,1.0,,
14,branch_reorganization,branch_transition,16,0.9444444444444444,0.8888888888888888,0.9444444444444444,0.0,1.0,,,,
14,branch_reorganization,branch_transition,16,0.9444444444444444,,,,,0.0,1.0,,
20,branch_reorganization,branch_transition,15,0.8888888888888888,0.8333333333333333,0.8888888888888888,0.0,1.0,,,,
20,branch_reorganization,branch_transition,15,0.8888888888888888,,,,,0.0,1.0,,
23,branch_reorganization,branch_transition,16,0.9444444444444444,0.8888888888888888,0.9444444444444444,0.0,1.0,,,,
23,branch_reorganization,branch_transition,16,0.9444444444444444,,,,,0.0,1.0,,
26,branch_reorganization,branch_transition,8,0.5,0.4444444444444444,0.5,0.0,1.0,,,,
26,branch_reorganization,branch_transition,8,0.5,,,,,0.0,1.0,,
29,branch_reorganization,branch_transition,3,0.2222222222222222,0.16666666666666666,0.2222222222222222,0.0,1.0,,,,
29,branch_reorganization,branch_transition,13,0.7777777777777777,0.7222222222222222,0.7777777777777777,1.0,0.0,,,,
29,branch_reorganization,branch_transition,3,0.2222222222222222,,,,,0.0,1.0,,
29,branch_reorganization,branch_transition,13,0.7777777777777777,,,,,1.0,0.0,,
32,branch_reorganization,branch_transition,1,0.1111111111111111,0.05555555555555555,0.1111111111111111,0.0,1.0,,,,
32,branch_reorganization,branch_transition,3,0.2222222222222222,0.16666666666666666,0.2222222222222222,1.0,0.0,,,,
32,branch_reorganization,branch_transition,1,0.1111111111111111,,,,,0.0,1.0,,
32,branch_reorganization,branch_transition,3,0.2222222222222222,,,,,1.0,0.0,,
35,branch_reorganization,branch_transition,6,0.38888888888888884,0.3333333333333333,0.38888888888888884,0.0,1.0,,,,
35,branch_reorganization,branch_transition,6,0.38888888888888884,,,,,0.0,1.0,,
38,branch_reorganization,branch_transition,7,0.4444444444444444,0.38888888888888884,0.4444444444444444,0.0,1.0,,,,
38,branch_reorganization,branch_transition,7,0.4444444444444444,,,,,0.0,1.0,,
44,branch_reorganization,branch_transition,24,1.3888888888888888,1.3333333333333333,1.3888888888888888,0.0,1.0,,,,
44,branch_reorganization,branch_transition,25,1.4444444444444444,1.3888888888888888,1.4444444444444444,1.0,0.0,,,,
44,branch_reorganization,branch_transition,32,1.8333333333333333,1.7777777777777777,1.8333333333333333,0.0,1.0,,,,
44,branch_reorganization,branch_transition,34,1.9444444444444444,1.8888888888888888,1.9444444444444444,1.0,0.0,,,,
44,branch_reorganization,branch_transition,24,1.3888888888888888,,,,,0.0,1.0,,
44,branch_reorganization,branch_transition,25,1.4444444444444444,,,,,1.0,0.0,,
44,branch_reorganization,branch_transition,32,1.8333333333333333,,,,,0.0,1.0,,
44,branch_reorganization,branch_transition,34,1.9444444444444444,,,,,1.0,0.0,,
47,branch_reorganization,branch_transition,6,0.38888888888888884,0.3333333333333333,0.38888888888888884,0.0,1.0,,,,
47,branch_reorganization,branch_transition,6,0.38888888888888884,,,,,0.0,1.0,,
50,branch_reorganization,branch_transition,8,0.5,0.4444444444444444,0.5,0.0,1.0,,,,
50,branch_reorganization,branch_transition,13,0.7777777777777777,0.7222222222222222,0.7777777777777777,1.0,0.0,,,,
50,branch_reorganization,branch_transition,8,0.5,,,,,0.0,1.0,,
50,branch_reorganization,branch_transition,13,0.7777777777777777,,,,,1.0,0.0,,
56,branch_reorganization,branch_transition,10,0.611111111111111,0.5555555555555556,0.611111111111111,0.0,1.0,,,,
56,branch_reorganization,branch_transition,10,0.611111111111111,,,,,0.0,1.0,,
59,branch_reorganization,branch_transition,9,0.5555555555555556,0.5,0.5555555555555556,0.0,1.0,,,,
59,branch_reorganization,branch_transition,14,0.8333333333333333,0.7777777777777777,0.8333333333333333,1.0,0.0,,,,
59,branch_reorganization,branch_transition,16,0.9444444444444444,0.8888888888888888,0.9444444444444444,0.0,1.0,,,,
59,branch_reorganization,branch_transition,9,0.5555555555555556,,,,,0.0,1.0,,
59,branch_reorganization,branch_transition,14,0.8333333333333333,,,,,1.0,0.0,,
59,branch_reorganization,branch_transition,16,0.9444444444444444,,,,,0.0,1.0,,
62,branch_reorganization,branch_transition,10,0.611111111111111,0.5555555555555556,0.611111111111111,0.0,1.0,,,,
62,branch_reorganization,branch_transition,35,2.0,1.9444444444444444,2.0,1.0,0.0,,,,
62,branch_reorganization,branch_transition,39,2.2222222222222223,2.1666666666666665,2.2222222222222223,0.0,1.0,,,,
62,branch_reorganization,branch_transition,41,2.3333333333333335,2.2777777777777777,2.3333333333333335,1.0,0.0,,,,
62,branch_reorganization,branch_transition,50,2.833333333333333,2.7777777777777777,2.833333333333333,0.0,1.0,,,,
62,branch_reorganization,branch_transition,10,0.611111111111111,,,,,0.0,1.0,,
62,branch_reorganization,branch_transition,35,2.0,,,,,1.0,0.0,,
62,branch_reorganization,branch_transition,39,2.2222222222222223,,,,,0.0,1.0,,
62,branch_reorganization,branch_transition,41,2.3333333333333335,,,,,1.0,0.0,,
62,branch_reorganization,branch_transition,50,2.833333333333333,,,,,0.0,1.0,,
68,branch_reorganization,branch_transition,1,0.1111111111111111,0.05555555555555555,0.1111111111111111,0.0,1.0,,,,
68,branch_reorganization,branch_transition,4,0.2777777777777778,0.2222222222222222,0.2777777777777778,1.0,0.0,,,,
68,branch_reorganization,branch_transition,5,0.3333333333333333,0.2777777777777778,0.3333333333333333,0.0,1.0,,,,
68,branch_reorganization,branch_transition,9,0.5555555555555556,0.5,0.5555555555555556,1.0,0.0,,,,
68,branch_reorganization,branch_transition,1,0.1111111111111111,,,,,0.0,1.0,,
68,branch_reorganization,branch_transition,4,0.2777777777777778,,,,,1.0,0.0,,
68,branch_reorganization,branch_transition,5,0.3333333333333333,,,,,0.0,1.0,,
68,branch_reorganization,branch_transition,9,0.5555555555555556,,,,,1.0,0.0,,
70,jump,jump,8,0.5,0.4444444444444444,0.5,,,,,1.0,0.8524079611189056
71,branch_reorganization,branch_transition,6,0.38888888888888884,0.3333333333333333,0.38888888888888884,0.0,1.0,,,,
71,branch_reorganization,branch_transition,9,0.5555555555555556,0.5,0.5555555555555556,1.0,0.0,,,,
71,branch_reorganization,branch_transition,6,0.38888888888888884,,,,,0.0,1.0,,
71,branch_reorganization,branch_transition,9,0.5555555555555556,,,,,1.0,0.0,,
73,jump,jump,12,0.7222222222222222,0.6666666666666666,0.7222222222222222,,,,,1.0,0.734257395520136
77,branch_reorganization,branch_transition,0,0.05555555555555555,0.0,0.05555555555555555,0.0,1.0,,,,
77,branch_reorganization,branch_transition,0,0.05555555555555555,,,,,0.0,1.0,,
83,branch_reorganization,branch_transition,7,0.4444444444444444,0.38888888888888884,0.4444444444444444,0.0,1.0,,,,
83,branch_reorganization,branch_transition,7,0.4444444444444444,,,,,0.0,1.0,,
92,branch_reorganization,branch_transition,6,0.38888888888888884,0.3333333333333333,0.38888888888888884,0.0,1.0,,,,
92,branch_reorganization,branch_transition,6,0.38888888888888884,,,,,0.0,1.0,,
95,branch_reorganization,branch_transition,1,0.1111111111111111,0.05555555555555555,0.1111111111111111,0.0,1.0,,,,
95,branch_reorganization,branch_transition,1,0.1111111111111111,,,,,0.0,1.0,,
98,branch_reorganization,branch_transition,1,0.1111111111111111,0.05555555555555555,0.1111111111111111,0.0,1.0,,,,
98,branch_reorganization,branch_transition,1,0.1111111111111111,,,,,0.0,1.0,,
101,branch_reorganization,branch_transition,12,0.7222222222222222,0.6666666666666666,0.7222222222222222,0.0,1.0,,,,
101,branch_reorganization,branch_transition,17,1.0,0.9444444444444444,1.0,1.0,0.0,,,,
101,branch_reorganization,branch_transition,12,0.7222222222222222,,,,,0.0,1.0,,
101,branch_reorganization,branch_transition,17,1.0,,,,,1.0,0.0,,
104,branch_reorganization,branch_transition,2,0.16666666666666666,0.1111111111111111,0.16666666666666666,0.0,1.0,,,,
104,branch_reorganization,branch_transition,12,0.7222222222222222,0.6666666666666666,0.7222222222222222,1.0,0.0,,,,
104,branch_reorganization,branch_transition,2,0.16666666666666666,,,,,0.0,1.0,,
104,branch_reorganization,branch_transition,12,0.7222222222222222,,,,,1.0,0.0,,
107,branch_reorganization,branch_transition,10,0.611111111111111,0.5555555555555556,0.611111111111111,0.0,1.0,,,,
107,branch_reorganization,branch_transition,10,0.611111111111111,,,,,0.0,1.0,,
110,branch_reorganization,branch_transition,12,0.7222222222222222,0.6666666666666666,0.7222222222222222,0.0,1.0,,,,
110,branch_reorganization,branch_transition,12,0.7222222222222222,,,,,0.0,1.0,,
113,branch_reorganization,branch_transition,0,0.05555555555555555,0.0,0.05555555555555555,0.0,1.0,,,,
113,branch_reorganization,branch_transition,0,0.05555555555555555,,,,,0.0,1.0,,
119,branch_reorganization,branch_transition,11,0.6666666666666666,0.611111111111111,0.6666666666666666,0.0,1.0,,,,
119,branch_reorganization,branch_transition,11,0.6666666666666666,,,,,0.0,1.0,,
122,branch_reorganization,branch_transition,10,0.611111111111111,0.5555555555555556,0.611111111111111,0.0,1.0,,,,
122,branch_reorganization,branch_transition,10,0.611111111111111,,,,,0.0,1.0,,
125,branch_reorganization,branch_transition,16,0.9444444444444444,0.8888888888888888,0.9444444444444444,0.0,1.0,,,,
125,branch_reorganization,branch_transition,16,0.9444444444444444,,,,,0.0,1.0,,
131,branch_reorganization,branch_transition,12,0.7222222222222222,0.6666666666666666,0.7222222222222222,0.0,1.0,,,,
131,branch_reorganization,branch_transition,13,0.7777777777777777,0.7222222222222222,0.7777777777777777,1.0,0.0,,,,
131,branch_reorganization,branch_transition,12,0.7222222222222222,,,,,0.0,1.0,,
131,branch_reorganization,branch_transition,13,0.7777777777777777,,,,,1.0,0.0,,
134,branch_reorganization,branch_transition,15,0.8888888888888888,0.8333333333333333,0.8888888888888888,0.0,1.0,,,,
134,branch_reorganization,branch_transition,15,0.8888888888888888,,,,,0.0,1.0,,
143,branch_reorganization,branch_transition,2,0.16666666666666666,0.1111111111111111,0.16666666666666666,0.0,1.0,,,,
143,branch_reorganization,branch_transition,7,0.4444444444444444,0.38888888888888884,0.4444444444444444,1.0,0.0,,,,
143,branch_reorganization,branch_transition,9,0.5555555555555556,0.5,0.5555555555555556,0.0,1.0,,,,
143,branch_reorganization,branch_transition,10,0.611111111111111,0.5555555555555556,0.611111111111111,1.0,0.0,,,,
143,branch_reorganization,branch_transition,14,0.8333333333333333,0.7777777777777777,0.8333333333333333,0.0,1.0,,,,
143,branch_reorganization,branch_transition,2,0.16666666666666666,,,,,0.0,1.0,,
143,branch_reorganization,branch_transition,7,0.4444444444444444,,,,,1.0,0.0,,
143,branch_reorganization,branch_transition,9,0.5555555555555556,,,,,0.0,1.0,,
143,branch_reorganization,branch_transition,10,0.611111111111111,,,,,1.0,0.0,,
143,branch_reorganization,branch_transition,14,0.8333333333333333,,,,,0.0,1.0,,
149,branch_reorganization,branch_transition,7,0.4444444444444444,0.38888888888888884,0.4444444444444444,0.0,1.0,,,,
149,branch_reorganization,branch_transition,7,0.4444444444444444,,,,,0.0,1.0,,
152,branch_reorganization,branch_transition,1,0.1111111111111111,0.05555555555555555,0.1111111111111111,0.0,1.0,,,,
152,branch_reorganization,branch_transition,3,0.2222222222222222,0.16666666666666666,0.2222222222222222,1.0,0.0,,,,
152,branch_reorganization,branch_transition,14,0.8333333333333333,0.7777777777777777,0.8333333333333333,0.0,1.0,,,,
152,branch_reorganization,branch_transition,1,0.1111111111111111,,,,,0.0,1.0,,
152,branch_reorganization,branch_transition,3,0.2222222222222222,,,,,1.0,0.0,,
152,branch_reorganization,branch_transition,14,0.8333333333333333,,,,,0.0,1.0,,
155,branch_reorganization,branch_transition,4,0.2777777777777778,0.2222222222222222,0.2777777777777778,0.0,1.0,,,,
155,branch_reorganization,branch_transition,13,0.7777777777777777,0.7222222222222222,0.7777777777777777,1.0,0.0,,,,
155,branch_reorganization,branch_transition,4,0.2777777777777778,,,,,0.0,1.0,,
155,branch_reorganization,branch_transition,13,0.7777777777777777,,,,,1.0,0.0,,
167,branch_reorganization,branch_transition,12,0.7222222222222222,0.6666666666666666,0.7222222222222222,0.0,1.0,,,,
167,branch_reorganization,branch_transition,12,0.7222222222222222,,,,,0.0,1.0,,
182,branch_reorganization,branch_transition,13,0.7777777777777777,0.7222222222222222,0.7777777777777777,0.0,1.0,,,,
182,branch_reorganization,branch_transition,13,0.7777777777777777,,,,,0.0,1.0,,
185,branch_reorganization,branch_transition,5,0.3333333333333333,0.2777777777777778,0.3333333333333333,0.0,1.0,,,,
185,branch_reorganization,branch_transition,10,0.611111111111111,0.5555555555555556,0.611111111111111,1.0,0.0,,,,
185,branch_reorganization,branch_transition,15,0.8888888888888888,0.8333333333333333,0.8888888888888888,0.0,1.0,,,,
185,branch_reorganization,branch_transition,17,1.0,0.9444444444444444,1.0,1.0,0.0,,,,
185,branch_reorganization,branch_transition,5,0.3333333333333333,,,,,0.0,1.0,,
185,branch_reorganization,branch_transition,10,0.611111111111111,,,,,1.0,0.0,,
185,branch_reorganization,branch_transition,15,0.8888888888888888,,,,,0.0,1.0,,
185,branch_reorganization,branch_transition,17,1.0,,,,,1.0,0.0,,
188,branch_reorganization,branch_transition,4,0.2777777777777778,0.2222222222222222,0.2777777777777778,0.0,1.0,,,,
188,branch_reorganization,branch_transition,4,0.2777777777777778,,,,,0.0,1.0,,
191,branch_reorganization,branch_transition,1,0.1111111111111111,0.05555555555555555,0.1111111111111111,0.0,1.0,,,,
191,branch_reorganization,branch_transition,1,0.1111111111111111,,,,,0.0,1.0,,
194,branch_reorganization,branch_transition,5,0.3333333333333333,0.2777777777777778,0.3333333333333333,0.0,1.0,,,,
194,branch_reorganization,branch_transition,5,0.3333333333333333,,,,,0.0,1.0,,
197,branch_reorganization,branch_transition,3,0.2222222222222222,0.16666666666666666,0.2222222222222222,0.0,1.0,,,,
197,branch_reorganization,branch_transition,12,0.7222222222222222,0.6666666666666666,0.7222222222222222,1.0,0.0,,,,
197,branch_reorganization,branch_transition,17,1.0,0.9444444444444444,1.0,0.0,1.0,,,,
197,branch_reorganization,branch_transition,3,0.2222222222222222,,,,,0.0,1.0,,
197,branch_reorganization,branch_transition,12,0.7222222222222222,,,,,1.0,0.0,,
197,branch_reorganization,branch_transition,17,1.0,,,,,0.0,1.0,,
200,branch_reorganization,branch_transition,8,0.5,0.4444444444444444,0.5,0.0,1.0,,,,
200,branch_reorganization,branch_transition,16,0.9444444444444444,0.8888888888888888,0.9444444444444444,1.0,0.0,,,,
200,branch_reorganization,branch_transition,8,0.5,,,,,0.0,1.0,,
200,branch_reorganization,branch_transition,16,0.9444444444444444,,,,,1.0,0.0,,
203,branch_reorganization,branch_transition,5,0.3333333333333333,0.2777777777777778,0.3333333333333333,0.0,1.0,,,,
203,branch_reorganization,branch_transition,6,0.38888888888888884,0.3333333333333333,0.38888888888888884,1.0,0.0,,,,
203,branch_reorganization,branch_transition,9,0.5555555555555556,0.5,0.5555555555555556,0.0,1.0,,,,
203,branch_reorganization,branch_transition,10,0.611111111111111,0.5555555555555556,0.611111111111111,1.0,0.0,,,,
203,branch_reorganization,branch_transition,16,0.9444444444444444,0.8888888888888888,0.9444444444444444,0.0,1.0,,,,
203,branch_reorganization,branch_transition,5,0.3333333333333333,,,,,0.0,1.0,,
203,branch_reorganization,branch_transition,6,0.38888888888888884,,,,,1.0,0.0,,
203,branch_reorganization,branch_transition,9,0.5555555555555556,,,,,0.0,1.0,,
203,branch_reorganization,branch_transition,10,0.611111111111111,,,,,1.0,0.0,,
203,branch_reorganization,branch_transition,16,0.9444444444444444,,,,,0.0,1.0,,
206,branch_reorganization,branch_transition,2,0.16666666666666666,0.1111111111111111,0.16666666666666666,0.0,1.0,,,,
206,branch_reorganization,branch_transition,12,0.7222222222222222,0.6666666666666666,0.7222222222222222,1.0,0.0,,,,
206,branch_reorganization,branch_transition,16,0.9444444444444444,0.8888888888888888,0.9444444444444444,0.0,1.0,,,,
206,branch_reorganization,branch_transition,2,0.16666666666666666,,,,,0.0,1.0,,
206,branch_reorganization,branch_transition,12,0.7222222222222222,,,,,1.0,0.0,,
206,branch_reorganization,branch_transition,16,0.9444444444444444,,,,,0.0,1.0,,
212,branch_reorganization,branch_transition,10,0.611111111111111,0.5555555555555556,0.611111111111111,0.0,1.0,,,,
212,branch_reorganization,branch_transition,10,0.611111111111111,,,,,0.0,1.0,,
218,branch_reorganization,branch_transition,5,0.3333333333333333,0.2777777777777778,0.3333333333333333,0.0,1.0,,,,
218,branch_reorganization,branch_transition,5,0.3333333333333333,,,,,0.0,1.0,,
221,branch_reorganization,branch_transition,12,0.7222222222222222,0.6666666666666666,0.7222222222222222,0.0,1.0,,,,
221,branch_reorganization,branch_transition,12,0.7222222222222222,,,,,0.0,1.0,,
224,branch_reorganization,branch_transition,11,0.6666666666666666,0.611111111111111,0.6666666666666666,0.0,1.0,,,,
224,branch_reorganization,branch_transition,11,0.6666666666666666,,,,,0.0,1.0,,
230,branch_reorganization,branch_transition,13,0.7777777777777777,0.7222222222222222,0.7777777777777777,0.0,1.0,,,,
230,branch_reorganization,branch_transition,17,1.0,0.9444444444444444,1.0,1.0,0.0,,,,
230,branch_reorganization,branch_transition,13,0.7777777777777777,,,,,0.0,1.0,,
230,branch_reorganization,branch_transition,17,1.0,,,,,1.0,0.0,,
233,branch_reorganization,branch_transition,16,0.9444444444444444,0.8888888888888888,0.9444444444444444,0.0,1.0,,,,
233,branch_reorganization,branch_transition,16,0.9444444444444444,,,,,0.0,1.0,,
238,jump,jump,12,0.7222222222222222,0.6666666666666666,0.7222222222222222,,,,,1.0,0.09281356029065661
239,branch_reorganization,branch_transition,5,0.3333333333333333,0.2777777777777778,0.3333333333333333,0.0,1.0,,,,
239,branch_reorganization,branch_transition,5,0.3333333333333333,,,,,0.0,1.0,,
254,branch_reorganization,branch_transition,1,0.1111111111111111,0.05555555555555555,0.1111111111111111,0.0,1.0,,,,
254,branch_reorganization,branch_transition,13,0.7777777777777777,0.7222222222222222,0.7777777777777777,1.0,0.0,,,,
254,branch_reorganization,branch_transition,1,0.1111111111111111,,,,,0.0,1.0,,
254,branch_reorganization,branch_transition,13,0.7777777777777777,,,,,1.0,0.0,,
260,branch_reorganization,branch_transition,10,0.611111111111111,0.5555555555555556,0.611111111111111,0.0,1.0,,,,
260,branch_reorganization,branch_transition,15,0.8888888888888888,0.8333333333333333,0.8888888888888888,1.0,0.0,,,,
260,branch_reorganization,branch_transition,10,0.611111111111111,,,,,0.0,1.0,,
260,branch_reorganization,branch_transition,15,0.8888888888888888,,,,,1.0,0.0,,
266,branch_reorganization,branch_transition,17,1.0,0.9444444444444444,1.0,0.0,1.0,,,,
266,branch_reorganization,branch_transition,17,1.0,,,,,0.0,1.0,,
269,branch_reorganization,branch_transition,14,0.8333333333333333,0.7777777777777777,0.8333333333333333,0.0,1.0,,,,
269,branch_reorganization,branch_transition,14,0.8333333333333333,,,,,0.0,1.0,,
272,branch_reorganization,branch_transition,7,0.4444444444444444,0.38888888888888884,0.4444444444444444,0.0,1.0,,,,
272,branch_reorganization,branch_transition,7,0.4444444444444444,,,,,0.0,1.0,,
278,branch_reorganization,branch_transition,5,0.3333333333333333,0.2777777777777778,0.3333333333333333,0.0,1.0,,,,
278,branch_reorganization,branch_transition,10,0.611111111111111,0.5555555555555556,0.611111111111111,1.0,0.0,,,,
278,branch_reorganization,branch_transition,15,0.8888888888888888,0.8333333333333333,0.8888888888888888,0.0,1.0,,,,
278,branch_reorganization,branch_transition,5,0.3333333333333333,,,,,0.0,1.0,,
278,branch_reorganization,branch_transition,10,0.611111111111111,,,,,1.0,0.0,,
278,branch_reorganization,branch_transition,15,0.8888888888888888,,,,,0.0,1.0,,
281,branch_reorganization,branch_transition,6,0.38888888888888884,0.3333333333333333,0.38888888888888884,0.0,1.0,,,,
281,branch_reorganization,branch_transition,6,0.38888888888888884,,,,,0.0,1.0,,
284,branch_reorganization,branch_transition,4,0.2777777777777778,0.2222222222222222,0.2777777777777778,0.0,1.0,,,,
284,branch_reorganization,branch_transition,17,1.0,0.9444444444444444,1.0,1.0,0.0,,,,
284,branch_reorganization,branch_transition,4,0.2777777777777778,,,,,0.0,1.0,,
284,branch_reorganization,branch_transition,17,1.0,,,,,1.0,0.0,,
290,branch_reorganization,branch_transition,0,0.05555555555555555,0.0,0.05555555555555555,0.0,1.0,,,,
290,branch_reorganization,branch_transition,8,0.5,0.4444444444444444,0.5,1.0,0.0,,,,
290,branch_reorganization,branch_transition,0,0.05555555555555555,,,,,0.0,1.0,,
290,branch_reorganization,branch_transition,8,0.5,,,,,1.0,0.0,,
295,jump,jump,1,0.1111111111111111,0.05555555555555555,0.1111111111111111,,,,,1.0,0.3542245718540636
299,branch_reorganization,branch_transition,13,0.7777777777777777,0.7222222222222222,0.7777777777777777,0.0,1.0,,,,
299,branch_reorganization,branch_transition,13,0.7777777777777777,,,,,0.0,1.0,,
302,branch_reorganization,branch_transition,4,0.2777777777777778,0.2222222222222222,0.2777777777777778,0.0,1.0,,,,
302,branch_reorganization,branch_transition,4,0.2777777777777778,,,,,0.0,1.0,,
305,branch_reorganization,branch_transition,8,0.5,0.4444444444444444,0.5,0.0,1.0,,,,
305,branch_reorganization,branch_transition,8,0.5,,,,,0.0,1.0,,
311,branch_reorganization,branch_transition,3,0.2222222222222222,0.16666666666666666,0.2222222222222222,0.0,1.0,,,,
311,branch_reorganization,branch_transition,13,0.7777777777777777,0.7222222222222222,0.7777777777777777,1.0,0.0,,,,
311,branch_reorganization,branch_transition,3,0.2222222222222222,,,,,0.0,1.0,,
311,branch_reorganization,branch_transition,13,0.7777777777777777,,,,,1.0,0.0,,
323,branch_reorganization,branch_transition,11,0.6666666666666666,0.611111111111111,0.6666666666666666,0.0,1.0,,,,
323,branch_reorganization,branch_transition,11,0.6666666666666666,,,,,0.0,1.0,,
326,branch_reorganization,branch_transition,8,0.5,0.4444444444444444,0.5,0.0,1.0,,,,
326,branch_reorganization,branch_transition,8,0.5,,,,,0.0,1.0,,
329,branch_reorganization,branch_transition,5,0.3333333333333333,0.2777777777777778,0.3333333333333333,0.0,1.0,,,,
329,branch_reorganization,branch_transition,5,0.3333333333333333,,,,,0.0,1.0,,
332,branch_reorganization,branch_transition,12,0.7222222222222222,0.6666666666666666,0.7222222222222222,0.0,1.0,,,,
332,branch_reorganization,branch_transition,12,0.7222222222222222,,,,,0.0,1.0,,
338,branch_reorganization,branch_transition,0,0.05555555555555555,0.0,0.05555555555555555,0.0,1.0,,,,
338,branch_reorganization,branch_transition,1,0.1111111111111111,0.05555555555555555,0.1111111111111111,1.0,0.0,,,,
338,branch_reorganization,branch_transition,17,1.0,0.9444444444444444,1.0,0.0,1.0,,,,
338,branch_reorganization,branch_transition,0,0.05555555555555555,,,,,0.0,1.0,,
338,branch_reorganization,branch_transition,1,0.1111111111111111,,,,,1.0,0.0,,
338,branch_reorganization,branch_transition,17,1.0,,,,,0.0,1.0,,
343,jump,jump,3,0.2222222222222222,0.16666666666666666,0.2222222222222222,,,,,1.0,0.025537990953709903
344,branch_reorganization,branch_transition,10,0.611111111111111,0.5555555555555556,0.611111111111111,0.0,1.0,,,,
344,branch_reorganization,branch_transition,10,0.611111111111111,,,,,0.0,1.0,,
350,branch_reorganization,branch_transition,5,0.3333333333333333,0.2777777777777778,0.3333333333333333,0.0,1.0,,,,
350,branch_reorganization,branch_transition,14,0.8333333333333333,0.7777777777777777,0.8333333333333333,1.0,0.0,,,,
350,branch_reorganization,branch_transition,16,0.9444444444444444,0.8888888888888888,0.9444444444444444,0.0,1.0,,,,
350,branch_reorganization,branch_transition,5,0.3333333333333333,,,,,0.0,1.0,,
350,branch_reorganization,branch_transition,14,0.8333333333333333,,,,,1.0,0.0,,
350,branch_reorganization,branch_transition,16,0.9444444444444444,,,,,0.0,1.0,,
353,branch_reorganization,branch_transition,1,0.1111111111111111,0.05555555555555555,0.1111111111111111,0.0,1.0,,,,
353,branch_reorganization,branch_transition,1,0.1111111111111111,,,,,0.0,1.0,,
356,branch_reorganization,branch_transition,13,0.7777777777777777,0.7222222222222222,0.7777777777777777,0.0,1.0,,,,
356,branch_reorganization,branch_transition,13,0.7777777777777777,,,,,0.0,1.0,,
359,branch_reorganization,branch_transition,13,0.7777777777777777,0.7222222222222222,0.7777777777777777,0.0,1.0,,,,
359,branch_reorganization,branch_transition,13,0.7777777777777777,,,,,0.0,1.0,,
362,branch_reorganization,branch_transition,7,0.4444444444444444,0.38888888888888884,0.4444444444444444,0.0,1.0,,,,
362,branch_reorganization,branch_transition,8,0.5,0.4444444444444444,0.5,1.0,0.0,,,,
362,branch_reorganization,branch_transition,7,0.4444444444444444,,,,,0.0,1.0,,
362,branch_reorganization,branch_transition,8,0.5,,,,,1.0,0.0,,
365,branch_reorganization,branch_transition,11,0.6666666666666666,0.611111111111111,0.6666666666666666,0.0,1.0,,,,
365,branch_reorganization,branch_transition,11,0.6666666666666666,,,,,0.0,1.0,,
377,branch_reorganization,branch_transition,3,0.2222222222222222,0.16666666666666666,0.2222222222222222,0.0,1.0,,,,
377,branch_reorganization,branch_transition,12,0.7222222222222222,0.6666666666666666,0.7222222222222222,1.0,0.0,,,,
377,branch_reorganization,branch_transition,3,0.2222222222222222,,,,,0.0,1.0,,
377,branch_reorganization,branch_transition,12,0.7222222222222222,,,,,1.0,0.0,,
380,branch_reorganization,branch_transition,6,0.38888888888888884,0.3333333333333333,0.38888888888888884,0.0,1.0,,,,
380,branch_reorganization,branch_transition,17,1.0,0.9444444444444444,1.0,1.0,0.0,,,,
380,branch_reorganization,branch_transition,6,0.38888888888888884,,,,,0.0,1.0,,
380,branch_reorganization,branch_transition,17,1.0,,,,,1.0,0.0,,
386,branch_reorganization,branch_transition,9,0.5555555555555556,0.5,0.5555555555555556,0.0,1.0,,,,
386,branch_reorganization,branch_transition,15,0.8888888888888888,0.8333333333333333,0.8888888888888888,1.0,0.0,,,,
386,branch_reorganization,branch_transition,9,0.5555555555555556,,,,,0.0,1.0,,
386,branch_reorganization,branch_transition,15,0.8888888888888888,,,,,1.0,0.0,,
389,branch_reorganization,branch_transition,3,0.2222222222222222,0.16666666666666666,0.2222222222222222,0.0,1.0,,,,
389,branch_reorganization,branch_transition,13,0.7777777777777777,0.7222222222222222,0.7777777777777777,1.0,0.0,,,,
389,branch_reorganization,branch_transition,3,0.2222222222222222,,,,,0.0,1.0,,
389,branch_reorganization,branch_transition,13,0.7777777777777777,,,,,1.0,0.0,,
398,branch_reorganization,branch_transition,7,0.4444444444444444,0.38888888888888884,0.4444444444444444,0.0,1.0,,,,
398,branch_reorganization,branch_transition,7,0.4444444444444444,,,,,0.0,1.0,,
401,branch_reorganization,branch_transition,5,0.3333333333333333,0.2777777777777778,0.3333333333333333,0.0,1.0,,,,
401,branch_reorganization,branch_transition,12,0.7222222222222222,0.6666666666666666,0.7222222222222222,1.0,0.0,,,,
401,branch_reorganization,branch_transition,14,0.8333333333333333,0.7777777777777777,0.8333333333333333,0.0,1.0,,,,
401,branch_reorganization,branch_transition,5,0.3333333333333333,,,,,0.0,1.0,,
401,branch_reorganization,branch_transition,12,0.7222222222222222,,,,,1.0,0.0,,
401,branch_reorganization,branch_transition,14,0.8333333333333333,,,,,0.0,1.0,,
407,branch_reorganization,branch_transition,1,0.1111111111111111,0.05555555555555555,0.1111111111111111,0.0,1.0,,,,
407,branch_reorganization,branch_transition,9,0.5555555555555556,0.5,0.5555555555555556,1.0,0.0,,,,
407,branch_reorganization,branch_transition,1,0.1111111111111111,,,,,0.0,1.0,,
407,branch_reorganization,branch_transition,9,0.5555555555555556,,,,,1.0,0.0,,
410,branch_reorganization,branch_transition,10,0.611111111111111,0.5555555555555556,0.611111111111111,0.0,1.0,,,,
410,branch_reorganization,branch_transition,10,0.611111111111111,,,,,0.0,1.0,,
413,branch_reorganization,branch_transition,9,0.5555555555555556,0.5,0.5555555555555556,0.0,1.0,,,,
413,branch_reorganization,branch_transition,9,0.5555555555555556,,,,,0.0,1.0,,
415,jump,jump,1,0.1111111111111111,0.05555555555555555,0.1111111111111111,,,,,1.0,0.29011174237377746
416,branch_reorganization,branch_transition,6,0.38888888888888884,0.3333333333333333,0.38888888888888884,0.0,1.0,,,,
416,branch_reorganization,branch_transition,6,0.38888888888888884,,,,,0.0,1.0,,
419,branch_reorganization,branch_transition,17,1.0,0.9444444444444444,1.0,0.0,1.0,,,,
419,branch_reorganization,branch_transition,17,1.0,,,,,0.0,1.0,,
425,branch_reorganization,branch_transition,10,0.611111111111111,0.5555555555555556,0.611111111111111,0.0,1.0,,,,
425,branch_reorganization,branch_transition,12,0.7222222222222222,0.6666666666666666,0.7222222222222222,1.0,0.0,,,,
425,branch_reorganization,branch_transition,17,1.0,0.9444444444444444,1.0,0.0,1.0,,,,
425,branch_reorganization,branch_transition,10,0.611111111111111,,,,,0.0,1.0,,
425,branch_reorganization,branch_transition,12,0.7222222222222222,,,,,1.0,0.0,,
425,branch_reorganization,branch_transition,17,1.0,,,,,0.0,1.0,,
428,branch_reorganization,branch_transition,8,0.5,0.4444444444444444,0.5,0.0,1.0,,,,
428,branch_reorganization,branch_transition,8,0.5,,,,,0.0,1.0,,
431,branch_reorganization,branch_transition,11,0.6666666666666666,0.611111111111111,0.6666666666666666,0.0,1.0,,,,
431,branch_reorganization,branch_transition,11,0.6666666666666666,,,,,0.0,1.0,,
443,branch_reorganization,branch_transition,5,0.3333333333333333,0.2777777777777778,0.3333333333333333,0.0,1.0,,,,
443,branch_reorganization,branch_transition,9,0.5555555555555556,0.5,0.5555555555555556,1.0,0.0,,,,
443,branch_reorganization,branch_transition,5,0.3333333333333333,,,,,0.0,1.0,,
443,branch_reorganization,branch_transition,9,0.5555555555555556,,,,,1.0,0.0,,
464,branch_reorganization,branch_transition,0,0.05555555555555555,0.0,0.05555555555555555,0.0,1.0,,,,
464,branch_reorganization,branch_transition,0,0.05555555555555555,,,,,0.0,1.0,,
467,branch_reorganization,branch_transition,5,0.3333333333333333,0.2777777777777778,0.3333333333333333,0.0,1.0,,,,
467,branch_reorganization,branch_transition,5,0.3333333333333333,,,,,0.0,1.0,,
473,branch_reorganization,branch_transition,1,0.1111111111111111,0.05555555555555555,0.1111111111111111,0.0,1.0,,,,
473,branch_reorganization,branch_transition,8,0.5,0.4444444444444444,0.5,1.0,0.0,,,,
473,branch_reorganization,branch_transition,10,0.611111111111111,0.5555555555555556,0.611111111111111,0.0,1.0,,,,
473,branch_reorganization,branch_transition,1,0.1111111111111111,,,,,0.0,1.0,,
473,branch_reorganization,branch_transition,8,0.5,,,,,1.0,0.0,,
473,branch_reorganization,branch_transition,10,0.611111111111111,,,,,0.0,1.0,,
476,branch_reorganization,branch_transition,28,1.6111111111111112,1.5555555555555556,1.6111111111111112,0.0,1.0,,,,
476,branch_reorganization,branch_transition,37,2.111111111111111,2.0555555555555554,2.111111111111111,1.0,0.0,,,,
476,branch_reorganization,branch_transition,28,1.6111111111111112,,,,,0.0,1.0,,
476,branch_reorganization,branch_transition,37,2.111111111111111,,,,,1.0,0.0,,
488,branch_reorganization,branch_transition,15,0.8888888888888888,0.8333333333333333,0.8888888888888888,0.0,1.0,,,,
488,branch_reorganization,branch_transition,15,0.8888888888888888,,,,,0.0,1.0,,
491,branch_reorganization,branch_transition,4,0.2777777777777778,0.2222222222222222,0.2777777777777778,0.0,1.0,,,,
491,branch_reorganization,branch_transition,4,0.2777777777777778,,,,,0.0,1.0,,
