jump_rate,jump_scale,diffusion_sigma,observation_noise,n_observations,n_replicates,n_precision_evaluable,n_recall_evaluable,precision_mean,precision_sd,precision_median,recall_mean,recall_sd,false_positive_rate_mean,f1_mean,mean_true_jumps
0.1,0.2,0.1,0.0,20,50,8,14,0.875,0.3535533905932738,1.0,0.5,0.5188745216627708,0.0010526315789473684,1.0,0.34
0.1,0.2,0.1,0.0,40,50,13,16,0.8205128205128205,0.3755338080994054,1.0,0.625,0.46547466812563143,0.001566181566181566,0.9212121212121211,0.4
0.1,0.2,0.1,0.1,20,50,50,20,0.05148484848484849,0.09969135856298283,0.0,0.475,0.44352060416150846,0.2901547987616099,0.19475579975579976,0.52
0.1,0.2,0.1,0.1,40,50,50,21,0.02423365231259968,0.03365650738226617,0.0,0.8253968253968254,0.32264613603843,0.43487483434851854,0.1064584230012186,0.54
0.1,0.2,0.1,0.25,20,50,50,18,0.022611555111555114,0.044707252445710485,0.0,0.6388888888888888,0.47914002483480006,0.6965669074647403,0.11258858244152362,0.42
0.1,0.2,0.1,0.25,40,50,50,26,0.017201695146175942,0.022961332545662797,0.0,0.8076923076923077,0.3762159772503841,0.7543902809692284,0.06303559762713724,0.62
0.1,0.2,0.2,0.0,20,50,6,20,0.8333333333333334,0.408248290463863,1.0,0.16666666666666666,0.32891812735531006,0.0010526315789473684,0.7666666666666666,0.56
0.1,0.2,0.2,0.0,40,50,5,17,1.0,0.0,1.0,0.20588235294117646,0.3561435599503628,0.0,0.8,0.44
0.1,0.2,0.2,0.1,20,50,41,25,0.10772357723577235,0.2765385637407057,0.0,0.26,0.4358898943540674,0.0886016511867905,0.2365079365079365,0.6
0.1,0.2,0.2,0.1,40,50,49,21,0.0333009394233884,0.06660708851747059,0.0,0.43650793650793646,0.46090548101954965,0.1830937617779723,0.12849795706938563,0.6
0.1,0.2,0.2,0.25,20,50,50,14,0.03340079365079365,0.06787856503980062,0.0,0.7857142857142857,0.3779644730092272,0.4288372893016856,0.2011023290435055,0.34
0.1,0.2,0.2,0.25,40,50,50,24,0.018460725791768166,0.025253964943380214,0.0,0.7083333333333334,0.41775220910554184,0.5684386815965763,0.07220932646752631,0.64
0.1,0.2,0.35,0.0,20,50,6,18,0.4166666666666667,0.49159604012508756,0.25,0.1388888888888889,0.33455657903434416,0.0043343653250774,0.8333333333333334,0.48
0.1,0.2,0.35,0.0,40,50,5,18,0.3,0.4472135954999579,0.0,0.08333333333333333,0.25724787771376323,0.0026195426195426198,0.5,0.48
0.1,0.2,0.35,0.1,20,50,13,23,0.0,0.0,0.0,0.0,0.0,0.019852081183350533,0.0,0.54
0.1,0.2,0.35,0.1,40,50,42,15,0.08134920634920635,0.23461328328939887,0.0,0.3555555555555555,0.4791968589521739,0.042016753595700965,0.2785714285714286,0.36
0.1,0.2,0.35,0.25,20,50,49,17,0.04149659863945578,0.1247739831182355,0.0,0.3235294117647059,0.46573787123862104,0.17191950464396286,0.16666666666666669,0.4
0.1,0.2,0.35,0.25,40,50,50,21,0.021513653013653013,0.042904477612254605,0.0,0.5476190476190477,0.4976133515281193,0.30479702374439216,0.09250118850959188,0.5
0.1,0.5,0.1,0.0,20,50,17,20,0.9117647058823529,0.26429706993546215,1.0,0.7833333333333333,0.40860624607008317,0.0021637426900584793,0.9666666666666667,0.5
0.1,0.5,0.1,0.0,40,50,27,26,0.9444444444444444,0.21182963643408081,1.0,0.9711538461538461,0.10786387432600121,0.001039136302294197,0.9688644688644689,0.66
0.1,0.5,0.1,0.1,20,50,50,17,0.0661991341991342,0.11893738408783697,0.0,0.8627450980392156,0.3345565790343442,0.28855908152734777,0.304014939309057,0.4
0.1,0.5,0.1,0.1,40,50,50,19,0.020422043969102792,0.03230755153133068,0.0,0.7894736842105263,0.3842665984878862,0.4829189918663603,0.09949974407597803,0.46
0.1,0.5,0.1,0.25,20,50,50,24,0.03616760690290102,0.04692125170326592,0.0,0.875,0.3378319623460881,0.6796912624699003,0.1376613174407292,0.58
0.1,0.5,0.1,0.25,40,50,50,15,0.011366628355480348,0.019604577625049066,0.0,0.9,0.280305955290694,0.7743206769522558,0.072397005295978,0.4
0.1,0.5,0.2,0.0,20,50,10,19,0.9,0.31622776601683794,1.0,0.42105263157894735,0.4790951510323289,0.0010526315789473684,0.9259259259259258,0.46
0.1,0.5,0.2,0.0,40,50,13,21,0.6923076923076923,0.434859246311452,1.0,0.38888888888888884,0.448247616754318,0.0026188131451289343,0.7545454545454546,0.56
0.1,0.5,0.2,0.1,20,50,40,16,0.12916666666666665,0.2600884684026022,0.0,0.5625,0.47871355387816905,0.06342621259029928,0.4794871794871795,0.42
0.1,0.5,0.2,0.1,40,50,50,20,0.05118009768009767,0.09864006952167191,0.0,0.6666666666666667,0.4714045207910317,0.1559300798774483,0.2076862026862027,0.48
0.1,0.5,0.2,0.25,20,50,50,23,0.03522893772893773,0.067621860826429,0.0,0.5652173913043478,0.48393152751206253,0.4445201238390093,0.1316271892358849,0.56
0.1,0.5,0.2,0.25,40,50,50,18,0.013176781977239642,0.02519567397410505,0.0,0.6055555555555556,0.4733761372526729,0.537134452862007,0.06777246902977897,0.48
0.1,0.5,0.35,0.0,20,50,5,23,1.0,0.0,1.0,0.21739130434782608,0.42174116783665,0.0,1.0,0.52
0.1,0.5,0.35,0.0,40,50,9,17,0.8888888888888888,0.3333333333333333,1.0,0.4411764705882353,0.49630991266724134,0.0005128205128205128,0.9583333333333334,0.46
0.1,0.5,0.35,0.1,20,50,25,20,0.42,0.47169905660283024,0.0,0.4666666666666667,0.4445906192369001,0.019487444100447195,0.5833333333333333,0.6
0.1,0.5,0.35,0.1,40,50,47,17,0.07218844984802432,0.1833455041421254,0.0,0.4411764705882353,0.46376020680063174,0.060295072400335555,0.26979166666666665,0.48
0.1,0.5,0.35,0.25,20,50,46,21,0.06268115942028986,0.14055378929978055,0.0,0.38888888888888884,0.44824761675431796,0.16590772273821808,0.2001190476190476,0.54
0.1,0.5,0.35,0.25,40,50,50,27,0.023612245597539716,0.04076932693198057,0.0,0.48148148148148145,0.4899270252073159,0.316772440456651,0.07886776742985893,0.6
0.1,0.9,0.1,0.0,20,50,17,18,0.9019607843137255,0.22094198215170466,1.0,0.9166666666666666,0.25724787771376323,0.0044444444444444444,0.9117647058823529,0.4
0.1,0.9,0.1,0.0,40,50,17,18,0.7941176470588235,0.30917347120042116,1.0,0.8888888888888888,0.32338083338177726,0.0036991647517963305,0.8958333333333333,0.44
0.1,0.9,0.1,0.1,20,50,50,18,0.07541486291486292,0.10944794046831961,0.0,0.9166666666666666,0.19174124721184266,0.28881664946680424,0.3347747931081264,0.52
0.1,0.9,0.1,0.1,40,50,50,21,0.02630861933567547,0.0370264745795668,0.0,0.9285714285714286,0.2390457218668787,0.4701894201894202,0.1161355315672142,0.56
0.1,0.9,0.1,0.25,20,50,50,20,0.031912420912420913,0.04812356539081481,0.0,0.775,0.3795773272581241,0.6578500171998624,0.14319797849209615,0.52
0.1,0.9,0.1,0.25,40,50,50,18,0.014473130987967734,0.024021938785378883,0.0,0.9444444444444444,0.2357022603955158,0.7696187888293151,0.0763792993573087,0.46
0.1,0.9,0.2,0.0,20,50,19,21,0.8947368421052632,0.2676516895156554,1.0,0.8095238095238095,0.3700064349504774,0.0033402132782937733,0.9351851851851851,0.5
0.1,0.9,0.2,0.0,40,50,17,14,0.6862745098039216,0.46353994546937555,1.0,0.8571428571428571,0.36313651960128146,0.0031046431046431043,0.9833333333333334,0.36
0.1,0.9,0.2,0.1,20,50,44,18,0.1553030303030303,0.2699356973690547,0.0,0.6944444444444444,0.4582219115902664,0.08439284485724113,0.5,0.38
0.1,0.9,0.2,0.1,40,50,50,20,0.06554761904761905,0.11527988433839699,0.0,0.7166666666666667,0.449496144172262,0.17073135888925364,0.25813186813186817,0.58
0.1,0.9,0.2,0.25,20,50,50,30,0.07262576312576313,0.08633326443768861,0.0,0.7388888888888889,0.40750463254150143,0.4024969900240798,0.20187738187738188,0.72
0.1,0.9,0.2,0.25,40,50,50,15,0.012930509616416199,0.021277074607194264,0.0,0.9333333333333333,0.2581988897471611,0.543225371120108,0.0823185176549021,0.3
0.1,0.9,0.35,0.0,20,50,17,23,0.7647058823529411,0.43723731609760313,1.0,0.5217391304347826,0.4879982504990347,0.004210526315789474,0.9487179487179488,0.66
0.1,0.9,0.35,0.0,40,50,23,23,0.9565217391304348,0.20851441405707474,1.0,0.8768115942028986,0.2621655700546707,0.0005128205128205128,0.9454545454545454,0.6
0.1,0.9,0.35,0.1,20,50,31,25,0.5268817204301075,0.46566713233403184,0.5,0.72,0.4349329450233297,0.021637426900584792,0.717391304347826,0.58
0.1,0.9,0.35,0.1,40,50,44,20,0.17878787878787877,0.31367134243365247,0.0,0.6333333333333333,0.4543487080844532,0.042513768829558304,0.47368421052631576,0.5
0.1,0.9,0.35,0.25,20,50,48,14,0.06944444444444445,0.14382824557018786,0.0,0.75,0.42742520713255516,0.18748194014447883,0.3456916099773243,0.34
0.1,0.9,0.35,0.25,40,50,50,14,0.01814422505598976,0.04121272295328504,0.0,0.6785714285714286,0.46439136583203255,0.321884597147755,0.1163361700955686,0.3
0.25,0.2,0.1,0.0,20,50,21,38,1.0,0.0,1.0,0.45614035087719296,0.4579694878933694,0.0,0.8793650793650792,1.14
0.25,0.2,0.1,0.0,40,50,32,38,0.8802083333333334,0.2783540170023813,1.0,0.6447368421052632,0.3954908240898994,0.0032020887284045178,0.8204301075268817,1.42
0.25,0.2,0.1,0.1,20,50,50,39,0.15397619047619046,0.19321488524020097,0.125,0.5747863247863249,0.41920057228976576,0.28283548331613345,0.26769711769711774,1.36
0.25,0.2,0.1,0.1,40,50,50,35,0.050751444316291534,0.05280230761604642,0.05,0.7119047619047619,0.38152967463057996,0.4709364610417242,0.1284560698698729,1.28
0.25,0.2,0.1,0.25,20,50,50,38,0.07093859735036205,0.06114431839707131,0.07692307692307693,0.7894736842105263,0.3544742131061594,0.6886554007567939,0.16442317888871583,1.22
0.25,0.2,0.1,0.25,40,50,50,39,0.03135143020626571,0.024371546112542927,0.03225806451612903,0.7735042735042735,0.3232853542969338,0.774608758556127,0.07566382328908,1.3
0.25,0.2,0.2,0.0,20,50,13,34,0.8076923076923077,0.3839738238941522,1.0,0.23284313725490194,0.38696099243370813,0.0033402132782937733,0.7000000000000001,1.04
0.25,0.2,0.2,0.0,40,50,21,39,0.7380952380952381,0.4067876478903833,1.0,0.3311965811965812,0.42469768207231223,0.0036991647517963305,0.6645238095238095,1.3
0.25,0.2,0.2,0.1,20,50,34,34,0.18382352941176472,0.32162480216703426,0.0,0.2696078431372549,0.4342544713988414,0.06830366357069143,0.2974206349206349,1.02
0.25,0.2,0.2,0.1,40,50,50,33,0.049699134199134194,0.08291300339678641,0.0,0.3611111111111111,0.42218567093251846,0.18345059113480164,0.12023111568566114,0.96
0.25,0.2,0.2,0.25,20,50,50,40,0.06711399711399711,0.08258387865088945,0.03571428571428571,0.4508333333333333,0.41838023709542344,0.4379766819008305,0.130887654012654,1.34
0.25,0.2,0.2,0.25,40,50,50,37,0.04075855476741566,0.037095235904275985,0.045454545454545456,0.7387387387387387,0.33859399861175316,0.5502431650852704,0.10067863205624333,1.26
0.25,0.2,0.35,0.0,20,50,7,32,0.5714285714285714,0.5345224838248488,1.0,0.08854166666666667,0.26090679682757284,0.0036029411764705883,0.4523809523809524,1.1
0.25,0.2,0.35,0.0,40,50,13,38,0.6538461538461539,0.47366546671567095,1.0,0.15350877192982457,0.30604907197295683,0.002675772938930834,0.5555555555555555,1.28
0.25,0.2,0.35,0.1,20,50,22,35,0.29545454545454547,0.39818310304404375,0.0,0.10571428571428572,0.21741735929600767,0.021663693547594474,0.32040816326530613,1.32
0.25,0.2,0.35,0.1,40,50,43,37,0.12015503875968991,0.25736655091180594,0.0,0.14639639639639637,0.2815065053941843,0.0445190429927272,0.14646697388632873,1.44
0.25,0.2,0.35,0.25,20,50,46,34,0.0644927536231884,0.12608094086747146,0.0,0.24019607843137253,0.3896626713264086,0.16840084279325765,0.13533026113671276,1.0
0.25,0.2,0.35,0.25,40,50,50,36,0.039031781943546645,0.05917684847347873,0.0,0.3796296296296296,0.4246588006879919,0.3211687760635129,0.09209673768497298,1.14
0.25,0.5,0.1,0.0,20,50,32,35,0.9270833333333334,0.2502239140619033,1.0,0.7333333333333334,0.3620024193758751,0.0033986928104575167,0.84375,1.12
0.25,0.5,0.1,0.0,40,50,32,37,0.9192708333333334,0.21739370883624268,1.0,0.8153153153153153,0.3763530810842947,0.0026615481878639775,0.9502304147465437,1.26
0.25,0.5,0.1,0.1,20,50,50,33,0.16407575757575757,0.17068431664007172,0.13392857142857142,0.7646464646464647,0.32595366426194883,0.315734126984127,0.36047857866039684,1.46
0.25,0.5,0.1,0.1,40,50,50,33,0.051774721348856495,0.05336143740109849,0.054093567251461985,0.9141414141414141,0.224850305609443,0.44185440732809156,0.14157216152523242,1.06
0.25,0.5,0.1,0.25,20,50,50,43,0.09436417993770935,0.0654409397844385,0.08333333333333333,0.8585271317829457,0.2935229386541717,0.6694631922944616,0.19057409718544432,1.46
0.25,0.5,0.1,0.25,40,50,50,32,0.03959635085591704,0.04515464650737933,0.03333333333333333,0.828125,0.2977946870366229,0.7624074144321823,0.11282406241369745,1.42
0.25,0.5,0.2,0.0,20,50,21,36,1.0,0.0,1.0,0.4884259259259259,0.45257323259799354,0.0,0.8931972789115645,1.24
0.25,0.5,0.2,0.0,40,50,34,35,0.8627450980392156,0.3055893137512277,1.0,0.7323809523809524,0.35723024141042603,0.0037030622293780183,0.8503328213005632,1.36
0.25,0.5,0.2,0.1,20,50,44,27,0.31477272727272726,0.3892153358191754,0.0,0.7160493827160493,0.4282113834551161,0.07325619195046439,0.6055238095238096,0.82
0.25,0.5,0.2,0.1,40,50,50,36,0.1282092352092352,0.13745876903685975,0.10555555555555556,0.7305555555555556,0.34080902812395336,0.18020728628468569,0.27189222814222813,1.36
0.25,0.5,0.2,0.25,20,50,50,30,0.06347763347763348,0.08580963427072155,0.0,0.5361111111111111,0.4493947256171527,0.39999681802545584,0.17180856180856183,1.0
0.25,0.5,0.2,0.25,40,50,50,35,0.0350484728467566,0.04124317974951937,0.039230769230769236,0.6261904761904762,0.42317052825670726,0.5491456986193828,0.09110124684852734,1.18
0.25,0.5,0.35,0.0,20,50,18,34,0.8333333333333334,0.3834824944236852,1.0,0.35784313725490197,0.44263968089898775,0.0042690058479532165,0.8160714285714286,1.2
0.25,0.5,0.35,0.0,40,50,23,31,0.9347826086956522,0.22884829364008,1.0,0.5483870967741935,0.41765116666081775,0.0015789473684210526,0.7956521739130435,1.06
0.25,0.5,0.35,0.1,20,50,37,38,0.5,0.4581228472908511,0.5,0.42368421052631583,0.42790486823647034,0.03028672170622635,0.4984375,1.3
0.25,0.5,0.35,0.1,40,50,46,34,0.2391304347826087,0.3270371555759593,0.0,0.45098039215686275,0.41949426775740695,0.04808831156199577,0.3618023553507424,1.14
0.25,0.5,0.35,0.25,20,50,50,38,0.1592142857142857,0.19256790179637495,0.15476190476190477,0.6096491228070176,0.4319734653412979,0.19577399380804952,0.29101921470342523,1.1
0.25,0.5,0.35,0.25,40,50,50,36,0.06682737523913994,0.06579355642628011,0.06904761904761905,0.6643518518518519,0.3686559194545147,0.3127028833344623,0.156570123263431,1.34
0.25,0.9,0.1,0.0,20,50,39,41,0.9658119658119657,0.16745204070098033,1.0,0.8882113821138211,0.28112482158580926,0.0022875816993464053,0.9433455433455433,1.56
0.25,0.9,0.1,0.0,40,50,33,36,0.9343434343434343,0.22024053272704425,1.0,0.8310185185185186,0.33362255970734206,0.002105263157894737,0.9037518037518038,1.26
0.25,0.9,0.1,0.1,20,50,50,33,0.12785714285714284,0.1291497937365222,0.125,0.8813131313131313,0.29685146327042294,0.3425026659786722,0.3063068244886427,1.0
0.25,0.9,0.1,0.1,40,50,50,34,0.05980564975548822,0.05501538912376256,0.05555555555555555,0.9509803921568628,0.13931900127285748,0.46142925574504523,0.15799768342965512,1.18
0.25,0.9,0.1,0.25,20,50,50,34,0.08859321397556691,0.08038771292844887,0.07692307692307693,0.9338235294117647,0.150447441190946,0.6681970735662687,0.222226199573123,1.28
0.25,0.9,0.1,0.25,40,50,50,34,0.03932751873018837,0.04174576759343982,0.03333333333333333,0.9166666666666667,0.2537596094612761,0.7380873070346755,0.10684486419696865,1.2
0.25,0.9,0.2,0.0,20,50,35,38,0.9642857142857143,0.12341431212373545,1.0,0.7346491228070176,0.31291954609218176,0.003686274509803922,0.8551700680272109,1.52
0.25,0.9,0.2,0.0,40,50,31,34,0.9301075268817204,0.2098244131383786,1.0,0.7941176470588235,0.35070593437582026,0.0021337126600284497,0.8795698924731182,1.0
0.25,0.9,0.2,0.1,20,50,48,35,0.32430555555555557,0.3374034899807964,0.29166666666666663,0.6857142857142857,0.4052785465332603,0.08565428276573787,0.5094557823129252,1.34
0.25,0.9,0.2,0.1,40,50,50,41,0.14423160173160174,0.13742341803466485,0.125,0.7154471544715447,0.3693912079336012,0.1872799329455676,0.2702995235276441,1.46
0.25,0.9,0.2,0.25,20,50,50,35,0.12263131313131312,0.12456306659733528,0.1111111111111111,0.8571428571428571,0.31086758509401535,0.38571078431372546,0.28051583337297625,1.06
0.25,0.9,0.2,0.25,40,50,50,33,0.04157545944182099,0.04036090789684918,0.04083333333333333,0.898989898989899,0.23547895171402625,0.5568879006247428,0.11591252768128135,1.06
0.25,0.9,0.35,0.0,20,50,25,37,0.94,0.21984843263788195,1.0,0.5045045045045046,0.4203292479434148,0.0021637426900584793,0.8416666666666667,1.34
0.25,0.9,0.35,0.0,40,50,32,34,0.7942708333333334,0.3732692287273293,1.0,0.7156862745098039,0.4154617158226732,0.004754775017932913,0.8746598639455783,1.14
0.25,0.9,0.35,0.1,20,50,27,35,0.7345679012345678,0.4063051652466524,1.0,0.4904761904761905,0.4408526667298707,0.010935672514619884,0.7138888888888889,1.18
0.25,0.9,0.35,0.1,40,50,47,39,0.3978723404255319,0.3317829346363386,0.5,0.7042735042735043,0.36440125425698466,0.042638404028496904,0.5434210526315789,1.62
0.25,0.9,0.35,0.25,20,50,50,40,0.1214126984126984,0.15608456832824824,0.0,0.5,0.46684978092392626,0.18447540419676642,0.22446428571428573,1.08
0.25,0.9,0.35,0.25,40,50,50,38,0.07525576874106286,0.07463475017775562,0.06904761904761905,0.7609649122807017,0.3604775843595101,0.3342659437922596,0.170374849472943,1.3
0.5,0.2,0.1,0.0,20,50,37,44,0.9774774774774774,0.09751671400077791,1.0,0.5867424242424243,0.3437627995353395,0.0024264705882352943,0.7890819390819391,2.1
0.5,0.2,0.1,0.0,40,50,41,48,0.8943089430894309,0.23200843363794513,1.0,0.5960069444444445,0.33772370041661137,0.004299833089306773,0.77627442002442,2.48
0.5,0.2,0.1,0.1,20,50,50,46,0.2144834054834055,0.21501090329596476,0.2,0.487991718426501,0.3621900701204579,0.2927844687132613,0.28725374866679215,2.4
0.5,0.2,0.1,0.1,40,50,50,46,0.08863497071620641,0.06307356421036654,0.07919254658385093,0.731159420289855,0.2916028225500615,0.459279773750362,0.1651539379239725,2.22
0.5,0.2,0.1,0.25,20,50,50,47,0.12648102061337357,0.1002321856539933,0.1,0.7429584599797365,0.3351940661399798,0.6700039682539682,0.2149737839102835,2.36
0.5,0.2,0.1,0.25,40,50,50,43,0.06595918832913866,0.051090670976191264,0.06559139784946236,0.7898671096345515,0.27252438871099216,0.7552710132435365,0.13684555551354174,2.46
0.5,0.2,0.2,0.0,20,50,22,43,0.9318181818181818,0.23378126454803785,1.0,0.24689922480620155,0.3089548821951014,0.0024264705882352943,0.6025974025974026,2.4
0.5,0.2,0.2,0.0,40,50,34,46,0.9534313725490196,0.13482620136740261,1.0,0.39855072463768115,0.32054787371801774,0.0022389532389532393,0.6563725490196078,2.28
0.5,0.2,0.2,0.1,20,50,41,46,0.35365853658536583,0.3378550024937134,0.3333333333333333,0.3278985507246377,0.3606416495024911,0.07676350189198486,0.35423280423280423,2.12
0.5,0.2,0.2,0.1,40,50,50,47,0.14965367965367965,0.13073230339493322,0.16666666666666666,0.43465045592705165,0.34443284704867644,0.16803476662029293,0.22435412664975934,2.3
0.5,0.2,0.2,0.25,20,50,50,45,0.12166061716061716,0.1120380863845077,0.11805555555555555,0.45629629629629626,0.36376761800662416,0.40284178583714186,0.19064898064898064,2.26
0.5,0.2,0.2,0.25,40,50,50,47,0.08165809026079587,0.0629792558250535,0.05756578947368421,0.6937183383991894,0.30233425306233436,0.5345114937336299,0.14892157425791477,2.62
0.5,0.2,0.35,0.0,20,50,6,44,0.8333333333333334,0.408248290463863,1.0,0.055681818181818186,0.18811396230526964,0.001176470588235294,0.5055555555555555,2.06
0.5,0.2,0.35,0.0,40,50,18,46,0.8055555555555556,0.38877215801761467,1.0,0.1358695652173913,0.2430253604432513,0.00270428323059902,0.44285714285714284,2.64
0.5,0.2,0.35,0.1,20,50,21,42,0.19841269841269843,0.363696483726654,0.0,0.0853174603174603,0.24312226007965254,0.0253046955624355,0.21666666666666667,1.9
0.5,0.2,0.35,0.1,40,50,43,48,0.19651162790697674,0.29686541718390436,0.0,0.18437499999999998,0.2876168947269748,0.0450377085144887,0.18582766439909296,2.48
0.5,0.2,0.35,0.25,20,50,50,49,0.16057142857142856,0.215739137491129,0.0,0.2207482993197279,0.2845263000488727,0.17558360172679058,0.1629413670229997,2.82
0.5,0.2,0.35,0.25,40,50,50,46,0.09049293104556262,0.09344185144155638,0.08712121212121213,0.4058143547273982,0.3539325064140746,0.30953778505055596,0.14983225551028287,2.62
0.5,0.5,0.1,0.0,20,50,47,47,0.9833333333333334,0.06602956445140704,1.0,0.852127659574468,0.22478161761870685,0.0037598039215686273,0.8913880445795339,2.56
0.5,0.5,0.1,0.0,40,50,46,47,0.9710144927536232,0.11278925954736627,1.0,0.8695035460992908,0.2068080146871553,0.0021479374110953057,0.913543823326432,2.5
0.5,0.5,0.1,0.1,20,50,50,45,0.25265795315795314,0.20007795922574062,0.2111111111111111,0.7462962962962963,0.33209787882841774,0.3148820221745918,0.38373700373700376,2.32
0.5,0.5,0.1,0.1,40,50,50,45,0.10546104926691142,0.07352270364547715,0.10526315789473684,0.8281481481481481,0.2675841749517786,0.44849377158974685,0.20069736145653347,2.26
0.5,0.5,0.1,0.25,20,50,50,46,0.1615601783837078,0.10831652046668697,0.14285714285714285,0.7978260869565218,0.23694581074641047,0.6669513234443575,0.2762139299879911,2.66
0.5,0.5,0.1,0.25,40,50,50,45,0.06579440968237343,0.043051911362097135,0.06451612903225806,0.8607407407407408,0.2022335994135546,0.7834591984220468,0.13260088161974248,2.36
0.5,0.5,0.2,0.0,20,50,37,46,0.954954954954955,0.17850825900183212,1.0,0.5134057971014493,0.3416123636199259,0.003855042016806722,0.7433290433290434,2.2
0.5,0.5,0.2,0.0,40,50,43,47,0.9709302325581395,0.11192714368195845,1.0,0.6632725430597771,0.3293206211992948,0.001672916936074831,0.7975466394071045,2.36
0.5,0.5,0.2,0.1,20,50,46,44,0.5568840579710145,0.3371371133119323,0.6666666666666666,0.6685606060606061,0.34234364599343586,0.07047391763723032,0.6439357864357864,2.38
0.5,0.5,0.2,0.1,40,50,50,43,0.195021645021645,0.15419039440822976,0.19090909090909092,0.6794573643410853,0.35227599376685076,0.1647325227789624,0.3298525763642043,2.04
0.5,0.5,0.2,0.25,20,50,50,46,0.17366494616494615,0.11953241813951151,0.16025641025641024,0.6696687370600414,0.338489387504117,0.4106682637967468,0.28210533427924733,2.3
0.5,0.5,0.2,0.25,40,50,50,41,0.07334873436913415,0.05623615169896094,0.06904761904761905,0.7601626016260163,0.33077934170641454,0.5449468951821893,0.15749933708541583,2.08
0.5,0.5,0.35,0.0,20,50,35,46,0.9285714285714286,0.21498485387337868,1.0,0.3467391304347826,0.28169722747241727,0.00506453634085213,0.6054621848739495,2.56
0.5,0.5,0.35,0.0,40,50,35,44,0.9214285714285714,0.17957700064224225,1.0,0.49962121212121213,0.34529859445538363,0.003308391540589683,0.7102267573696145,2.5
0.5,0.5,0.35,0.1,20,50,35,43,0.7142857142857143,0.42070868581398185,1.0,0.3420819490586932,0.34102983740042936,0.015201668386652907,0.5243145743145743,2.18
0.5,0.5,0.35,0.1,40,50,46,47,0.36231884057971014,0.2982198398865284,0.3333333333333333,0.48156028368794324,0.39215178163257014,0.05255591310390072,0.4086982461982462,2.36
0.5,0.5,0.35,0.25,20,50,50,44,0.2945952380952381,0.27002788581716086,0.25,0.4920454545454545,0.3588578032458464,0.16387861811391222,0.3663190345008527,2.4
0.5,0.5,0.35,0.25,40,50,50,46,0.10758445347222438,0.08823986353461849,0.09090909090909091,0.5618357487922705,0.32761684414065256,0.3325315805532524,0.18514488170763227,2.62
0.5,0.9,0.1,0.0,20,50,43,44,0.9883720930232558,0.07624928516630232,1.0,0.859090909090909,0.23153946497969188,0.001176470588235294,0.9190107050572167,2.3
0.5,0.9,0.1,0.0,40,50,48,48,0.9565972222222222,0.1684212460322367,1.0,0.8944444444444445,0.22495950077681923,0.0021487276750434643,0.9092502405002404,2.38
0.5,0.9,0.1,0.1,20,50,50,42,0.24113708513708512,0.16994638498128778,0.26785714285714285,0.8845238095238095,0.2486928661938309,0.327698492082393,0.41806578886410817,2.04
0.5,0.9,0.1,0.1,40,50,50,47,0.12075410739557327,0.08247174053070659,0.10818713450292397,0.8911347517730497,0.24529020237177596,0.45434243738578106,0.21818725600462358,2.38
0.5,0.9,0.1,0.25,20,50,50,46,0.13223567772097183,0.08924636234202055,0.1380952380952381,0.8967391304347826,0.24732194156698192,0.6879197994987468,0.2401311432170229,2.02
0.5,0.9,0.1,0.25,40,50,50,43,0.0646618772533614,0.04570392527950042,0.0625,0.9418604651162791,0.19881833765826662,0.7497178628974295,0.13712367896191394,2.02
0.5,0.9,0.2,0.0,20,50,42,46,0.9702380952380952,0.15813683631956676,1.0,0.7365942028985507,0.3317484463706658,0.0024444444444444444,0.8639644746787605,2.34
0.5,0.9,0.2,0.0,40,50,46,45,0.9492753623188406,0.21043624651811116,1.0,0.8292592592592594,0.2502815474104839,0.001581196581196581,0.8971943460579823,2.46
0.5,0.9,0.2,0.1,20,50,48,50,0.6879464285714286,0.31145775924883345,0.6666666666666666,0.8381428571428572,0.28991824970635355,0.05432114127702363,0.7251230251230251,2.2
0.5,0.9,0.2,0.1,40,50,50,49,0.2592983372836314,0.15624908041161814,0.25,0.8271622934888241,0.28748291807651244,0.18112792406484357,0.3811119884096443,2.72
0.5,0.9,0.2,0.25,20,50,50,46,0.2289184704184704,0.14089950172799304,0.25,0.8047101449275362,0.24387972757985238,0.3978904349864102,0.3587931498737126,2.3
0.5,0.9,0.2,0.25,40,50,50,46,0.09057887706561951,0.06730327499377874,0.08695652173913043,0.8315217391304348,0.26729620738026044,0.5467166298961965,0.17086097275518922,2.4
0.5,0.9,0.35,0.0,20,50,39,47,1.0,0.0,1.0,0.5897163120567376,0.35586109065089355,0.0,0.8033577533577534,2.46
0.5,0.9,0.35,0.0,40,50,42,46,0.9305555555555556,0.18941919023591466,1.0,0.7260351966873706,0.3274054929422322,0.0038522435271661276,0.8551578502798014,2.46
0.5,0.9,0.35,0.1,20,50,41,43,0.8304878048780487,0.27673449065807326,1.0,0.6418604651162791,0.3209067034849497,0.018399503661113568,0.736984126984127,2.12
0.5,0.9,0.35,0.1,40,50,47,46,0.48753799392097263,0.2954914480831191,0.5,0.6699275362318841,0.31865108371199996,0.04400718470997109,0.5508818342151675,2.3
0.5,0.9,0.35,0.25,20,50,50,42,0.2632857142857143,0.2555809970897589,0.25,0.575,0.4039481640522611,0.18869343702393238,0.3879062736205593,2.06
0.5,0.9,0.35,0.25,40,50,50,48,0.13108586021821314,0.09170850158975061,0.13333333333333333,0.6593749999999999,0.33069713329817546,0.3200538773046513,0.21714218149934597,2.54
