example_id,example_type,mechanism,seed,selection_metric,selection_value,interval,event_time,true_jump,detected_jump,standardized_innovation,true_transition,predicted_transition
J_success,jump_success,jump,219311,f1,1.0,0,0.2631578947368421,False,False,0.5122431710097463,,
J_success,jump_success,jump,219311,f1,1.0,1,0.5263157894736842,True,True,4.881770496167825,,
J_success,jump_success,jump,219311,f1,1.0,2,0.7894736842105263,False,False,1.3836541634662678,,
J_success,jump_success,jump,219311,f1,1.0,3,1.0526315789473684,False,False,0.5813864002241027,,
J_success,jump_success,jump,219311,f1,1.0,4,1.3157894736842104,True,True,-15.078940334098283,,
J_success,jump_success,jump,219311,f1,1.0,5,1.5789473684210527,False,False,-0.8535560808617051,,
J_success,jump_success,jump,219311,f1,1.0,6,1.8421052631578947,False,False,-0.2946755963086095,,
J_success,jump_success,jump,219311,f1,1.0,7,2.1052631578947367,False,False,0.17240856224338594,,
J_success,jump_success,jump,219311,f1,1.0,8,2.3684210526315788,False,False,-0.005533329578470943,,
J_success,jump_success,jump,219311,f1,1.0,9,2.631578947368421,True,True,-15.908100119361494,,
J_success,jump_success,jump,219311,f1,1.0,10,2.894736842105263,False,False,0.44988484180584204,,
J_success,jump_success,jump,219311,f1,1.0,11,3.1578947368421053,False,False,0.9500966373724086,,
J_success,jump_success,jump,219311,f1,1.0,12,3.4210526315789473,False,False,-0.6132180310891804,,
J_success,jump_success,jump,219311,f1,1.0,13,3.6842105263157894,False,False,0.6318433211337672,,
J_success,jump_success,jump,219311,f1,1.0,14,3.9473684210526314,False,False,0.5502004361104467,,
J_success,jump_success,jump,219311,f1,1.0,15,4.2105263157894735,False,False,0.5103829410274139,,
J_success,jump_success,jump,219311,f1,1.0,16,4.473684210526316,False,False,-1.034121847388964,,
J_success,jump_success,jump,219311,f1,1.0,17,4.7368421052631575,False,False,-0.4851067390536751,,
J_success,jump_success,jump,219311,f1,1.0,18,5.0,False,False,0.2962511869659834,,
J_failure,jump_failure,jump,2067874,f1,0.0,0,0.1282051282051282,False,False,2.9486944046764796,,
J_failure,jump_failure,jump,2067874,f1,0.0,1,0.2564102564102564,False,False,-1.6090960809534443,,
J_failure,jump_failure,jump,2067874,f1,0.0,2,0.3846153846153846,False,False,1.8481229450932155,,
J_failure,jump_failure,jump,2067874,f1,0.0,3,0.5128205128205128,False,True,-3.872843539122466,,
J_failure,jump_failure,jump,2067874,f1,0.0,4,0.641025641025641,False,True,5.7923041845767935,,
J_failure,jump_failure,jump,2067874,f1,0.0,5,0.7692307692307692,False,False,-1.937212036268988,,
J_failure,jump_failure,jump,2067874,f1,0.0,6,0.8974358974358974,False,False,0.06627350555311953,,
J_failure,jump_failure,jump,2067874,f1,0.0,7,1.0256410256410255,False,False,-0.894079183273929,,
J_failure,jump_failure,jump,2067874,f1,0.0,8,1.1538461538461537,False,False,-2.291376987556725,,
J_failure,jump_failure,jump,2067874,f1,0.0,9,1.282051282051282,False,False,2.563543455626,,
J_failure,jump_failure,jump,2067874,f1,0.0,10,1.4102564102564101,False,True,3.954365740977402,,
J_failure,jump_failure,jump,2067874,f1,0.0,11,1.5384615384615383,False,False,-0.256407592487819,,
J_failure,jump_failure,jump,2067874,f1,0.0,12,1.6666666666666665,False,False,-0.5522325188715822,,
J_failure,jump_failure,jump,2067874,f1,0.0,13,1.7948717948717947,False,False,2.874556062134498,,
J_failure,jump_failure,jump,2067874,f1,0.0,14,1.923076923076923,False,False,-0.7975118462493416,,
J_failure,jump_failure,jump,2067874,f1,0.0,15,2.051282051282051,False,False,1.6913567263440241,,
J_failure,jump_failure,jump,2067874,f1,0.0,16,2.1794871794871793,False,False,-1.8460835133434497,,
J_failure,jump_failure,jump,2067874,f1,0.0,17,2.3076923076923075,True,False,2.2945536860154427,,
J_failure,jump_failure,jump,2067874,f1,0.0,18,2.4358974358974357,False,False,-0.49193070124660254,,
J_failure,jump_failure,jump,2067874,f1,0.0,19,2.564102564102564,False,False,-0.4240780184149691,,
J_failure,jump_failure,jump,2067874,f1,0.0,20,2.692307692307692,False,True,-4.936401875095346,,
J_failure,jump_failure,jump,2067874,f1,0.0,21,2.8205128205128203,False,True,3.250877100718977,,
J_failure,jump_failure,jump,2067874,f1,0.0,22,2.9487179487179485,False,False,-1.811837693715758,,
J_failure,jump_failure,jump,2067874,f1,0.0,23,3.0769230769230766,False,True,4.087329816876265,,
J_failure,jump_failure,jump,2067874,f1,0.0,24,3.205128205128205,False,False,-2.4844531281958258,,
J_failure,jump_failure,jump,2067874,f1,0.0,25,3.333333333333333,False,False,-1.1134179361944803,,
J_failure,jump_failure,jump,2067874,f1,0.0,26,3.4615384615384612,False,False,1.3475977404589037,,
J_failure,jump_failure,jump,2067874,f1,0.0,27,3.5897435897435894,False,False,2.629452666283278,,
J_failure,jump_failure,jump,2067874,f1,0.0,28,3.7179487179487176,False,False,1.8947998268740742,,
J_failure,jump_failure,jump,2067874,f1,0.0,29,3.846153846153846,False,False,-2.953465000075036,,
J_failure,jump_failure,jump,2067874,f1,0.0,30,3.974358974358974,False,False,2.146469955497883,,
J_failure,jump_failure,jump,2067874,f1,0.0,31,4.102564102564102,False,True,-4.085518784303844,,
J_failure,jump_failure,jump,2067874,f1,0.0,32,4.23076923076923,False,True,4.427192880050171,,
J_failure,jump_failure,jump,2067874,f1,0.0,33,4.358974358974359,False,False,-2.147610503540874,,
J_failure,jump_failure,jump,2067874,f1,0.0,34,4.487179487179487,False,False,0.4842083561933824,,
J_failure,jump_failure,jump,2067874,f1,0.0,35,4.615384615384615,False,False,0.45556504455728525,,
J_failure,jump_failure,jump,2067874,f1,0.0,36,4.743589743589743,False,False,1.0376663364644867,,
J_failure,jump_failure,jump,2067874,f1,0.0,37,4.871794871794871,False,False,-0.5407729172316357,,
J_failure,jump_failure,jump,2067874,f1,0.0,38,5.0,False,False,-1.476862666676982,,
B_success,branch_success,branch,7441463,adjusted_rand_index,1.0,0,0.2631578947368421,,,,False,False
B_success,branch_success,branch,7441463,adjusted_rand_index,1.0,1,0.5263157894736842,,,,False,False
B_success,branch_success,branch,7441463,adjusted_rand_index,1.0,2,0.7894736842105263,,,,False,False
B_success,branch_success,branch,7441463,adjusted_rand_index,1.0,3,1.0526315789473684,,,,False,False
B_success,branch_success,branch,7441463,adjusted_rand_index,1.0,4,1.3157894736842104,,,,False,False
B_success,branch_success,branch,7441463,adjusted_rand_index,1.0,5,1.5789473684210527,,,,False,False
B_success,branch_success,branch,7441463,adjusted_rand_index,1.0,6,1.8421052631578947,,,,False,False
B_success,branch_success,branch,7441463,adjusted_rand_index,1.0,7,2.1052631578947367,,,,False,False
B_success,branch_success,branch,7441463,adjusted_rand_index,1.0,8,2.3684210526315788,,,,False,False
B_success,branch_success,branch,7441463,adjusted_rand_index,1.0,9,2.631578947368421,,,,False,False
B_success,branch_success,branch,7441463,adjusted_rand_index,1.0,10,2.894736842105263,,,,False,False
B_success,branch_success,branch,7441463,adjusted_rand_index,1.0,11,3.1578947368421053,,,,False,False
B_success,branch_success,branch,7441463,adjusted_rand_index,1.0,12,3.4210526315789473,,,,False,False
B_success,branch_success,branch,7441463,adjusted_rand_index,1.0,13,3.6842105263157894,,,,False,False
B_success,branch_success,branch,7441463,adjusted_rand_index,1.0,14,3.9473684210526314,,,,False,False
B_success,branch_success,branch,7441463,adjusted_rand_index,1.0,15,4.2105263157894735,,,,False,False
B_success,branch_success,branch,7441463,adjusted_rand_index,1.0,16,4.473684210526316,,,,False,False
B_success,branch_success,branch,7441463,adjusted_rand_index,1.0,17,4.7368421052631575,,,,True,True
B_success,branch_success,branch,7441463,adjusted_rand_index,1.0,18,5.0,,,,False,False
B_failure,branch_failure,branch,6097556,adjusted_rand_index,-0.13095238095238085,0,0.2631578947368421,,,,False,False
B_failure,branch_failure,branch,6097556,adjusted_rand_index,-0.13095238095238085,1,0.5263157894736842,,,,False,False
B_failure,branch_failure,branch,6097556,adjusted_rand_index,-0.13095238095238085,2,0.7894736842105263,,,,False,True
B_failure,branch_failure,branch,6097556,adjusted_rand_index,-0.13095238095238085,3,1.0526315789473684,,,,True,False
B_failure,branch_failure,branch,6097556,adjusted_rand_index,-0.13095238095238085,4,1.3157894736842104,,,,False,False
B_failure,branch_failure,branch,6097556,adjusted_rand_index,-0.13095238095238085,5,1.5789473684210527,,,,False,False
B_failure,branch_failure,branch,6097556,adjusted_rand_index,-0.13095238095238085,6,1.8421052631578947,,,,False,False
B_failure,branch_failure,branch,6097556,adjusted_rand_index,-0.13095238095238085,7,2.1052631578947367,,,,True,False
B_failure,branch_failure,branch,6097556,adjusted_rand_index,-0.13095238095238085,8,2.3684210526315788,,,,False,False
B_failure,branch_failure,branch,6097556,adjusted_rand_index,-0.13095238095238085,9,2.631578947368421,,,,False,False
B_failure,branch_failure,branch,6097556,adjusted_rand_index,-0.13095238095238085,10,2.894736842105263,,,,False,False
B_failure,branch_failure,branch,6097556,adjusted_rand_index,-0.13095238095238085,11,3.1578947368421053,,,,False,False
B_failure,branch_failure,branch,6097556,adjusted_rand_index,-0.13095238095238085,12,3.4210526315789473,,,,False,True
B_failure,branch_failure,branch,6097556,adjusted_rand_index,-0.13095238095238085,13,3.6842105263157894,,,,False,True
B_failure,branch_failure,branch,6097556,adjusted_rand_index,-0.13095238095238085,14,3.9473684210526314,,,,False,False
B_failure,branch_failure,branch,6097556,adjusted_rand_index,-0.13095238095238085,15,4.2105263157894735,,,,False,False
B_failure,branch_failure,branch,6097556,adjusted_rand_index,-0.13095238095238085,16,4.473684210526316,,,,False,False
B_failure,branch_failure,branch,6097556,adjusted_rand_index,-0.13095238095238085,17,4.7368421052631575,,,,False,False
B_failure,branch_failure,branch,6097556,adjusted_rand_index,-0.13095238095238085,18,5.0,,,,False,False
