x,observed_switching_survival,switching_gaussian_survival,switching_student_t_survival,best_gaussian_model,best_student_t_model
2.8494536083895237,1.0,0.9083519426409304,0.8730307275202183,M1,M3
2.8752730503178117,1.0,0.9061061237395409,0.870774377781077,M1,M3
2.9010924922460997,1.0,0.9038199455491954,0.8684674189146009,M1,M3
2.9269119341743877,1.0,0.9014931083101058,0.866108670432173,M1,M3
2.9527313761026757,1.0,0.8991253219322638,0.8636969327208842,M1,M3
2.9785508180309637,1.0,0.8967163063270334,0.8612309876260779,M1,M3
3.0043702599592517,0.9090909090909091,0.8942657917372008,0.8587095991295137,M1,M3
3.0301897018875397,0.9090909090909091,0.8917735190651499,0.8561315141300939,M1,M3
3.0560091438158277,0.9090909090909091,0.8892392401988269,0.8534954633343619,M1,M3
3.0818285857441157,0.9090909090909091,0.886662718335157,0.8508001622642307,M1,M3
3.1076480276724037,0.9090909090909091,0.8840437283005713,0.8480443123896354,M1,M3
3.1334674696006917,0.9090909090909091,0.8813820568683013,0.8452266023940056,M1,M3
3.1592869115289797,0.9090909090909091,0.8786775030720918,0.8423457095806337,M1,M3
3.1851063534572677,0.9090909090909091,0.8759298785159884,0.8394003014281552,M1,M3
3.2109257953855557,0.9090909090909091,0.8731390076798475,0.8363890373034577,M1,M3
3.2367452373138437,0.9090909090909091,0.8703047282202198,0.8333105703403761,M1,M3
3.2625646792421317,0.9090909090909091,0.867426891266257,0.8301635494925348,M1,M3
3.2883841211704197,0.9090909090909091,0.8645053617102918,0.8269466217686092,M1,M3
3.3142035630987077,0.9090909090909091,0.8615400184927389,0.8236584346581384,M1,M3
3.3400230050269957,0.9090909090909091,0.8585307548809706,0.8202976387557779,M1,M3
3.3658424469552837,0.9090909090909091,0.8554774787418173,0.8168628905915567,M1,M3
3.3916618888835717,0.9090909090909091,0.8523801128073483,0.8133528556742671,M1,M3
3.4174813308118597,0.9090909090909091,0.849238594933588,0.8097662117545602,M1,M3
3.4433007727401477,0.9090909090909091,0.8460528783518269,0.8061016523136519,M1,M3
3.4691202146684357,0.9090909090909091,0.8428229319121912,0.8023578902827213,M1,M3
3.4949396565967237,0.9090909090909091,0.8395487403191345,0.7985336619971243,M1,M3
3.5207590985250117,0.9090909090909091,0.8362303043585251,0.7946277313884236,M1,M3
3.5465785404532997,0.9090909090909091,0.8328676411160005,0.7906388944159474,M1,M3
3.5723979823815877,0.9090909090909091,0.8294607841862728,0.786565983738114,M1,M3
3.5982174243098757,0.9090909090909091,0.8260097838730684,0.78240787362212,M1,M3
3.6240368662381637,0.9090909090909091,0.822514707379395,0.7781634850887255,M1,M3
3.6498563081664517,0.9090909090909091,0.8189756389878345,0.7738317912868466,M1,M3
3.6756757500947397,0.9090909090909091,0.8153926802305684,0.7694118230904078,M1,M3
3.7014951920230277,0.9090909090909091,0.8117659500488472,0.7649026749074762,M1,M3
3.7273146339513157,0.9090909090909091,0.808095584941628,0.7603035106890635,M1,M3
3.7531340758796037,0.9090909090909091,0.8043817391031068,0.7556135701221464,M1,M3
3.7789535178078917,0.9090909090909091,0.8006245845488885,0.7508321749884728,M1,M3
3.8047729597361797,0.9090909090909091,0.7968243112305381,0.7459587356675377,M1,M3
3.8305924016644677,0.9090909090909091,0.7929811271382767,0.7409927577588183,M1,M3
3.8564118435927557,0.9090909090909091,0.7890952583915853,0.7359338487949363,M1,M3
3.8822312855210437,0.8181818181818182,0.7851669493175,0.7307817250138928,M1,M3
3.9080507274493317,0.8181818181818182,0.7811964625163847,0.7255362181549856,M1,M3
3.9338701693776197,0.7272727272727273,0.777184078914988,0.7201972822394404,M1,M3
3.9596896113059077,0.7272727272727273,0.7731300978065916,0.714765000293271,M1,M3
3.9855090532341957,0.7272727272727273,0.7690348368780815,0.7092395909664686,M1,M3
4.011328495162484,0.7272727272727273,0.7648986322237775,0.7036214149993464,M1,M3
4.037147937090772,0.7272727272727273,0.7607218383458718,0.6979109814838275,M1,M3
4.06296737901906,0.7272727272727273,0.7565048281413438,0.6921089538647147,M1,M3
4.088786820947348,0.7272727272727273,0.7522479928752259,0.6862161556235891,M1,M3
4.114606262875636,0.7272727272727273,0.7479517421401152,0.6802335755860398,M1,M3
4.140425704803924,0.7272727272727273,0.7436165038018354,0.6741623727914918,M1,M3
4.166245146732212,0.7272727272727273,0.7392427239311685,0.6680038808640568,M1,M3
4.1920645886605,0.6363636363636364,0.7348308667215948,0.6617596118226423,M1,M3
4.217884030588788,0.6363636363636364,0.7303814143929862,0.6554312592691114,M1,M3
4.243703472517076,0.5454545454545454,0.7258948670812222,0.6490207008946103,M1,M3
4.269522914445364,0.5454545454545454,0.7213717427137056,0.6425300002463672,M1,M3
4.295342356373652,0.5454545454545454,0.7168125768707748,0.6359614077003277,M1,M3
4.32116179830194,0.5454545454545454,0.7122179226330227,0.6293173605889634,M1,M3
4.346981240230228,0.5454545454545454,0.707588350414551,0.6226004824384888,M1,M3
4.372800682158516,0.5454545454545454,0.7029244477821979,0.6158135812755433,M1,M3
4.398620124086804,0.5454545454545454,0.6982268192608018,0.608959646970102,M1,M3
4.424439566015092,0.5454545454545454,0.6934960861245723,0.6020418475889542,M1,M3
4.45025900794338,0.5454545454545454,0.6887328861746584,0.5950635247424356,M1,M3
4.476078449871668,0.5454545454545454,0.6839378735030204,0.5880281879161677,M1,M3
4.501897891799956,0.5454545454545454,0.6791117182427251,0.580939507789213,M1,M3
4.527717333728244,0.5454545454545454,0.6742551063048038,0.5738013085501957,M1,M3
4.553536775656532,0.5454545454545454,0.6693687391018242,0.5666175592333988,M1,M3
4.57935621758482,0.5454545454545454,0.6644533332583444,0.5593923641074983,M1,M3
4.605175659513108,0.5454545454545454,0.6595096203084354,0.552129952160247,M1,M3
4.630995101441396,0.5454545454545454,0.6545383463804679,0.5448346657328925,M1,M3
4.656814543369684,0.45454545454545453,0.6495402718693806,0.5375109483682496,M1,M3
4.682633985297972,0.45454545454545453,0.644516171096658,0.530163331945922,M1,M3
4.70845342722626,0.45454545454545453,0.6394668319582643,0.5227964231870467,M1,M3
4.734272869154548,0.45454545454545453,0.6343930555607877,0.5154148896189121,M1,M3
4.760092311082836,0.45454545454545453,0.6292956558460737,0.5080234450967385,M1,M3
4.785911753011124,0.45454545454545453,0.6241754592046308,0.5006268349856686,M1,M3
4.811731194939412,0.45454545454545453,0.6190333040781113,0.4932298211104708,M1,M3
4.8375506368677,0.45454545454545453,0.6138700405511806,0.4858371665835257,M1,M3
4.863370078795988,0.45454545454545453,0.6086865299331032,0.47845362062328034,M1,M3
4.889189520724276,0.45454545454545453,0.6034836443293858,0.4710839034754796,M1,M3
4.915008962652564,0.45454545454545453,0.5982622662038285,0.4637326915481242,M1,M3
4.940828404580852,0.45454545454545453,0.5930232879313496,0.45640460286827583,M1,M3
4.96664784650914,0.45454545454545453,0.5877676113419605,0.4491041829646075,M1,M3
4.992467288437428,0.45454545454545453,0.5824961472562763,0.44183589127405054,M1,M3
5.018286730365716,0.45454545454545453,0.5772098150129596,0.4346040881641417,M1,M3
5.044106172294004,0.45454545454545453,0.5719095419885077,0.42741302265486353,M1,M3
5.069925614222292,0.45454545454545453,0.5665962631097965,0.42026682091503215,M1,M3
5.09574505615058,0.45454545454545453,0.5612709203598114,0.4131694755988184,M1,M3
5.121564498078868,0.45454545454545453,0.5559344622769975,0.4061248360779341,M1,M3
5.147383940007156,0.45454545454545453,0.5505878434486743,0.39913659961458936,M1,M3
5.173203381935444,0.45454545454545453,0.5452320239989635,0.3922083035096884,M1,M3
5.199022823863732,0.45454545454545453,0.5398679690716901,0.3853433182500751,M1,M3
5.22484226579202,0.45454545454545453,0.5344966483087181,0.3785448416681279,M1,M3
5.250661707720308,0.45454545454545453,0.5291190353241921,0.3718158941168053,M1,M3
5.276481149648596,0.45454545454545453,0.523736107175161,0.3651593146534884,M1,M3
5.302300591576884,0.45454545454545453,0.5183488438290599,0.35857775821680016,M1,M3
5.328120033505172,0.45454545454545453,0.5129582276285385,0.35207369377209885,M1,M3
5.35393947543346,0.45454545454545453,0.507565242754119,0.34564940339363703,M1,M3
5.379758917361748,0.45454545454545453,0.5021708746851754,0.3393069822445135,M1,M3
5.405578359290036,0.45454545454545453,0.4967761096597269,0.33304833940957856,M1,M3
5.431397801218324,0.45454545454545453,0.49138193413353637,0.3268751995313952,M1,M3
5.457217243146612,0.45454545454545453,0.4859893342390104,0.32078910519522635,M1,M3
5.4830366850749,0.45454545454545453,0.4805992952443955,0.3147914200058093,M1,M3
5.508856127003188,0.45454545454545453,0.47521280101376284,0.30888333229634624,M1,M3
5.534675568931476,0.45454545454545453,0.46983083346827786,0.30306585940866604,M1,M3
5.560495010859764,0.36363636363636365,0.46445437204924284,0.2973398524828388,M1,M3
5.586314452788052,0.36363636363636365,0.45908439318340505,0.29170600169458394,M1,M3
5.61213389471634,0.36363636363636365,0.45372186975101436,0.28616484187955443,M1,M3
5.637953336644628,0.36363636363636365,0.44836777055711535,0.28071675848491756,M1,M3
5.663772778572916,0.36363636363636365,0.4430230598065509,0.275361993790515,M1,M3
5.689592220501204,0.2727272727272727,0.43768869658315246,0.2701006533442124,M1,M3
5.715411662429492,0.2727272727272727,0.43236563433358605,0.2649327125587316,M1,M3
5.74123110435778,0.2727272727272727,0.4270548203563152,0.25985802342026487,M1,M3
5.767050546286068,0.2727272727272727,0.4217571952961392,0.25487632126240145,M1,M3
5.792869988214356,0.2727272727272727,0.4164736926447541,0.24998723156229166,M1,M3
5.818689430142644,0.2727272727272727,0.41120523824777944,0.24519027671948715,M1,M3
5.844508872070932,0.2727272727272727,0.40595274981868346,0.24048488278145075,M1,M3
5.87032831399922,0.2727272727272727,0.4007171364600314,0.2358703860832903,M1,M3
5.896147755927508,0.2727272727272727,0.39549929819247276,0.23134603977279322,M1,M3
5.921967197855796,0.2727272727272727,0.3903001254918733,0.22691102019527123,M1,M3
5.947786639784084,0.2727272727272727,0.3851204988349868,0.2225644331160629,M1,M3
5.973606081712372,0.2727272727272727,0.37996128825405184,0.21830531976171969,M1,M3
5.99942552364066,0.2727272727272727,0.3748233529006877,0.21413266266394096,M1,M3
6.025244965568948,0.2727272727272727,0.3697075406194499,0.21004539129317507,M1,M3
6.051064407497236,0.2727272727272727,0.3646146875313977,0.20604238747147158,M1,M3
6.076883849425524,0.2727272727272727,0.3595456176280095,0.20212249055664536,M1,M3
6.102703291353812,0.2727272727272727,0.35450114237577157,0.19828450239208825,M1,M3
6.1285227332821,0.2727272727272727,0.3494820603317521,0.19452719201863683,M1,M3
6.154342175210388,0.2727272727272727,0.34448915677045944,0.19084930014678983,M1,M3
6.180161617138676,0.2727272727272727,0.3395232033222667,0.18724954338924849,M1,M3
6.205981059066964,0.2727272727272727,0.33458495762367657,0.18372661825525502,M1,M3
6.231800500995252,0.2727272727272727,0.329675162979679,0.18027920490952365,M1,M3
6.25761994292354,0.2727272727272727,0.32479454803844643,0.1769059706997087,M1,M3
6.283439384851828,0.2727272727272727,0.31994382647858943,0.17360557345733826,M1,M3
6.309258826780116,0.2727272727272727,0.3151236967091885,0.17037666457799425,M1,M3
6.335078268708404,0.2727272727272727,0.31033484158279434,0.1672178918871976,M1,M3
6.360897710636692,0.18181818181818182,0.305577928121581,0.16412790229905327,M1,M3
6.38671715256498,0.18181818181818182,0.3008536072568143,0.16110534427514359,M1,M3
6.412536594493268,0.18181818181818182,0.2961625135817878,0.1581488700915165,M1,M3
6.438356036421556,0.18181818181818182,0.2915052651183586,0.1552571379218616,M1,M3
6.464175478349844,0.18181818181818182,0.286882463097202,0.15242881374513295,M1,M3
6.489994920278132,0.18181818181818182,0.28229469175188826,0.1496625730859633,M1,M3
6.51581436220642,0.18181818181818182,0.27774251812686546,0.14695710259623748,M1,M3
6.541633804134708,0.18181818181818182,0.27322649189942266,0.1443111014861483,M1,M3
6.567453246062996,0.18181818181818182,0.26874714521568543,0.14172328281297464,M1,M3
6.593272687991284,0.18181818181818182,0.2643049925406848,0.13919237463568138,M1,M3
6.619092129919572,0.18181818181818182,0.2599005305225218,0.13671712104327138,M1,M3
6.64491157184786,0.18181818181818182,0.25553423787063667,0.1342962830646192,M1,M3
6.670731013776148,0.18181818181818182,0.251206575248174,0.13192863946728675,M1,M3
6.696550455704436,0.18181818181818182,0.24691798517842212,0.12961298745257122,M1,M3
6.722369897632724,0.18181818181818182,0.24266889196528763,0.12734814325377783,M1,M3
6.748189339561012,0.18181818181818182,0.23845970162775237,0.12513294264442865,M1,M3
6.7740087814893,0.18181818181818182,0.2342908018482454,0.12296624136283851,M1,M3
6.799828223417588,0.18181818181818182,0.23016256193484697,0.12084691545920116,M1,M3
6.825647665345876,0.18181818181818182,0.2260753327972277,0.11877386157103578,M1,M3
6.851467107274164,0.18181818181818182,0.22202944693621285,0.11674599713255583,M1,M3
6.877286549202452,0.18181818181818182,0.21802521844684647,0.1147622605232349,M1,M3
6.90310599113074,0.18181818181818182,0.2140629430348172,0.11282161116055756,M1,M3
6.928925433059028,0.18181818181818182,0.21014289804609482,0.11092302954166652,M1,M3
6.954744874987316,0.18181818181818182,0.20626534250961365,0.10906551723834636,M1,M3
6.980564316915604,0.18181818181818182,0.202430517192825,0.10724809684951701,M1,M3
7.006383758843892,0.18181818181818182,0.1986386446699313,0.10546981191515796,M1,M3
7.03220320077218,0.18181818181818182,0.19488992940259992,0.10372972679533404,M1,M3
7.058022642700468,0.18181818181818182,0.19118455783294597,0.10202692651775973,M1,M3
7.083842084628756,0.18181818181818182,0.18752269848855957,0.10036051659710744,M1,M3
7.109661526557044,0.18181818181818182,0.18390450209934567,0.09872962282905326,M1,M3
7.135480968485332,0.18181818181818182,0.18033010172593072,0.09713339106183912,M1,M3
7.16130041041362,0.18181818181818182,0.17679961289938473,0.09557098694794139,M1,M3
7.187119852341908,0.18181818181818182,0.1733131337719933,0.09404159567824075,M1,M3
7.212939294270196,0.18181818181818182,0.16987074527881113,0.09254442170091612,M1,M3
7.238758736198484,0.18181818181818182,0.16647251130971286,0.09107868842711503,M1,M3
7.264578178126772,0.18181818181818182,0.16311847889165704,0.08964363792529592,M1,M3
7.29039762005506,0.18181818181818182,0.15980867838086527,0.08823853060598787,M1,M3
7.316217061983348,0.18181818181818182,0.15654312366461381,0.0868626448985729,M1,M3
7.342036503911636,0.18181818181818182,0.15332181237233045,0.08551527692156462,M1,M3
7.367855945839924,0.18181818181818182,0.1501447260956792,0.08419574014773462,M1,M3
7.393675387768212,0.18181818181818182,0.14701183061731282,0.08290336506531959,M1,M3
7.4194948296965,0.18181818181818182,0.14392307614796856,0.08163749883643676,M1,M3
7.445314271624788,0.18181818181818182,0.14087839757157422,0.08039750495373367,M1,M3
7.471133713553076,0.18181818181818182,0.13787771469803173,0.07918276289620337,M1,M3
7.496953155481364,0.18181818181818182,0.13492093252333903,0.0779926677850092,M1,M3
7.522772597409652,0.18181818181818182,0.1320079414967098,0.0768266300400827,M1,M3
7.54859203933794,0.18181818181818182,0.12913861779434516,0.07568407503818067,M1,M3
7.574411481266228,0.18181818181818182,0.126312823599513,0.0745644427730198,M1,M3
7.600230923194516,0.18181818181818182,0.123530407388585,0.07346718751803949,M1,M3
7.626050365122804,0.18181818181818182,0.1207912042226843,0.07239177749228663,M1,M3
7.651869807051092,0.18181818181818182,0.11809503604458993,0.0713376945298576,M1,M3
7.67768924897938,0.18181818181818182,0.11544171198055225,0.07030443375328373,M1,M3
7.703508690907668,0.18181818181818182,0.11283102864666489,0.06929150325119789,M1,M3
7.729328132835956,0.18181818181818182,0.11026277045944527,0.06829842376057793,M1,M3
7.755147574764244,0.18181818181818182,0.10773670995027501,0.06732472835382125,M1,M3
7.780967016692532,0.18181818181818182,0.10525260808335163,0.06636996213086885,M1,M3
7.80678645862082,0.18181818181818182,0.10281021457680645,0.06543368191656453,M1,M3
7.832605900549108,0.18181818181818182,0.10040926822664592,0.06451545596340254,M1,M3
7.858425342477396,0.18181818181818182,0.09804949723317402,0.06361486365979081,M1,M3
7.884244784405684,0.18181818181818182,0.09573061952955947,0.06273149524392926,M1,M3
7.910064226333972,0.18181818181818182,0.09345234311221334,0.061864951523381645,M1,M3
7.93588366826226,0.18181818181818182,0.09121436637264413,0.06101484360039726,M1,M3
7.961703110190548,0.18181818181818182,0.08901637843046717,0.06018079260301843,M1,M3
7.987522552118836,0.18181818181818182,0.08685805946724484,0.059362429421995315,M1,M3
8.013341994047124,0.18181818181818182,0.084739081060839,0.05855939445351084,M1,M3
8.039161435975412,0.18181818181818182,0.082659106519966,0.05777133734770706,M1,M3
8.0649808779037,0.18181818181818182,0.0806177912186456,0.05699791676298941,M1,M3
8.090800319831988,0.18181818181818182,0.07861478293024401,0.05623880012607621,M1,M3
8.116619761760276,0.18181818181818182,0.07664972216081589,0.055493663397748555,M1,M3
8.142439203688564,0.18181818181818182,0.07472224248145501,0.054762190844248826,M1,M3
8.168258645616852,0.18181818181818182,0.07283197085937392,0.05404407481426624,M1,M3
8.19407808754514,0.18181818181818182,0.07097852798743465,0.05333901552144272,M1,M3
8.219897529473428,0.18181818181818182,0.06916152861186341,0.05264672083232456,M1,M3
8.245716971401716,0.18181818181818182,0.06738058185788703,0.05196690605968174,M1,M3
8.271536413330004,0.18181818181818182,0.06563529155303757,0.051299293761110754,M1,M3
8.297355855258292,0.18181818181818182,0.06392525654787781,0.05064361354283387,M1,M3
8.32317529718658,0.18181818181818182,0.06225007103390956,0.049999601868604165,M1,M3
8.348994739114868,0.18181818181818182,0.06060932485843349,0.04936700187362288,M1,M3
8.374814181043156,0.18181818181818182,0.05900260383613709,0.04874556318337382,M1,M3
8.400633622971444,0.18181818181818182,0.05742949005719622,0.04813504173727681,M1,M3
8.426453064899732,0.18181818181818182,0.05588956219168313,0.0475351996170625,M1,M3
8.45227250682802,0.18181818181818182,0.05438239579008319,0.046945804879768314,M1,M3
8.478091948756308,0.18181818181818182,0.05290756357972923,0.04636663139525538,M1,M3
8.503911390684596,0.18181818181818182,0.051464635756972445,0.045797458688146345,M1,M3
8.529730832612884,0.18181818181818182,0.0500531802749174,0.04523807178408297,M1,M3
8.555550274541172,0.18181818181818182,0.04867276312655453,0.04468826106020397,M1,M3
8.58136971646946,0.18181818181818182,0.047322948623136456,0.04414782209974236,M1,M3
8.607189158397748,0.18181818181818182,0.04600329966764869,0.0436165555506439,M1,M3
8.633008600326036,0.18181818181818182,0.044713378023237126,0.043094266988107616,M1,M3
8.658828042254324,0.18181818181818182,0.04345274457646093,0.04258076678095177,M1,M3
8.684647484182612,0.18181818181818182,0.04222095959524966,0.042075869961707694,M1,M3
8.7104669261109,0.18181818181818182,0.04101758298145097,0.04157939610034802,M1,M3
8.736286368039188,0.09090909090909091,0.039842174517863996,0.04109116918155411,M1,M3
8.762105809967476,0.09090909090909091,0.038694294109661784,0.04061101748543126,M1,M3
8.787925251895764,0.09090909090909091,0.037573502020114634,0.040138773471580576,M1,M3
8.813744693824052,0.09090909090909091,0.036479359100534514,0.03967427366643819,M1,M3
8.83956413575234,0.09090909090909091,0.03541142701436817,0.03921735855379427,M1,M3
8.865383577680628,0.09090909090909091,0.03436926845537557,0.03876787246840585,M1,M3
8.891203019608916,0.09090909090909091,0.0333524473598377,0.038325663492619226,M1,M3
8.917022461537204,0.09090909090909091,0.03236052911274524,0.037890583355919265,M1,M3
8.942841903465492,0.09090909090909091,0.031393080747928424,0.03746248733732496,M1,M3
8.96866134539378,0.09090909090909091,0.03044967114209426,0.03704123417055214,M1,M3
8.994480787322068,0.09090909090909091,0.029529871202746746,0.036626685951866036,M1,M3
9.020300229250356,0.09090909090909091,0.0286332540499708,0.036218708050548165,M1,M3
9.046119671178644,0.09090909090909091,0.027759395192069634,0.03581716902190422,M1,M3
9.071939113106932,0.09090909090909091,0.026907872695051,0.035421940522740225,M1,M3
9.09775855503522,0.09090909090909091,0.026078267345964957,0.03503289722923763,M1,M3
9.123577996963508,0.09090909090909091,0.025270162810102383,0.034649916757158124,M1,M3
9.149397438891796,0.09090909090909091,0.024483145782069834,0.03427287958431206,M1,M3
9.175216880820084,0.09090909090909091,0.02371680613076267,0.033901668975224945,M1,M3
9.201036322748372,0.0,0.022970737038264046,0.033536170907939235,M1,M3
9.22685576467666,0.0,0.022244535132703882,0.03317627400288891,M1,M3
9.252675206604948,0.0,0.02153780061511681,0.032821869453787816,M1,M3
9.278494648533236,0.0,0.020850137380344316,0.03247285096047243,M1,M3
9.304314090461524,0.0,0.020181153132030658,0.03212911466364291,M1,M3
9.330133532389812,0.0,0.019530459491768206,0.03179055908144645,M1,M3
9.3559529743181,0.0,0.018897672102451808,0.03145708504784988,M1,M3
9.381772416246388,0.0,0.01828241072590708,0.031128595652748704,M1,M3
9.407591858174676,0.0,0.017684299334861302,0.030804996183761944,M1,M3
9.433411300102964,0.0,0.017102966199330525,0.030486194069663533,M1,M3
9.459230742031252,0.0,0.016538043967500023,0.030172098825402095,M1,M3
9.48505018395954,0.0,0.015989169741179112,0.02986262199866259,M1,M3
9.510869625887828,0.0,0.015455985145915067,0.029557677117924508,M1,M3
9.536689067816116,0.0,0.014938136395854097,0.0292571796419727,M1,M3
9.562508509744404,0.0,0.014435274353440893,0.028961046910818234,M1,M3
9.588327951672692,0.0,0.013947054584050501,0.02866919809798747,M1,M3
9.61414739360098,0.0,0.013473137405649939,0.028381554164139716,M1,M3
9.639966835529268,0.0,0.013013187933588726,0.02809803781197377,M1,M3
9.665786277457556,0.0,0.012566876120620537,0.02781857344238589,M1,M3
9.691605719385844,0.0,0.012133876792259841,0.027543087111842262,M1,M3
9.717425161314132,0.0,0.011713869677579767,0.02727150649093017,M1,M3
9.74324460324242,0.0,0.011306539435558741,0.02700376082405345,M1,M3
9.769064045170708,0.0,0.010911575677085677,0.026739780890238315,M1,M3
9.794883487098996,0.0,0.010528672982734305,0.026479498965017376,M1,M3
9.820702929027284,0.0,0.010157530916418776,0.026222848783359724,M1,M3
9.846522370955572,0.0,0.009797854035043635,0.025969765503616894,M1,M3
9.87234181288386,0.0,0.009449351894262176,0.025720185672454484,M1,M3
9.898161254812148,0.0,0.009111739050457883,0.025474047190741037,M1,M3
9.923980696740436,0.0,0.008784735059064002,0.025231289280365693,M1,M3
9.949800138668724,0.0,0.008468064469337087,0.024991852451957966,M1,M3
9.975619580597012,0.0,0.008161456815700215,0.02475567847348291,M1,M3
10.0014390225253,0.0,0.007864646605771665,0.0245227103396863,M1,M3
10.027258464453588,0.0,0.007577373305194972,0.024292892242365152,M1,M3
10.053077906381876,0.0,0.007299381319385911,0.024066169541439322,M1,M3
10.078897348310164,0.0,0.007030419972311535,0.02384248873680125,M1,M3
10.104716790238452,0.0,0.006770243482416068,0.02362179744092086,M1,M3
10.13053623216674,0.0,0.006518610935807623,0.023404044352184038,M1,M3
10.156355674095028,0.0,0.006275286256819182,0.023189179228943323,M1,M3
10.182175116023316,0.0,0.006040038176056219,0.022977152864260178,M1,M3
10.207994557951604,0.0,0.00581264019604248,0.022767917061318994,M1,M3
10.233813999879892,0.0,0.005592870554574274,0.02256142460949336,M1,M3
10.25963344180818,0.0,0.005380512185892509,0.0223576292610458,M1,M3
10.285452883736468,0.0,0.005175352679780409,0.02215648570844301,M1,M3
10.311272325664756,0.0,0.004977184238693284,0.021957949562268517,M1,M3
10.337091767593044,0.0,0.004785803633025615,0.0217619773297161,M1,M3
10.362911209521332,0.0,0.004601012154618819,0.021568526393647015,M1,M3
10.38873065144962,0.0,0.00442261556861161,0.02137755499219508,M1,M3
10.414550093377908,0.0,0.004250424063733079,0.021189022198904017,M1,M3
10.440369535306196,0.0,0.004084252201137007,0.021002887903381885,M1,M3
10.466188977234484,0.0,0.00392391886187383,0.020819112792457833,M1,M3
10.492008419162772,0.0,0.0037692471930950407,0.020637658331827086,M1,M3
10.51782786109106,0.0,0.00362006455308273,0.02045848674817022,M1,M3
10.543647303019348,0.0,0.00347620245519499,0.020281561011733396,M1,M3
10.569466744947636,0.0,0.0033374965108159092,0.020106844819356543,M1,M3
